updated;title;origin;type
20.05.2026;Adam Richman sööb nagu jalkafänn;UK;INFO
20.05.2026;Al Pacino - staar vastu tahtmist;EU;CULTURE
20.05.2026;Alo elu;EST;CULTURE
20.05.2026;Alo laulud;EST;MUSIC
20.05.2026;Apelsin ei asenda armastust;COPRO;LIFE
20.05.2026;Argentina, äärmuste maa;EU;INFO
20.05.2026;Armastuse olemus;COPRO;FILM
20.05.2026;Attenborough ja imelised laulud;UK;LIFE
20.05.2026;Attenborough ja sipelgate kuningriik;COPRO;LIFE
20.05.2026;aug.91;EST;FILM
20.05.2026;Austusavaldus Tema Majesteedile kuningannale;UK;INFO
20.05.2026;Con amore;EST;CULTURE
20.05.2026;Das Boot. Ühe allveelaeva lugu;EU;FILM
20.05.2026;David Attenborough' värvide maailm;COPRO;INFO
20.05.2026;David Garrett: Alive;EU;MUSIC
20.05.2026;31. jaoskond;USACAN;SERIES
20.05.2026;Majakas-23;USACAN;SERIES
20.05.2026;Must orb. Kajad;USACAN;SERIES
20.05.2026;Müür;USACAN;SERIES
20.05.2026;Victor Lessard;USACAN;SERIES
20.05.2026;Trumpi tagasitulek;USACAN;NEWS
20.05.2026;Elu allpool nulli;USACAN;LIFE
20.05.2026;Kallis kolmeteistaastane;USACAN;LIFE
20.05.2026;Eva Longoria: Mehhikot avastades;USACAN;INFO
20.05.2026;Lõhki rebitud. Iisraeli-Palestiina plakatisõda;USACAN;INFO
20.05.2026;Süüria pärast Assadi;USACAN;INFO
20.05.2026;Tulevik ülaltvaates;USACAN;INFO
20.05.2026;Veto: Maailmarahu suurim hädaoht;USACAN;INFO
20.05.2026;Huvitavad jänesed;USACAN;INFO
20.05.2026;Jääkaru;USACAN;INFO
20.05.2026;Valik 2024;USACAN;INFO
20.05.2026;Õnnis pühadeaeg: jõulud kino- ja teleekraanil;USACAN;INFO
20.05.2026;Elluastuja;USACAN;FILM
20.05.2026;Madam Clicquot;USACAN;FILM
20.05.2026;Preeriakodu kaaslane;USACAN;FILM
20.05.2026;Vaat' kes räägib;USACAN;FILM
20.05.2026;Ämblikmees 2;USACAN;FILM
20.05.2026;Armastusest joobunud;USACAN;FILM
20.05.2026;BlackBerry;USACAN;FILM
20.05.2026;Capone;USACAN;FILM
20.05.2026;Marie Antoinette;USACAN;FILM
20.05.2026;Vastasseis;USACAN;FILM
20.05.2026;Eesmärk: leida rõõmu raskel ajal;USACAN;CULTURE
20.05.2026;Kim Novak. Vertiigo;USACAN;CULTURE
20.05.2026;Ma olen Heath Ledger;USACAN;CULTURE
20.05.2026;Taylor;USACAN;CULTURE
20.05.2026;Banksy. Lindprii kunsti tõus;UK;CULTURE
20.05.2026;Dinosaurus;UK;SERIES
20.05.2026;Simon Reeve'iga Skandinaavias;UK;ENTER
20.05.2026;Surm paradiisis. Jõulu-eri;UK;SERIES
20.05.2026;Ellis;UK;SERIES
20.05.2026;Harry Palmer. Ipcressi toimik;UK;SERIES
20.05.2026;Kokkutulek;UK;SERIES
20.05.2026;Ludwig;UK;SERIES
20.05.2026;Palgamõrvar;UK;SERIES
20.05.2026;Räpane neljas võim;UK;SERIES
20.05.2026;Sherlock;UK;SERIES
20.05.2026;Süütu;UK;SERIES
20.05.2026;Vaikimiskoodeks;UK;SERIES
20.05.2026;Annika;UK;SERIES
20.05.2026;Auschwitzi tätoveerija;UK;SERIES
20.05.2026;Dalgliesh;UK;SERIES
20.05.2026;Elu;UK;SERIES
20.05.2026;Elukaaslased;UK;SERIES
20.05.2026;Grace;UK;SERIES
20.05.2026;Grantchester;UK;SERIES
20.05.2026;Jah, härra peaminister;UK;SERIES
20.05.2026;Kahtlusalune;UK;SERIES
20.05.2026;Kuld;UK;SERIES
20.05.2026;Kuniks ma luban sul elada;UK;SERIES
20.05.2026;Kättemaks;UK;SERIES
20.05.2026;Maailm leekides;UK;SERIES
20.05.2026;Midsomeri mõrvad;UK;SERIES
20.05.2026;Nolly;UK;SERIES
20.05.2026;Paradiis;UK;SERIES
20.05.2026;Pikk vari;UK;SERIES
20.05.2026;Ridley;UK;SERIES
20.05.2026;Salaopakad;UK;SERIES
20.05.2026;Sherwood;UK;SERIES
20.05.2026;Surm paradiisis;UK;SERIES
20.05.2026;Suured loomad, väiksed loomad;UK;SERIES
20.05.2026;Südameasi;UK;SERIES
20.05.2026;Unustamatu;UK;SERIES
20.05.2026;Vera;UK;SERIES
20.05.2026;Charles R. Teel troonile;UK;NEWS
20.05.2026;Venemaa. Reeturid ja kangelased;UK;NEWS
20.05.2026;Blur. Parklive;UK;MUSIC
20.05.2026;Glastonbury 2024;UK;MUSIC
20.05.2026;Oasis Wembleyl;UK;MUSIC
20.05.2026;Õhtu Elton Johni ja Brandi Carlile'iga;UK;MUSIC
20.05.2026;Led Zeppelini kujunemine;UK;LIFE
20.05.2026;Miljoni dollari einelaud;UK;LIFE
20.05.2026;Hämmastavad hotellid;UK;LIFE
20.05.2026;Jõulud Inglismaa aadlimõisates;UK;LIFE
20.05.2026;Maailma kauneimad raudteed;UK;LIFE
20.05.2026;Maalilised Briti raudteed;UK;LIFE
20.05.2026;Maalilised Briti raudteed jõuluajal;UK;LIFE
20.05.2026;Rick Steini salajane Prantsusmaa;UK;LIFE
20.05.2026;Stanley Tucci avastamas Itaaliat;UK;LIFE
20.05.2026;Tippvormi koos Tom Kerridge'iga;UK;LIFE
20.05.2026;Tom Kerridge'i jõululaud;UK;LIFE
20.05.2026;Tom Kerridge'i pühapäevalõuna;UK;LIFE
20.05.2026;Bettany Hughesi suur reisituur: Pariisist Rooma;UK;INFO
20.05.2026;Joanna Lumley Siiditee seiklus;UK;INFO
20.05.2026;Jäine planeet II;UK;INFO
20.05.2026;Mary Beardiga Rooma keisrite jälgedel;UK;INFO
20.05.2026;Planeet Maa III;UK;INFO
20.05.2026;PlayStationi lugu;UK;INFO
20.05.2026;Simon Reeve'iga Cumbrias;UK;INFO
20.05.2026;Primaatide olelusvõitlus;UK;INFO
20.05.2026;Renessanss: veri ja ilu;UK;INFO
20.05.2026;Sulle tehti tüng!;UK;INFO
20.05.2026;Tehisaru ja töö;UK;INFO
20.05.2026;Twitter: linnukese hukk;UK;INFO
20.05.2026;Tšornobõli katastroof;UK;INFO
20.05.2026;Vanaaja seitse maailmaimet;UK;INFO
20.05.2026;Zuckerberg: Metaversumi kuningas;UK;INFO
20.05.2026;Arktika relvastamine;UK;INFO
20.05.2026;Juurdlust toimetab Lucy Worsley;UK;INFO
20.05.2026;Kutsikate ja kassipoegade imeline maailm;UK;INFO
20.05.2026;Maailm linnulennult;UK;INFO
20.05.2026;Moodsa aja geniaalsed alustalad;UK;INFO
20.05.2026;Muutusekliima;UK;INFO
20.05.2026;President juhuse tahtel;UK;INFO
20.05.2026;Raymond Blanci lihtsad toidud;UK;INFO
20.05.2026;Seitse päeva Marsil;UK;INFO
20.05.2026;Sherlocki tapmine;UK;INFO
20.05.2026;Spioonid looduses;UK;INFO
20.05.2026;Kuidas loomad üksteisega räägivad;UK;FILM
20.05.2026;Viimane buss;UK;FILM
20.05.2026;Wimbledon;UK;FILM
20.05.2026;Billy Elliot;UK;FILM
20.05.2026;Shetland;UK;FILM
20.05.2026;Valgusvihus;UK;FILM
20.05.2026;Kutsikapõli;UK;ENTER
20.05.2026;Madonna teekond;UK;CULTURE
20.05.2026;ABBA. Vastu kõiki ootusi;UK;CULTURE
20.05.2026;Bono. Päästjat oodates;UK;CULTURE
20.05.2026;Elizabeth Taylor. Mässajast superstaar;UK;CULTURE
20.05.2026;George Michael. Kunstniku portree;UK;CULTURE
20.05.2026;Harry Styles. Viimne lihv;UK;CULTURE
20.05.2026;Kirjanike radadel Richard E. Grantiga;UK;CULTURE
20.05.2026;Kordumatu Keanu Reeves;UK;CULTURE
20.05.2026;Paljunäoline Jim Carrey;UK;CULTURE
20.05.2026;Rolling Stones. Rokikuningad;UK;CULTURE
20.05.2026;Shakespeare. Geeniuse kujunemine;UK;CULTURE
20.05.2026;Tom Hanks. Nomaad;UK;CULTURE
20.05.2026;Aasta planeedil Maa;UK;INFO
20.05.2026;Alexander Armstrong Sri Lankal;UK;INFO
20.05.2026;Archie;UK;SERIES
20.05.2026;Cannes. Lõikamata;UK;CULTURE
20.05.2026;Jalgpalli Rahvuste liiga finaal;REST;SPORT
20.05.2026;Kergejõustiku MM Tokyos;REST;SPORT
20.05.2026;Jalgpalli MM valikmängud;REST;SPORT
20.05.2026;Armastan sind igavesti;REST;SERIES
20.05.2026;Issi on näärivana;REST;SERIES
20.05.2026;Kui kardad, naerata;REST;SERIES
20.05.2026;Külamehe luiskelood;REST;SERIES
20.05.2026;Major Skovoroda;REST;SERIES
20.05.2026;Pagana pann;REST;SERIES
20.05.2026;Tabuun;REST;SERIES
20.05.2026;Veronika;REST;SERIES
20.05.2026;Zoja;REST;SERIES
20.05.2026;100 000 minutit ninapidi koos;REST;SERIES
20.05.2026;18-aastane oligarh;REST;SERIES
20.05.2026;Aastavahetuse patrull;REST;SERIES
20.05.2026;Aastavahetuse segadik;REST;SERIES
20.05.2026;Doktor Nadežda;REST;SERIES
20.05.2026;Eelarvamuslik suhtumine;REST;SERIES
20.05.2026;Ema valik;REST;SERIES
20.05.2026;Esimesed pääsukesed;REST;SERIES
20.05.2026;Giovannid;REST;SERIES
20.05.2026;Hiirelõks kassile;REST;SERIES
20.05.2026;Hundiseadus;REST;SERIES
20.05.2026;Jälg;REST;SERIES
20.05.2026;Kadunud pruut;REST;SERIES
20.05.2026;Kasakad. Läbi ja lõhki väljamõeldud lugu;REST;SERIES
20.05.2026;Kiirabi;REST;SERIES
20.05.2026;Kõik saab korda;REST;SERIES
20.05.2026;Papi;REST;SERIES
20.05.2026;Päästa ema;REST;SERIES
20.05.2026;Riigiametnik;REST;SERIES
20.05.2026;Saatuse kiuste;REST;SERIES
20.05.2026;Soovide nimekiri;REST;SERIES
20.05.2026;Stepilõvi Celaleddin;REST;SERIES
20.05.2026;Taevatrepp;REST;SERIES
20.05.2026;Topeltpanused;REST;SERIES
20.05.2026;Vanusevahe;REST;SERIES
20.05.2026;Viimane kiri kallimalt;REST;SERIES
20.05.2026;Õiglus;REST;SERIES
20.05.2026;Õnnemajake;REST;SERIES
20.05.2026;Öökull;REST;SERIES
20.05.2026;Ükskord Odessas;REST;SERIES
20.05.2026;Ükskord laupäeval;REST;SERIES
20.05.2026;Iraan Iisraeli vastu: vägikaikavedu;REST;NEWS
20.05.2026;Vastupidavus;REST;NEWS
20.05.2026;INXS - Live Baby Live;REST;MUSIC
20.05.2026;Simply Red Montreux' džässifestivalil;REST;MUSIC
20.05.2026;Taadi hällilaul;REST;LIFE
20.05.2026;Elujanu;REST;LIFE
20.05.2026;Jurõk;REST;LIFE
20.05.2026;Veipimissõltlased;REST;LIFE
20.05.2026;Aafrika suurliigid;REST;INFO
20.05.2026;Avalik kunst. John Kaldori projektid;REST;INFO
20.05.2026;Kaubanduskaos;REST;INFO
20.05.2026;Aasia linnulennult;REST;INFO
20.05.2026;Kull ja kiri. Maailmaimed;REST;INFO
20.05.2026;Kõik saavad lüpsta;REST;INFO
20.05.2026;Maailma parim lennujaam;REST;INFO
20.05.2026;Naisspioonid II maailmasõjas;REST;INFO
20.05.2026;Pöörane aasta;REST;INFO
20.05.2026;Pöörane aasta Aafrikas;REST;INFO
20.05.2026;Sõnum Sašalt;REST;INFO
20.05.2026;Tagurpidi maailm. Indoneesia;REST;INFO
20.05.2026;Taylor Swifti Ameerika;REST;INFO
20.05.2026;Alissa Imedemaal;REST;FILM
20.05.2026;Hiilgus;REST;FILM
20.05.2026;Kuldsed hääled;REST;FILM
20.05.2026;Taas kord June;REST;FILM
20.05.2026;Võõras palve;REST;FILM
20.05.2026;Peakoka auroog;REST;ENTER
20.05.2026;Eurovisiooni lauluvõistlus 2025;REST;ENTER
20.05.2026;Eurovisiooni lauluvõistlus 2025 (viipekeelse tõlkega);REST;ENTER
20.05.2026;Mirai tulevikust;REST;ANIMA
20.05.2026;Retromultikad;REST;ANIMA
20.05.2026;D'Artagnan ja kolm musketäri;REST;SERIES
20.05.2026;Räpane sport - laskesuusatamise skandaal;NORDICS;INFO
20.05.2026;Orienteerumisjooksu MM Soomes;NORDICS;SPORT
20.05.2026;Harald ja Sonja;NORDICS;SERIES
20.05.2026;Imede piiril;NORDICS;SERIES
20.05.2026;Konflikt;NORDICS;SERIES
20.05.2026;Kõik patud;NORDICS;SERIES
20.05.2026;Mädaõunad;NORDICS;SERIES
20.05.2026;Stenbeck;NORDICS;SERIES
20.05.2026;Järelkuma;NORDICS;SERIES
20.05.2026;Nordland '99;NORDICS;SERIES
20.05.2026;Pulss;NORDICS;SERIES
20.05.2026;Pühapäevalõuna;NORDICS;SERIES
20.05.2026;Queen of F*cking Everything;NORDICS;SERIES
20.05.2026;Rannahotell;NORDICS;SERIES
20.05.2026;Solsidan;NORDICS;SERIES
20.05.2026;Uued õed;NORDICS;SERIES
20.05.2026;Hollywoodi gala;NORDICS;MUSIC
20.05.2026;Hotell Babylon;NORDICS;MUSIC
20.05.2026;Maailma kaugeim restoran;NORDICS;LIFE
20.05.2026;Külm;NORDICS;LIFE
20.05.2026;Noored maailmamuutjad;NORDICS;LIFE
20.05.2026;Tütar raudse eesriide tagant;NORDICS;LIFE
20.05.2026;Oski;NORDICS;LIFE
20.05.2026;Kanada Trumpi vastu;NORDICS;INFO
20.05.2026;Ühe järve lugu;NORDICS;INFO
20.05.2026;Krüptovale;NORDICS;INFO
20.05.2026;Putini varjatud sõda;NORDICS;INFO
20.05.2026;Põgenedes Putini mürgi eest;NORDICS;INFO
20.05.2026;Taanimaa imeline taltsutamata loodus;NORDICS;INFO
20.05.2026;Venemaa petuskeem;NORDICS;INFO
20.05.2026;Šokolaadisõda;NORDICS;INFO
20.05.2026;Jumalik ettehoole;NORDICS;FILM
20.05.2026;Kodu;NORDICS;FILM
20.05.2026;Kuni päikesetõusuni;NORDICS;FILM
20.05.2026;Noored ja ilusad;NORDICS;FILM
20.05.2026;Amundsen;NORDICS;FILM
20.05.2026;Arktika;NORDICS;FILM
20.05.2026;Armastan sind, kuni...;NORDICS;FILM
20.05.2026;Elu maitse;NORDICS;FILM
20.05.2026;Jõuluks koju;NORDICS;FILM
20.05.2026;Meie mees Ameerikas;NORDICS;FILM
20.05.2026;Superkoomik;NORDICS;FILM
20.05.2026;Suudlus;NORDICS;FILM
20.05.2026;Süvamaa;NORDICS;FILM
20.05.2026;Tordidünastia;NORDICS;FILM
20.05.2026;Täiuslikud jõulud;NORDICS;FILM
20.05.2026;Liv Ullmann: vähem tallatud rada;NORDICS;CULTURE
20.05.2026;Pipi Pikksukk;NORDICS;ANIMA
20.05.2026;Eelmäng;EU;LIFE
20.05.2026;Kena nägu;EU;SERIES
20.05.2026;Korvpalli valikmängud;EU;SPORT
20.05.2026;Nõusolek;EU;FILM
20.05.2026;Pilet;EU;INFO
20.05.2026;Suvi Provence'is;EU;FILM
20.05.2026;"Biatlonifestival ""Loop One"" Münchenis. Finaalid";EU;SPORT
20.05.2026;Iluuisutamise MM Prahas;EU;SPORT
20.05.2026;Paralümpiamängud 2026;EU;SPORT
20.05.2026;Simple Session 25. sünnipäev – BMX tipphetked;EU;SPORT
20.05.2026;Simple Session 25. sünnipäev – Rulasõidu tipphetked;EU;SPORT
20.05.2026;Sisekergejõustiku MM Torunis;EU;SPORT
20.05.2026;Laskesuusatamise MK etapid;EU;SPORT
20.05.2026;Kadumiste kolmnurk;EU;SERIES
20.05.2026;Mõrvad põhjas;EU;SERIES
20.05.2026;Ristisõda;EU;SERIES
20.05.2026;See ei ole mõrvamüsteerium;EU;SERIES
20.05.2026;Unistuste maja;EU;SERIES
20.05.2026;Artur ja Nelli;EU;SERIES
20.05.2026;Bardot;EU;SERIES
20.05.2026;Betty diagnoosid;EU;SERIES
20.05.2026;Erinnüsed;EU;SERIES
20.05.2026;Jaht Monteperdidos;EU;SERIES
20.05.2026;Kalamaja blues;EU;SERIES
20.05.2026;Kes tappis Otto Mülleri?;EU;SERIES
20.05.2026;La Promesa;EU;SERIES
20.05.2026;Lahutus Läti moodi;EU;SERIES
20.05.2026;Nicolas le Floch;EU;SERIES
20.05.2026;Parlament;EU;SERIES
20.05.2026;Päästa mind;EU;SERIES
20.05.2026;Südamed;EU;SERIES
20.05.2026;Viis minutit veel;EU;SERIES
20.05.2026;Iraan, Iisrael ja tuumapomm;EU;NEWS
20.05.2026;Saaremaa valss;EU;MUSIC
20.05.2026;Bryan Adams Royal Albert Hallis;EU;MUSIC
20.05.2026;Pretty Yende ja Nadine Sierra;EU;MUSIC
20.05.2026;Ameerika pastoraal;EU;LIFE
20.05.2026;Dieppe'i näkid;EU;LIFE
20.05.2026;Jonas Deichmann - piire ületades;EU;LIFE
20.05.2026;Kes me olime;EU;LIFE
20.05.2026;Kodukoht;EU;LIFE
20.05.2026;Kõik on hästi;EU;LIFE
20.05.2026;Naine;EU;LIFE
20.05.2026;Savi lapsed;EU;LIFE
20.05.2026;Sõda Ukraina kultuuripärandiga;EU;LIFE
20.05.2026;Tulevased tšempionid. Kuulsuse hind;EU;LIFE
20.05.2026;Aita mul seda ise teha. Montessori meetod;EU;LIFE
20.05.2026;Avastamata Aasia;EU;LIFE
20.05.2026;Charles III, uus kuningas;EU;LIFE
20.05.2026;Ilvesmees;EU;LIFE
20.05.2026;Jääkütid;EU;LIFE
20.05.2026;Kliimakatastroof: surmav uputus;EU;LIFE
20.05.2026;Köielkõndija;EU;LIFE
20.05.2026;Lapsepõlv Gobi kõrbe liivaluidetes;EU;LIFE
20.05.2026;Melania;EU;LIFE
20.05.2026;Peresüstid;EU;LIFE
20.05.2026;Rinnahoidja lugu;EU;LIFE
20.05.2026;Daytoni pärand: habras rahu Bosnias;EU;INFO
20.05.2026;Giorgia Meloni kajakate klann;EU;INFO
20.05.2026;Kariibi mere aare;EU;INFO
20.05.2026;Lahkumine Tallinnast. 1941;EU;INFO
20.05.2026;Legendide maad;EU;INFO
20.05.2026;Meie metsad. Lagendikud;EU;INFO
20.05.2026;Namiibia loodusimed - väikesed kangelased, suured jahimehed;EU;INFO
20.05.2026;Oravaemand;EU;INFO
20.05.2026;Orbáni Ungari: Euroopa paremäärmuslaste taimelava;EU;INFO
20.05.2026;Pantanal. Viimane pelgupaik;EU;INFO
20.05.2026;Presidentide nutitelefonid;EU;INFO
20.05.2026;Päikese kuningriigid: poolused;EU;INFO
20.05.2026;Saladuslikud Püreneed;EU;INFO
20.05.2026;Tehisaru ja sina;EU;INFO
20.05.2026;Venemaa varisõda Aafrikas;EU;INFO
20.05.2026;Väinad maa ja mere vahel;EU;INFO
20.05.2026;Aegluubis maailm. Boliivia;EU;INFO
20.05.2026;Aegluubis maailm. Etioopia;EU;INFO
20.05.2026;Aegluubis maailm. Island;EU;INFO
20.05.2026;Aegluubis maailm. Jaapan;EU;INFO
20.05.2026;Aegluubis maailm. Jordaania;EU;INFO
20.05.2026;Aegluubis maailm. Liibanon;EU;INFO
20.05.2026;Aegluubis maailm. Madagaskar;EU;INFO
20.05.2026;Aegluubis maailm. Maroko;EU;INFO
20.05.2026;Aegluubis maailm. Myanmar;EU;INFO
20.05.2026;Aegluubis maailm. Namiibia;EU;INFO
20.05.2026;Aegluubis maailm. Peruu;EU;INFO
20.05.2026;Aegluubis maailm. Senegal;EU;INFO
20.05.2026;Aegluubis maailm. Sri Lanka;EU;INFO
20.05.2026;Aegluubis maailm. Uus-Meremaa;EU;INFO
20.05.2026;Vürtside võlumaailm;EU;INFO
20.05.2026;Öine mets;EU;INFO
20.05.2026;Aasia salajased elud ja peidetud paigad;EU;INFO
20.05.2026;Eiffeli torni kulisside taga;EU;INFO
20.05.2026;Foorum;EU;INFO
20.05.2026;Hämmastavad taimed;EU;INFO
20.05.2026;Kaameli nanokehad -pööre meditsiinis;EU;INFO
20.05.2026;Kaktusehotell;EU;INFO
20.05.2026;Karulood;EU;INFO
20.05.2026;Katmandu kung fu nunnad;EU;INFO
20.05.2026;Koobalt - elektriunistuse pahupool;EU;INFO
20.05.2026;Kuu - värav universumisse;EU;INFO
20.05.2026;Legendaarsed kangelased;EU;INFO
20.05.2026;Looduse maagilised hetked;EU;INFO
20.05.2026;Lootuse viiulid;EU;INFO
20.05.2026;Lucie müsteerium: spioonid natside juures;EU;INFO
20.05.2026;Maailma suurimad raudteejaamad;EU;INFO
20.05.2026;Maduro - hävinematu;EU;INFO
20.05.2026;Maiade tõus ja langus;EU;INFO
20.05.2026;Metsikud mesilased;EU;INFO
20.05.2026;Moldova - riik sõja lävel;EU;INFO
20.05.2026;Mäkrade salaelu;EU;INFO
20.05.2026;Okavango – unistuste jõgi;EU;INFO
20.05.2026;Operatiivmälu;EU;INFO
20.05.2026;"Operatsioon ""Marss Rooma""";EU;INFO
20.05.2026;Pariis, gastronoomia pealinn;EU;INFO
20.05.2026;Piibli saladused;EU;INFO
20.05.2026;Piison, preeria valitseja;EU;INFO
20.05.2026;Pikk nädalavahetus Rory O'Connelliga;EU;INFO
20.05.2026;Puumad - jäiste mägede legendid;EU;INFO
20.05.2026;Seente erakordne maailm;EU;INFO
20.05.2026;Soola paradoks – õnnistus või needus?;EU;INFO
20.05.2026;Taiwan - keelatud riik;EU;INFO
20.05.2026;Tuumajaamad sõjatsoonis. Uus hädaoht?;EU;INFO
20.05.2026;Uinuvad hiiglased: Euroopa rahutud vulkaanid;EU;INFO
20.05.2026;Vahemeri;EU;INFO
20.05.2026;Venemaa, Hiina, Iraan - impeeriumide revanš;EU;INFO
20.05.2026;Välisteenistus: Euroopa diplomaatia keskmes;EU;INFO
20.05.2026;Ökomajad;EU;INFO
20.05.2026;Üks päev;EU;INFO
20.05.2026;2 päeva New Yorgis;EU;FILM
20.05.2026;Apaatia;EU;FILM
20.05.2026;Elajas;EU;FILM
20.05.2026;Fantoom Scotland Yardi vastu;EU;FILM
20.05.2026;Häbematu tüdruk;EU;FILM
20.05.2026;Imehea;EU;FILM
20.05.2026;John Cranko;EU;FILM
20.05.2026;Kafka teine armastus;EU;FILM
20.05.2026;Kati – vabadus, mis jääb;EU;FILM
20.05.2026;Kuldne poiss Franz Klammer;EU;FILM
20.05.2026;Lõpmatu armastus;EU;FILM
20.05.2026;Maria Montessori;EU;FILM
20.05.2026;Mees Riost;EU;FILM
20.05.2026;Nulliklubi;EU;FILM
20.05.2026;O2;EU;FILM
20.05.2026;Palais royal!;EU;FILM
20.05.2026;Pimeala;EU;FILM
20.05.2026;Saint-Exupéry;EU;FILM
20.05.2026;Saint-Tropez' sandarm;EU;FILM
20.05.2026;Sandarm ja sandarmipreilid;EU;FILM
20.05.2026;Sandarm ja tulnukad;EU;FILM
20.05.2026;Sandarm jääb pensionile;EU;FILM
20.05.2026;Sandarm võtab naise;EU;FILM
20.05.2026;Selgitus kõigele;EU;FILM
20.05.2026;Uljas hing;EU;FILM
20.05.2026;Väljaspool hooaega;EU;FILM
20.05.2026;Daaaaaalí!;EU;FILM
20.05.2026;Hingede torm;EU;FILM
20.05.2026;Igavesti noored;EU;FILM
20.05.2026;Imede raamat;EU;FILM
20.05.2026;Isad;EU;FILM
20.05.2026;Kohtumine Roomas;EU;FILM
20.05.2026;Korsaaž;EU;FILM
20.05.2026;Kui ta vaid teaks;EU;FILM
20.05.2026;Lähestikku;EU;FILM
20.05.2026;Magusad tärnid;EU;FILM
20.05.2026;Nostalgia;EU;FILM
20.05.2026;Nädalavahetuse mässajad;EU;FILM
20.05.2026;Nähtamatu võitlus;EU;FILM
20.05.2026;Parfüümid;EU;FILM
20.05.2026;Putain;EU;FILM
20.05.2026;Tagasi jääle;EU;FILM
20.05.2026;Täiuslikud võõrad;EU;FILM
20.05.2026;Uju või upu;EU;FILM
20.05.2026;Vallalisuse võlud;EU;FILM
20.05.2026;Vehkleja;EU;FILM
20.05.2026;Bruce Willis. Muserdatud kangelane;EU;CULTURE
20.05.2026;Daniel Brühl;EU;CULTURE
20.05.2026;Eesriide taga. Vermeeri saladus;EU;CULTURE
20.05.2026;Glenn Close. Ümberkehastumise kunst;EU;CULTURE
20.05.2026;Joaquin Phoenix, tundekunst;EU;CULTURE
20.05.2026;Natalie Portman, luik, mässaja, ikoon;EU;CULTURE
20.05.2026;Ramses II: vaarao saladused;EU;CULTURE
20.05.2026;Ryan Gosling. Täies hiilguses;EU;CULTURE
20.05.2026;Uma Thurman, Hollywoodi vaikne sõdalane;EU;CULTURE
20.05.2026;Unesco maailma kultuuripärand Tallinn;EU;CULTURE
20.05.2026;AC/DC. Igavesti noor;EU;CULTURE
20.05.2026;Ajalugu viie minutiga;EU;CULTURE
20.05.2026;Igavesti noor Bruce Lee;EU;CULTURE
20.05.2026;Ikoonide maailm;EU;CULTURE
20.05.2026;Lang Lang. Lemmikmeloodiad;EU;CULTURE
20.05.2026;Michael Caine. Tee Hollywoodi;EU;CULTURE
20.05.2026;Notre Dame'i uuestisünd;EU;CULTURE
20.05.2026;Parandamatu Belmondo;EU;CULTURE
20.05.2026;Patti Smith;EU;CULTURE
20.05.2026;Päike - taevane põrgu;EU;CULTURE
20.05.2026;Suveöö unistus;EU;CULTURE
20.05.2026;Vendade Grimmide muinasjutumets;EU;CULTURE
20.05.2026;Väike prints. Tähe sünd;EU;ANIMA
20.05.2026;...nii lendab aeg!;EST;CULTURE
20.05.2026;Ann Vaida stand-up. Aasta kokkuvõte;EST;ENTER
20.05.2026;Cyrillus Kreek. Kuus vaimulikku rahvalaulu;EST;MUSIC
20.05.2026;Diktorid. Endel Sõerde;EST;CULTURE
20.05.2026;ETV 60;EST;CULTURE
20.05.2026;ETV jõulukaardid 2025;EST;ENTER
20.05.2026;EV108;EST;INFOTAINMENT
20.05.2026;EV108 (viipekeelse tõlkega);EST;INFOTAINMENT
20.05.2026;Eesti Laul 2026;EST;ENTER
20.05.2026;Eesti Laul 2026. Etteasted ja muusikavideod;EST;ENTER
20.05.2026;Eesti Laulu teki all;EST;ENTER
20.05.2026;Eesti Vabariigi presidendi vastuvõtt Kadrioru lossi roosiaias 2024;EST;LIFE
20.05.2026;Eesti Vabariigi presidendi vastuvõtt Roosiaias 2025;EST;LIFE
20.05.2026;Eesti arhitektide põlvkonnad;EST;EDU
20.05.2026;Ekspert eetris;EST;EDU
20.05.2026;Eurovisiooni laulud;EST;ENTER
20.05.2026;Filmikunst 100. Viimasest seansist esimeseni;EST;CULTURE
20.05.2026;Flautissimo;EST;EDU
20.05.2026;Ideest aplausini. Tallinna Linnateater 50;EST;CULTURE
20.05.2026;Ideest oopuseni;EST;MUSIC
20.05.2026;Igavene tuli. Arne Oidi laululooming;EST;MUSIC
20.05.2026;Ilmamuutus;EST;LIFE
20.05.2026;Ilmapilk;EST;INFO
20.05.2026;Ilon Wikland;EST;INFO
20.05.2026;Iluuisutamise juunioride MM Tallinnas;EST;SPORT
20.05.2026;Jaanipäev Setumaal;EST;MUSIC
20.05.2026;Jacques Breli laulud;EST;MUSIC
20.05.2026;Kadunud poeg;EST;MUSIC
20.05.2026;Kahjuks ei osutunud te sellel korral valituks;EST;INFO
20.05.2026;Karge meri;EST;FILM
20.05.2026;Karjapoiss on kuningas;EST;FILM
20.05.2026;Katuselappija;EST;CULTURE
20.05.2026;Kirjandusfestival HeadRead;EST;CULTURE
20.05.2026;Kolm kaunitari. Nunnatorn, Saunatorn, Kuldjala torn;EST;INFO
20.05.2026;Kratt. Eduard Tubina ballett;EST;MUSIC
20.05.2026;Kultuurkapitali aastapreemiate gala 2025;EST;CULTURE
20.05.2026;Külaline;EST;FILM
20.05.2026;Laulvad teletähed;EST;MUSIC
20.05.2026;Lepo Sumera 50;EST;MUSIC
20.05.2026;Lia Laats omas mahlas;EST;CULTURE
20.05.2026;Maarja Magdaleena;EST;MUSIC
20.05.2026;Medeia;EST;MUSIC
20.05.2026;Meediahariduse konverents 2025: ekraanid ja hinged – elu digimaailmas;EST;EDU
20.05.2026;Meeste jutud;EST;LIFE
20.05.2026;Meestemaailm;EST;LIFE
20.05.2026;Meie Mats;EST;ENTER
20.05.2026;Metafüüsiline luul. Madis Kõiv;EST;CULTURE
20.05.2026;Metsluiged;EST;FILM
20.05.2026;Moderntants - mis see on?;EST;CULTURE
20.05.2026;Moderntants. Toolimäng. Püha kevad. Exit;EST;CULTURE
20.05.2026;Muumimuinasjutt;EST;FILM
20.05.2026;Naiste jutud;EST;CULTURE
20.05.2026;Nukumäng;EST;EDU
20.05.2026;Ole mu palve. Siiri Sisask;EST;MUSIC
20.05.2026;Ooperijazz;EST;MUSIC
20.05.2026;Pedajase ruum;EST;CULTURE
20.05.2026;Peeter Simm Ameerika mägedel;EST;CULTURE
20.05.2026;Pipi ball;EST;FILM
20.05.2026;Pooltund Lilian Semperiga;EST;CULTURE
20.05.2026;Praegustele ja endistele lastele;EST;MUSIC
20.05.2026;Prisma ja Coopi pressikonverents;EST;NEWS
20.05.2026;Pädaste;EST;FILM
20.05.2026;Pähklipureja juubelikontsert;EST;MUSIC
20.05.2026;Pühapäev on enda jaoks;EST;FILM
20.05.2026;Savisaar;EST;FILM
20.05.2026;Suveöö unenägu;EST;FILM
20.05.2026;Suvi on lõppenud. Hando Runnel;EST;CULTURE
20.05.2026;Sülita näkku;EST;LIFE
20.05.2026;Tantsu sünd;EST;MUSIC
20.05.2026;Tee-Vee õhtu Rein Karemäega;EST;CULTURE
20.05.2026;Telesaate sünd;EST;EDU
20.05.2026;Ultima Thule Linnahallis;EST;MUSIC
20.05.2026;Urmas Sisask Jõuluoratoorium;EST;MUSIC
20.05.2026;Valimisstuudio (viipekeeles);EST;INFO
20.05.2026;Vampiiride tants;EST;MUSIC
20.05.2026;Vana masti all;EST;ENTER
20.05.2026;Vanaemalaulud;EST;CULTURE
20.05.2026;Vanemuise suvekontsert 2025;EST;MUSIC
20.05.2026;Väärtustades elutööd 2025;EST;CULTURE
20.05.2026;XXVI laulupidu;EST;MUSIC
20.05.2026;"XXVIII laulu- ja XXI tantsupidu ""Iseoma""";EST;MUSIC
20.05.2026;Õhinapõhised;EST;ENTER
20.05.2026;Ühe minuti filmid 2025 - Loovus vs Loodus;EST;FILM
20.05.2026;Ükskord elus oli nii...;EST;CULTURE
20.05.2026;Šamaan;EST;LIFE
20.05.2026;AK filmikroonika 1982. Ilvesteade orienteerumine;EST;SPORT
20.05.2026;Laskesuusatamise MK-etapp Otepääl;EST;SPORT
20.05.2026;OM 2026;EST;SPORT
20.05.2026;Peab kõva mees olema;EST;SPORT
20.05.2026;Soolane vahuvein;EST;SPORT
20.05.2026;Tallinna Olümpiaregatt 40;EST;SPORT
20.05.2026;Veikko Tääri suusapäevikud;EST;SPORT
20.05.2026;100 spordihetke;EST;SPORT
20.05.2026;60 aastat Eesti võrkpalli;EST;SPORT
20.05.2026;Areeni varjus;EST;SPORT
20.05.2026;Finišini on jäänud...;EST;SPORT
20.05.2026;Fred Kudu: Elu nagu kümnevõistlus;EST;SPORT
20.05.2026;Hind;EST;SPORT
20.05.2026;Iluuisutamise EM Tallinnas;EST;SPORT
20.05.2026;Jalgpalli Premium Liiga;EST;SPORT
20.05.2026;Jalgpalli maavõistlused;EST;SPORT
20.05.2026;Jäähoki MM I divisjon;EST;SPORT
20.05.2026;Kahevõistluse MK-etapp Otepääl;EST;SPORT
20.05.2026;Kalevi Suursõit 50;EST;SPORT
20.05.2026;Käsipalli valikmängud;EST;SPORT
20.05.2026;Mis tunne on?!;EST;SPORT
20.05.2026;Noorte suusasari;EST;SPORT
20.05.2026;Olümpiavõitja Ants Antson;EST;SPORT
20.05.2026;Porised prillid ehk mootorisport Karksi-Nuia moodi;EST;SPORT
20.05.2026;Ragnar Klavan. Kõik on võimalik;EST;SPORT
20.05.2026;Raudmees - Andres Krestinov;EST;SPORT
20.05.2026;Simple Session 24;EST;SPORT
20.05.2026;Sõmerpalu magnet. Leokite dünastia;EST;SPORT
20.05.2026;TV 10 olümpiastarti;EST;SPORT
20.05.2026;Tallinn International Horse Show;EST;SPORT
20.05.2026;Nukuvalitsus;EST;SERIES
20.05.2026;Varastatud lootus: Armukelm;EST;SERIES
20.05.2026;Alpimaja;EST;SERIES
20.05.2026;Buratino tegutseb jälle;EST;SERIES
20.05.2026;ENSV;EST;SERIES
20.05.2026;Elu võimalikkusest maal;EST;SERIES
20.05.2026;Hajameelselt abielus;EST;SERIES
20.05.2026;Hakkab jälle pihta;EST;SERIES
20.05.2026;Homme põgeneme;EST;SERIES
20.05.2026;Kahe sõbra lood;EST;SERIES
20.05.2026;Klass: elu pärast;EST;SERIES
20.05.2026;Kolm rubiini;EST;SERIES
20.05.2026;Lahutus Eesti moodi;EST;SERIES
20.05.2026;Lastekirjandusministeerium;EST;SERIES
20.05.2026;Legend eluajal;EST;SERIES
20.05.2026;Miks mitte?!;EST;SERIES
20.05.2026;Mõmmi aabits;EST;SERIES
20.05.2026;Nota bene! Teatriluulud;EST;SERIES
20.05.2026;Nullpunkt;EST;SERIES
20.05.2026;Nõiakivi;EST;SERIES
20.05.2026;Nõnda ka maa peal;EST;SERIES
20.05.2026;Ohtlik lend;EST;SERIES
20.05.2026;PANK;EST;SERIES
20.05.2026;Pehmed ja karvased;EST;SERIES
20.05.2026;Põlev maa;EST;SERIES
20.05.2026;Reetur;EST;SERIES
20.05.2026;Riigimehed;EST;SERIES
20.05.2026;Salmonid;EST;SERIES
20.05.2026;Süü;EST;SERIES
20.05.2026;Tagamõtsa;EST;SERIES
20.05.2026;Teeveejahutaja;EST;SERIES
20.05.2026;Tuulepealne maa;EST;SERIES
20.05.2026;Vaga vesi;EST;SERIES
20.05.2026;Vanad ja kobedad;EST;SERIES
20.05.2026;Von Fock;EST;SERIES
20.05.2026;Väikelinna detektiivid;EST;SERIES
20.05.2026;Wikmani poisid;EST;SERIES
20.05.2026;Õnne 13;EST;SERIES
20.05.2026;2025 Aktuaalses kaameras;EST;NEWS
20.05.2026;AK 70. Maailm Eesti silme läbi;EST;NEWS
20.05.2026;Anna Pihl sõdurirännakul;EST;NEWS
20.05.2026;Arvamusfestival;EST;NEWS
20.05.2026;EV108. Peaministri aastapäevakõne Tartus;EST;NEWS
20.05.2026;EV108. Peaministri aastapäevakõne Tartus (eesti viipekeeles);EST;NEWS
20.05.2026;Kuidas elad, eesti siga?;EST;NEWS
20.05.2026;Valimiste õhtu (eesti viipekeeles);EST;NEWS
20.05.2026;Võidupüha paraad 2025;EST;NEWS
20.05.2026;EV107. Peaministri aastapäevakõne Tartus;EST;NEWS
20.05.2026;EV107. Peaministri aastapäevakõne Tartus (viipekeelse tõlkega);EST;NEWS
20.05.2026;Esimene stuudio;EST;NEWS
20.05.2026;Impulss;EST;NEWS
20.05.2026;Johannese lähetamine;EST;NEWS
20.05.2026;Kommunismiohvrite Memoriaal;EST;NEWS
20.05.2026;Kultuuristuudio. Arutelu;EST;NEWS
20.05.2026;Kummast käest;EST;NEWS
20.05.2026;Lumilaane lood;EST;NEWS
20.05.2026;Nad lihtsalt tapavad meid;EST;NEWS
20.05.2026;Otse uudistemajast;EST;NEWS
20.05.2026;Riigikogu infotund;EST;NEWS
20.05.2026;Riigikogu ülekanded;EST;NEWS
20.05.2026;Rokenroll ja bugi-vugi, need on Reeda elu tugi;EST;NEWS
20.05.2026;Ukraina stuudio;EST;NEWS
20.05.2026;Vabariigi presidendi tervitus kooliaasta alguse puhul;EST;NEWS
20.05.2026;Valimisstuudio;EST;NEWS
20.05.2026;Valimiste õhtu;EST;NEWS
20.05.2026;Välisilm;EST;NEWS
20.05.2026;Aktuaalne kaamera;EST;NEWS
20.05.2026;Aktuaalne kaamera (viipekeeles);EST;NEWS
20.05.2026;EV107;EST;NEWS
20.05.2026;EV107 (viipekeelse tõlkega);EST;NEWS
20.05.2026;Kultuuriuudised;EST;NEWS
20.05.2026;"""Ta lendab mesipuu poole"" Eesti kommunismiohvrite memoriaalis";EST;MUSIC
20.05.2026;21. sajandi bluus;EST;MUSIC
20.05.2026;Aasta täht - SADU;EST;MUSIC
20.05.2026;Aaviku aasta;EST;MUSIC
20.05.2026;"Aja tee on konarlik. XXVIII laulupidu ""Iseoma""";EST;MUSIC
20.05.2026;Anne Veski kontsert Narvas;EST;MUSIC
20.05.2026;Anne Veski tuledemeres;EST;MUSIC
20.05.2026;Ans. Andur XX – LIVE Sveta Baaris;EST;MUSIC
20.05.2026;Armastusest palju laule loodud... Sirje ja Väino Puura;EST;MUSIC
20.05.2026;Eesti Laul 2014 laulud;EST;MUSIC
20.05.2026;Eesti Laul 2019 klipid;EST;MUSIC
20.05.2026;Eesti meeste laulud;EST;MUSIC
20.05.2026;Eurolaul;EST;MUSIC
20.05.2026;Grand Dorado;EST;MUSIC
20.05.2026;Hea eesti musa;EST;MUSIC
20.05.2026;Isadepäeva kontsert;EST;MUSIC
20.05.2026;Ivo Linna. Laulud läbi aegade;EST;MUSIC
20.05.2026;Järvi festival 2014. Aints & Tüür;EST;MUSIC
20.05.2026;Kaalukeelte laulud;EST;MUSIC
20.05.2026;Kantaat Linnateatrile;EST;MUSIC
20.05.2026;Kindel suund;EST;MUSIC
20.05.2026;Kord olid niidud - Kiidjärve laulud;EST;MUSIC
20.05.2026;Kummardus Arvo Pärdile. Paavo Järvi ja Eesti Festivaliorkester;EST;MUSIC
20.05.2026;Langevad lehed;EST;MUSIC
20.05.2026;Las jääda kõik, mis hea;EST;MUSIC
20.05.2026;Laulame neid laule jälle. Eesti Laul eri;EST;MUSIC
20.05.2026;Lauluga maale;EST;MUSIC
20.05.2026;"Leib jahtub. XXVIII laulupidu ""Iseoma""";EST;MUSIC
20.05.2026;Lugu kadunud flöödimängijast. Jaak Joala;EST;MUSIC
20.05.2026;Maestro Pauls. Vabas vormis;EST;MUSIC
20.05.2026;Mari Kalkun - 4 laulu;EST;MUSIC
20.05.2026;Marju Länik 50 aastat laval. Südame laul;EST;MUSIC
20.05.2026;Merelaulude öölaulupidu. Karaoke versioon;EST;MUSIC
20.05.2026;Merry Christmas mr. Lawrence;EST;MUSIC
20.05.2026;"Mu isamaa, mu õnn ja rõõm. XXVIII laulupidu ""Iseoma""";EST;MUSIC
20.05.2026;Olümpiaregati tähed;EST;MUSIC
20.05.2026;Optimist. Evald Vain 100;EST;MUSIC
20.05.2026;Otepää Talveöölaulupidu;EST;MUSIC
20.05.2026;Peiar;EST;MUSIC
20.05.2026;R2 Aastahitt 2025;EST;MUSIC
20.05.2026;Saada nägijaks;EST;MUSIC
20.05.2026;Soundcheck;EST;MUSIC
20.05.2026;Sven Lõhmus. 30 aastat hitte;EST;MUSIC
20.05.2026;Sähvatus. Mahavoki laulud;EST;MUSIC
20.05.2026;Tallinna Olümpiaregatt 40. Olümpiamuusika kontsert;EST;MUSIC
20.05.2026;Tantsuelu;EST;MUSIC
20.05.2026;"Tehnikaülikooli Akadeemilise Meeskoori kevadkontsert ""Uni""";EST;MUSIC
20.05.2026;Teid aeda viia tõotan ma...;EST;MUSIC
20.05.2026;Tempo;EST;MUSIC
20.05.2026;Uni;EST;MUSIC
20.05.2026;Veljo Tormis 85. Sünnisõnad;EST;MUSIC
20.05.2026;Veljo Tormise viis eesti rahvatantsu;EST;MUSIC
20.05.2026;Veljo Tormise õpituba;EST;MUSIC
20.05.2026;Viini Filharmoonikute uusaastakontsert 2026;EST;MUSIC
20.05.2026;"Viljandi suveooper. Astor Piazzola ""Extraordinarius regularis - Eri lugu""";EST;MUSIC
20.05.2026;"XX tantsupidu ""Minu arm""";EST;MUSIC
20.05.2026;"XXVIII laulupidu ""Iseoma"". Kaunid hetked";EST;MUSIC
20.05.2026;Õhtu rannal. Valter Ojakäär 100;EST;MUSIC
20.05.2026;Õhtu tantsuga;EST;MUSIC
20.05.2026;Öölaulupidu Järjepidevus. Parimad palad;EST;MUSIC
20.05.2026;Ühtekuuluvuskontsert Ajakaja (eesti viipekeeles);EST;MUSIC
20.05.2026;3 hitti;EST;MUSIC
20.05.2026;5MIINUST ja Puuluup. (sellest) Eurovisioonist ei tea nad (küll) midagi;EST;MUSIC
20.05.2026;7 vaprat. Kontsert;EST;MUSIC
20.05.2026;ABBA hitid. Koit, Kaire, Dagmar ja Rolf;EST;MUSIC
20.05.2026;Ahvatlev ettepanek;EST;MUSIC
20.05.2026;Anne Veski. 40 aastat laval;EST;MUSIC
20.05.2026;Ansambli Põhja Konn kontsert Viljandi lossimägedes;EST;MUSIC
20.05.2026;Arvo Pärt. Neli lastelaulu;EST;MUSIC
20.05.2026;Arvo Pärt. Võim ja vaim;EST;MUSIC
20.05.2026;Autostopp;EST;MUSIC
20.05.2026;Babylon Pärnu ja Kristjan Järvi;EST;MUSIC
20.05.2026;Colas Breugnon;EST;MUSIC
20.05.2026;Dave Bentoni jõulukontsert;EST;MUSIC
20.05.2026;Duett-duell;EST;MUSIC
20.05.2026;ETV Live;EST;MUSIC
20.05.2026;EV100 Tartus;EST;MUSIC
20.05.2026;Eesti Kontserdi ja Rémy Martin'i uusaastakontsert;EST;MUSIC
20.05.2026;Eesti Laul 2018;EST;MUSIC
20.05.2026;Eesti Vabariigi hümn;EST;MUSIC
20.05.2026;Eesti interpreedid;EST;MUSIC
20.05.2026;Eesti kalendrilaulud;EST;MUSIC
20.05.2026;Elina Nechayeva ja ERR-i segakoor. Viva la radio!;EST;MUSIC
20.05.2026;Elu, armastan sind;EST;MUSIC
20.05.2026;Emadepäeva kontsert;EST;MUSIC
20.05.2026;Entel-tenteli laululood;EST;MUSIC
20.05.2026;Eurolaulud 2025 eesti viipekeeles;EST;MUSIC
20.05.2026;Europop '96;EST;MUSIC
20.05.2026;Flamencomania;EST;MUSIC
20.05.2026;Gentel-Dentel. Genialistid;EST;MUSIC
20.05.2026;Georg Otsa laulude õhtu - Valter Soosalu, Marko Matvere, Jassi Zahharov ja Märt Avandi;EST;MUSIC
20.05.2026;Hei, kelgule!;EST;MUSIC
20.05.2026;Helisev päev;EST;MUSIC
20.05.2026;Imeline jõuluaeg. Laulavad Maarja-Liis Ilus, Ott Lepland ja Noorkuu;EST;MUSIC
20.05.2026;Imeline paik. Laulab Kärt Tomingas;EST;MUSIC
20.05.2026;Infomiin. Ansambel Vitamiin;EST;MUSIC
20.05.2026;Jaak Joala;EST;MUSIC
20.05.2026;Jaak Joala 70. Juubelikontsert Naerata;EST;MUSIC
20.05.2026;Jaak Joala jäljed tähetolmus;EST;MUSIC
20.05.2026;Jaak Joala laulude õhtu;EST;MUSIC
20.05.2026;Jaanid;EST;MUSIC
20.05.2026;Jaanipäeva segu;EST;MUSIC
20.05.2026;Jazz 67;EST;MUSIC
20.05.2026;"Järvide ""Loojangukontsert"" Leigol";EST;MUSIC
20.05.2026;Jõulukontsert Nigulistes;EST;MUSIC
20.05.2026;Jõululaul;EST;MUSIC
20.05.2026;Kalush Orchestra kontsert;EST;MUSIC
20.05.2026;Kann allikal;EST;MUSIC
20.05.2026;Karl-Erik Taukar Saku Suurhallis;EST;MUSIC
20.05.2026;Katused ja korstnad;EST;MUSIC
20.05.2026;Kaunimad jõululaulud;EST;MUSIC
20.05.2026;Kevadmängud;EST;MUSIC
20.05.2026;Kodused kontserdid. Voorand / Koikson / Sooäär / Daniel;EST;MUSIC
20.05.2026;Koit Toome, Uku Suviste, Jaagup Tuisk. Kaunid laulud üheskoos;EST;MUSIC
20.05.2026;Kolm meest ja naine;EST;MUSIC
20.05.2026;Kolm paralleelset sirget lõikuvad enne lõpmatust;EST;MUSIC
20.05.2026;Kolmest kaheteistkümneni;EST;MUSIC
20.05.2026;Kontakti laulud;EST;MUSIC
20.05.2026;Kristjan Järvi ja kesköö päike;EST;MUSIC
20.05.2026;Kuldsed Kukerpillid;EST;MUSIC
20.05.2026;Kuukiired;EST;MUSIC
20.05.2026;Kuulmata kuskil kumiseb kodu;EST;MUSIC
20.05.2026;Kõik kestab edasi;EST;MUSIC
20.05.2026;Kõlab hästi!;EST;MUSIC
20.05.2026;Kümme aastat muusikapäevi;EST;MUSIC
20.05.2026;Laulab Margarita Voites;EST;MUSIC
20.05.2026;Laulge kaasa Reet Linnaga;EST;MUSIC
20.05.2026;Laulu lugu;EST;MUSIC
20.05.2026;Laulud lumes;EST;MUSIC
20.05.2026;Leek läidab luule;EST;MUSIC
20.05.2026;Leia mind tuhandete seast. Anne Veski;EST;MUSIC
20.05.2026;Leigo järvemuusika;EST;MUSIC
20.05.2026;Loni jõulud;EST;MUSIC
20.05.2026;Lood Viini metsades;EST;MUSIC
20.05.2026;Lucia;EST;MUSIC
20.05.2026;Marko Matvere ja VLÜ 35;EST;MUSIC
20.05.2026;Meestele;EST;MUSIC
20.05.2026;Meister ja Margarita;EST;MUSIC
20.05.2026;Meloodia 66;EST;MUSIC
20.05.2026;Meloodia 68;EST;MUSIC
20.05.2026;Meloodia 69;EST;MUSIC
20.05.2026;Muinaslood muusikas. Rock;EST;MUSIC
20.05.2026;Muusa poolt valitud;EST;MUSIC
20.05.2026;Muusikarüütel;EST;MUSIC
20.05.2026;Nii kõlab armastus. Suvekontsert;EST;MUSIC
20.05.2026;Nublu ja Gameboy Tetris Vabaduse väljakul;EST;MUSIC
20.05.2026;Näärmed;EST;MUSIC
20.05.2026;Olav Ehala 70. Juubelikontsert;EST;MUSIC
20.05.2026;On meie keskel suvi;EST;MUSIC
20.05.2026;Osnap;EST;MUSIC
20.05.2026;Osnap võrdub Panso;EST;MUSIC
20.05.2026;Palestra;EST;MUSIC
20.05.2026;Pantokraator 30;EST;MUSIC
20.05.2026;Pidu meie tänavas;EST;MUSIC
20.05.2026;Pidulik merelaulude kontsert Vana madrus;EST;MUSIC
20.05.2026;Pilvede värvid;EST;MUSIC
20.05.2026;Pop '81;EST;MUSIC
20.05.2026;R2 Minilaiv;EST;MUSIC
20.05.2026;R2 live;EST;MUSIC
20.05.2026;R2 minilaiv saated;EST;MUSIC
20.05.2026;Rahvusvahelise muusikapäeva gala;EST;MUSIC
20.05.2026;Ring ümber Ruja;EST;MUSIC
20.05.2026;Rita Ray. Ilusa hingega laulja;EST;MUSIC
20.05.2026;Rock-Hotel. Kuidas läks sul see mäng;EST;MUSIC
20.05.2026;Roosid lõunast;EST;MUSIC
20.05.2026;Räimerahvas. nublik live;EST;MUSIC
20.05.2026;Sa oled mu majakas;EST;MUSIC
20.05.2026;Saara Pius ja Toomas Uibo. Ma hõljun taeva all;EST;MUSIC
20.05.2026;Sajandid kivis ja muusikas;EST;MUSIC
20.05.2026;Siberi rahvaste muusikat;EST;MUSIC
20.05.2026;Siin on mu kodu;EST;MUSIC
20.05.2026;Stefan suve südames;EST;MUSIC
20.05.2026;Stefani kontsert Vabaduse väljakul;EST;MUSIC
20.05.2026;Suvel;EST;MUSIC
20.05.2026;Suvelõpp Viljandis;EST;MUSIC
20.05.2026;Suvelõpukontsert Pärnumaal;EST;MUSIC
20.05.2026;Sähvatus. Heini Vaikmaa. Mahavok. Padise klooster;EST;MUSIC
20.05.2026;Südamelaul. Laulab Marju Länik;EST;MUSIC
20.05.2026;Sügishooaeg;EST;MUSIC
20.05.2026;Talveöö laulupidu;EST;MUSIC
20.05.2026;Tanel Padari kontsert Vabaduse väljakul;EST;MUSIC
20.05.2026;Tantsib Tamara Soone;EST;MUSIC
20.05.2026;Tantsivad Age Oks ja Toomas Edur;EST;MUSIC
20.05.2026;Tantsumaraton;EST;MUSIC
20.05.2026;Tartu 2024. Eurovisioon ühendab;EST;MUSIC
20.05.2026;Tartu muusikapäevad;EST;MUSIC
20.05.2026;Teatridirektor;EST;MUSIC
20.05.2026;Teatriöö;EST;MUSIC
20.05.2026;Tuulelohe, luulelohe;EST;MUSIC
20.05.2026;Tänan Teid. Laulab Anne Veski;EST;MUSIC
20.05.2026;Ukraina hümn;EST;MUSIC
20.05.2026;Ukraina meie südames;EST;MUSIC
20.05.2026;Uma Pido;EST;MUSIC
20.05.2026;Uno;EST;MUSIC
20.05.2026;Unustamatu JAM;EST;MUSIC
20.05.2026;Uue muusika maailm;EST;MUSIC
20.05.2026;Vaadates sisse;EST;MUSIC
20.05.2026;Vabaduse laul;EST;MUSIC
20.05.2026;Vahemäng juulis;EST;MUSIC
20.05.2026;Vallatud Vestid ja sõbrad;EST;MUSIC
20.05.2026;Vana Toomas kõike teab;EST;MUSIC
20.05.2026;Vana meloodia;EST;MUSIC
20.05.2026;Vapratest vapramad;EST;MUSIC
20.05.2026;Veteranirock 2025;EST;MUSIC
20.05.2026;Viis lugu;EST;MUSIC
20.05.2026;Vitamiin;EST;MUSIC
20.05.2026;Vitamiin 10;EST;MUSIC
20.05.2026;Väike kontsert;EST;MUSIC
20.05.2026;"Võistluskontsert ""Apelsin""";EST;MUSIC
20.05.2026;Võssotski 2017;EST;MUSIC
20.05.2026;Võtmeke;EST;MUSIC
20.05.2026;Võõrad öös;EST;MUSIC
20.05.2026;XI noorte laulu- ja tantsupidu maa ja ilm;EST;MUSIC
20.05.2026;Õnneseen;EST;MUSIC
20.05.2026;"Üle-eestiline öölaulupidu ""Vaba Eesti!""";EST;MUSIC
20.05.2026;314 meetrit televisiooni;EST;LIFE
20.05.2026;Aedniku sügis;EST;LIFE
20.05.2026;Aedniku talv;EST;LIFE
20.05.2026;Augustivalgus;EST;LIFE
20.05.2026;Best of BFM 2025. Balti filmi, meedia ja kunstide instituudi auhinnagala;EST;LIFE
20.05.2026;Bussiga;EST;LIFE
20.05.2026;Eesti Vabariigi presidendi uusaastatervitus (eesti viipekeeles);EST;LIFE
20.05.2026;Eestlased nullist sajani;EST;LIFE
20.05.2026;Elu läbi Saatse saapa;EST;LIFE
20.05.2026;Head inimesed;EST;LIFE
20.05.2026;Intervjuu president Alar Karisega;EST;LIFE
20.05.2026;Intervjuu president Alar Karisega (eesti viipekeeles);EST;LIFE
20.05.2026;Jätku leiba!;EST;LIFE
20.05.2026;Jõulutunnel 2025;EST;LIFE
20.05.2026;Kas oskame hoida ühte...;EST;LIFE
20.05.2026;Kihnu maraton;EST;LIFE
20.05.2026;Koolivaheaeg akordioniga;EST;LIFE
20.05.2026;Liiliarist;EST;LIFE
20.05.2026;Meie õpetajad;EST;LIFE
20.05.2026;Milderid Marokos;EST;LIFE
20.05.2026;Minu pidu. Tuletulemine;EST;LIFE
20.05.2026;Mullist välja;EST;LIFE
20.05.2026;Minu Eestimaa;EST;LIFE
20.05.2026;Pardiralli 2025;EST;LIFE
20.05.2026;Pimeduse poolt valgustatud;EST;LIFE
20.05.2026;President Alar Karise kõne Roosiaias (viipekeeles);EST;LIFE
20.05.2026;Psühho;EST;LIFE
20.05.2026;Puudutus;EST;LIFE
20.05.2026;Riigikogu esimehe uusaastatervitus (eesti viipekeeles);EST;LIFE
20.05.2026;Sannapäiv;EST;LIFE
20.05.2026;Sarah peidik;EST;LIFE
20.05.2026;Spordilinn Pärnu;EST;LIFE
20.05.2026;Sõnakalender;EST;LIFE
20.05.2026;Tegijad;EST;LIFE
20.05.2026;Terve vaim;EST;LIFE
20.05.2026;Tippvormi(s);EST;LIFE
20.05.2026;Unistus Ameerika tuurist;EST;LIFE
20.05.2026;Vaimusõdalane;EST;LIFE
20.05.2026;Variparadiis;EST;LIFE
20.05.2026;Vigala Sass - viimased lindid;EST;LIFE
20.05.2026;Õhtuintervjuu;EST;LIFE
20.05.2026;Õmblusmasin;EST;LIFE
20.05.2026;Õpitee;EST;LIFE
20.05.2026;Üheotsapilet läände;EST;LIFE
20.05.2026;Üht kaotust igavesti kandsin;EST;LIFE
20.05.2026;Üks lugu;EST;LIFE
20.05.2026;100 aastat elu;EST;LIFE
20.05.2026;23.08.1989 Balti kett Eestis, Lätis, Leedus;EST;LIFE
20.05.2026;8 mm elu;EST;LIFE
20.05.2026;Aedniku kevad;EST;LIFE
20.05.2026;Aedniku suvi;EST;LIFE
20.05.2026;Aegumatu;EST;LIFE
20.05.2026;Afganistani projekt;EST;LIFE
20.05.2026;Aga kus me täna mängime;EST;LIFE
20.05.2026;Ainult kümme aastat;EST;LIFE
20.05.2026;Ajaproov;EST;LIFE
20.05.2026;Ameerika unelmat taga ajades;EST;LIFE
20.05.2026;Ankeet;EST;LIFE
20.05.2026;Antsla. Sügis 1993;EST;LIFE
20.05.2026;Ariundelgeri nägemine;EST;LIFE
20.05.2026;Arvasin, et olen supermees;EST;LIFE
20.05.2026;Avasta Eestimaa rahvuspargid;EST;LIFE
20.05.2026;BFM 20 – kool, kus teostuvad unistused;EST;LIFE
20.05.2026;Balti kett 30. Ärgake Baltimaad!;EST;LIFE
20.05.2026;Charikari tüdrukud;EST;LIFE
20.05.2026;Disko ja tuumasõda;EST;LIFE
20.05.2026;Edulood;EST;LIFE
20.05.2026;Eesti Laul 2025. Proovipäev;EST;LIFE
20.05.2026;Eesti Rotary lugu;EST;LIFE
20.05.2026;Eesti Telefilm. Senimaani;EST;LIFE
20.05.2026;Eesti Vabariigi presidendi uusaastatervitus;EST;LIFE
20.05.2026;Eesti imelised aastaajad;EST;LIFE
20.05.2026;Eesti imelised maamärgid;EST;LIFE
20.05.2026;Eesti lood;EST;LIFE
20.05.2026;Eesti on vaataja silmades: pagulasena Saksamaal;EST;LIFE
20.05.2026;Eesti rula lugu. Täispikk versioon;EST;LIFE
20.05.2026;Eestimaa;EST;LIFE
20.05.2026;Eestlane, atleetide kuningas;EST;LIFE
20.05.2026;Eha fenomen;EST;LIFE
20.05.2026;Elavalt maetud;EST;LIFE
20.05.2026;Elu loomaaias;EST;LIFE
20.05.2026;Elu lugu;EST;LIFE
20.05.2026;Elu on töö on elu;EST;LIFE
20.05.2026;Elu on vaid üks sõit;EST;LIFE
20.05.2026;Elu täis roose;EST;LIFE
20.05.2026;Elusäde;EST;LIFE
20.05.2026;Emil. Eesti Tarzan;EST;LIFE
20.05.2026;Englas;EST;LIFE
20.05.2026;EÜE segu;EST;LIFE
20.05.2026;Hagi Šein. Parimal võimalikul moel;EST;LIFE
20.05.2026;Heateod;EST;LIFE
20.05.2026;Helduse tund;EST;LIFE
20.05.2026;Helenduv olend;EST;LIFE
20.05.2026;Helin;EST;LIFE
20.05.2026;Homme saabub paradiis;EST;LIFE
20.05.2026;Hääled küngaste taga;EST;LIFE
20.05.2026;Idapiiril;EST;LIFE
20.05.2026;Iga pink räägib loo;EST;LIFE
20.05.2026;Illiku maa helid;EST;LIFE
20.05.2026;Iloline inemine;EST;LIFE
20.05.2026;Ilusad inimesed;EST;LIFE
20.05.2026;In Paradisum;EST;LIFE
20.05.2026;Inimene ja kompuuter;EST;LIFE
20.05.2026;Isad ja pojad;EST;LIFE
20.05.2026;Isamaa ilu;EST;LIFE
20.05.2026;Ivo Linna. Sajandi saarlane;EST;LIFE
20.05.2026;Jaak Joala tähtkuju;EST;LIFE
20.05.2026;Jaak ja Maire;EST;LIFE
20.05.2026;Jaan Kross. Köielkõndija;EST;LIFE
20.05.2026;Jaan Tätte. Elu võtted;EST;LIFE
20.05.2026;Juhan Viiding. Eesti Hamlet;EST;LIFE
20.05.2026;Juured;EST;LIFE
20.05.2026;Kadri nagu orkester;EST;LIFE
20.05.2026;Kaduva maailma lävel;EST;LIFE
20.05.2026;Kaheksa päeva nädalas;EST;LIFE
20.05.2026;Kahekõne valik;EST;LIFE
20.05.2026;Kaitseinglid;EST;LIFE
20.05.2026;Kaks südant;EST;LIFE
20.05.2026;Kalale Koržetsiga;EST;LIFE
20.05.2026;Kalamehe jutud;EST;LIFE
20.05.2026;Kalevipoja kangelasjooks;EST;LIFE
20.05.2026;Kasuemad;EST;LIFE
20.05.2026;Katsetatud valgetel eestlastel;EST;LIFE
20.05.2026;Keel ja kool;EST;LIFE
20.05.2026;Keisrilõige;EST;LIFE
20.05.2026;Kelly: kellegi teise unistus;EST;LIFE
20.05.2026;Kihnu lapsed ning...;EST;LIFE
20.05.2026;Klassiga väkke;EST;LIFE
20.05.2026;Kodulinn;EST;LIFE
20.05.2026;Koduteel;EST;LIFE
20.05.2026;Konstantin Vassiljev. Kastist väljas;EST;LIFE
20.05.2026;Kosmosest Eestisse. Astronaut Nicole Aunapu Mann;EST;LIFE
20.05.2026;Kriiside keerises;EST;LIFE
20.05.2026;Krimm. Kuus aastat hiljem;EST;LIFE
20.05.2026;Krimmi õpetaja;EST;LIFE
20.05.2026;Kui vähe on õnneks vaja?;EST;LIFE
20.05.2026;Kuidas meist said sõdurid;EST;LIFE
20.05.2026;Kutsutud külaline. Enn Eesmaa;EST;LIFE
20.05.2026;Kuuvikerkaar;EST;LIFE
20.05.2026;Käärid;EST;LIFE
20.05.2026;Kõrvemaa sügis;EST;LIFE
20.05.2026;Lammaste jõulud;EST;LIFE
20.05.2026;Laste Ööülikooli rännakud;EST;LIFE
20.05.2026;Leiunurk;EST;LIFE
20.05.2026;Lend Singapuri;EST;LIFE
20.05.2026;Lepatriinutalv;EST;LIFE
20.05.2026;Lil Eesti;EST;LIFE
20.05.2026;Linn ja maa;EST;LIFE
20.05.2026;Loodud kestma;EST;LIFE
20.05.2026;Loojangule vastu;EST;LIFE
20.05.2026;Loomaarstid;EST;LIFE
20.05.2026;Lucas Leok. Teekond maailmakarika võiduni;EST;LIFE
20.05.2026;Lugu hobusest Palladium;EST;LIFE
20.05.2026;Läinud on jäänud;EST;LIFE
20.05.2026;MARJUSTIN 8.0 Juubelisaade Marju Lauristinist;EST;LIFE
20.05.2026;Maahommik;EST;LIFE
20.05.2026;Maahommiku lood;EST;LIFE
20.05.2026;Maardu keemiakombinaat;EST;LIFE
20.05.2026;Maastiku mustrid;EST;LIFE
20.05.2026;Mahemaa;EST;LIFE
20.05.2026;Maire Aunaste. Liiga eriline?;EST;LIFE
20.05.2026;Maitse järgi;EST;LIFE
20.05.2026;Manna;EST;LIFE
20.05.2026;Marite Kallasma. Diktor, mitte diiva;EST;LIFE
20.05.2026;Mart Sander Guinnessi rekordi jälgedel;EST;LIFE
20.05.2026;Matsalu loodusfilmide festival. 20 aastat elumuutvaid filme;EST;LIFE
20.05.2026;Matz;EST;LIFE
20.05.2026;Meeta;EST;LIFE
20.05.2026;Mehed räägivad armastusest;EST;LIFE
20.05.2026;Mehed, hakkame elama!;EST;LIFE
20.05.2026;Meie hõimlased;EST;LIFE
20.05.2026;Meie inimesed;EST;LIFE
20.05.2026;Meie klass;EST;LIFE
20.05.2026;Metsa poole;EST;LIFE
20.05.2026;Metsast maratonile. Puusuusa sünd;EST;LIFE
20.05.2026;Metsik Lõuna;EST;LIFE
20.05.2026;Metsik Vest;EST;LIFE
20.05.2026;Miks sa liigud?;EST;LIFE
20.05.2026;Mille Sina võtaksid?;EST;LIFE
20.05.2026;Mina, Lennart Meri;EST;LIFE
20.05.2026;Minu Euroopa;EST;LIFE
20.05.2026;Minu meri;EST;LIFE
20.05.2026;Mis värvi on majandus?;EST;LIFE
20.05.2026;Monika;EST;LIFE
20.05.2026;Monumendid ja apelsinid;EST;LIFE
20.05.2026;Moodsa meditsiini hiilgus ja viletsus. Vahur Kersna vestleb dr Adik Leviniga;EST;LIFE
20.05.2026;Mulgi puder;EST;LIFE
20.05.2026;Munadepühad Eestis, Lätis ja Leedus;EST;LIFE
20.05.2026;Murust;EST;LIFE
20.05.2026;Muusika, mida ma veel ei tea;EST;LIFE
20.05.2026;Märtsiküüditamise mälestused;EST;LIFE
20.05.2026;Müümise kunst;EST;LIFE
20.05.2026;Nad muutsid Eestit;EST;LIFE
20.05.2026;Neidsaare hoo peal;EST;LIFE
20.05.2026;Nii ta on;EST;LIFE
20.05.2026;Nutineedus. Vahur Kersna vestleb aju-uurija Jaan Aruga;EST;LIFE
20.05.2026;Oleg Sõlg - naised ja muusika!;EST;LIFE
20.05.2026;Oleme teiega;EST;LIFE
20.05.2026;Olen valmis;EST;LIFE
20.05.2026;Oma või võõras;EST;LIFE
20.05.2026;On niisugune võimalus;EST;LIFE
20.05.2026;Partituur neuroni genotüübile;EST;LIFE
20.05.2026;Parvlaev Estonia. Merre maetud;EST;LIFE
20.05.2026;Pea ees vette. Tai Kuningriigis;EST;LIFE
20.05.2026;Piltide vaatamise aeg;EST;LIFE
20.05.2026;Pitka legend;EST;LIFE
20.05.2026;Planeedipäästjad;EST;LIFE
20.05.2026;Prazdnik;EST;LIFE
20.05.2026;Presidendid. Arnold Rüütel;EST;LIFE
20.05.2026;Prillitoos;EST;LIFE
20.05.2026;Professor Viitso liivlased;EST;LIFE
20.05.2026;Puit arhitektuuris;EST;LIFE
20.05.2026;Päikeseaeg;EST;LIFE
20.05.2026;Pööripäev;EST;LIFE
20.05.2026;Rahutaevas;EST;LIFE
20.05.2026;Rahvuspargid;EST;LIFE
20.05.2026;Rahvusparkide peidetud väärtused;EST;LIFE
20.05.2026;Rakett 69. Kümme aastat teadusorbiidil;EST;LIFE
20.05.2026;Ratastoolitants;EST;LIFE
20.05.2026;Rauataltsutajad;EST;LIFE
20.05.2026;Reportaaž telefoniraamatu järgi;EST;LIFE
20.05.2026;Riigikogu esimehe uusaastatervitus;EST;LIFE
20.05.2026;Ringrada;EST;LIFE
20.05.2026;Saaremaal on zoo;EST;LIFE
20.05.2026;Sajandiring;EST;LIFE
20.05.2026;Salaja piiril;EST;LIFE
20.05.2026;See mis jääb. Elbert Tuganov;EST;LIFE
20.05.2026;Sellest saab meie suvi;EST;LIFE
20.05.2026;Siin me oleme;EST;LIFE
20.05.2026;Sinu uus sugulane;EST;LIFE
20.05.2026;Slava Ukraini;EST;LIFE
20.05.2026;Sooviklassika viimane tund;EST;LIFE
20.05.2026;Suur soo;EST;LIFE
20.05.2026;Suvekaubandus;EST;LIFE
20.05.2026;Talvepuhkus;EST;LIFE
20.05.2026;Talvik, Eesti Televisioonist;EST;LIFE
20.05.2026;Tanel ja kanad. Jõulud Sõrvemaal;EST;LIFE
20.05.2026;Tartu;EST;LIFE
20.05.2026;Teeliste kirikud;EST;LIFE
20.05.2026;Teisel pool pidalitõbe;EST;LIFE
20.05.2026;Tervise radadel;EST;LIFE
20.05.2026;Tervist!;EST;LIFE
20.05.2026;Topelt rõõm;EST;LIFE
20.05.2026;Torm;EST;LIFE
20.05.2026;Tormi vennad;EST;LIFE
20.05.2026;Trollifännid;EST;LIFE
20.05.2026;Tuled akendes;EST;LIFE
20.05.2026;Tuled kodusadamas;EST;LIFE
20.05.2026;Tummfilm kurdist tüdrukust;EST;LIFE
20.05.2026;Tähendamisi;EST;LIFE
20.05.2026;Töörööbikud;EST;LIFE
20.05.2026;Ukraina fragmendid;EST;LIFE
20.05.2026;Ukraina naised;EST;LIFE
20.05.2026;Ukrainlased Eestis;EST;LIFE
20.05.2026;Unenäod kodumaast;EST;LIFE
20.05.2026;Unenäoliblikad elavad igavesti;EST;LIFE
20.05.2026;Urmas Ott. One Man Show;EST;LIFE
20.05.2026;Uue aja asjad;EST;LIFE
20.05.2026;Vaata kööki!;EST;LIFE
20.05.2026;Vabariigi presidendi tervitus kooliaasta alguse puhul (viipekeeles);EST;LIFE
20.05.2026;Vahimehed suure järve rannal;EST;LIFE
20.05.2026;Vahur Kersna 40/60;EST;LIFE
20.05.2026;Valged jõulud. Fred Jüssi jõulumõtisklus;EST;LIFE
20.05.2026;Valikuvõimalus;EST;LIFE
20.05.2026;Vana aja asjad;EST;LIFE
20.05.2026;Vana arm ei roosteta;EST;LIFE
20.05.2026;Veel on aega;EST;LIFE
20.05.2026;Vello Salo. Igapäevaelu müstika;EST;LIFE
20.05.2026;Viimane reliikvia;EST;LIFE
20.05.2026;Vitamiin kui vikerkaar;EST;LIFE
20.05.2026;Väike-Õismäe - rõngaslinn;EST;LIFE
20.05.2026;Võrokese;EST;LIFE
20.05.2026;Zoo-Tallinn;EST;LIFE
20.05.2026;Ärge laske mul surra!;EST;LIFE
20.05.2026;Õnnega koos;EST;LIFE
20.05.2026;Õpe ei lõpe;EST;LIFE
20.05.2026;Õpetaja. Luule Sulg;EST;LIFE
20.05.2026;Ühe laua taga: kriis, inimene ja vastupidavus;EST;LIFE
20.05.2026;Ühe pere muusika;EST;LIFE
20.05.2026;Hapud Kurgid 2025;EST;INFOTAINMENT
20.05.2026;Iseoma keskel;EST;INFOTAINMENT
20.05.2026;Kohvipaksult 2026;EST;INFOTAINMENT
20.05.2026;Looduse kutse;EST;INFOTAINMENT
20.05.2026;Sõja varjust lavasärasse. Klassikatäht Havryil;EST;INFOTAINMENT
20.05.2026;Eesti (täielik ja kontrollitud) ajalugu;EST;INFOTAINMENT
20.05.2026;Eesti lipp ümber maailma 25;EST;INFOTAINMENT
20.05.2026;NOVA;EST;INFOTAINMENT
20.05.2026;Pealtnägija;EST;INFOTAINMENT
20.05.2026;Pealtnägija tähed;EST;INFOTAINMENT
20.05.2026;Pealtnägija+;EST;INFOTAINMENT
20.05.2026;Päeva püük;EST;INFOTAINMENT
20.05.2026;Pärdist Puuluubini. Eesti kultuuriretk Suurbritanniasse;EST;INFOTAINMENT
20.05.2026;Ringvaade;EST;INFOTAINMENT
20.05.2026;Ringvaade suvel;EST;INFOTAINMENT
20.05.2026;Ringvaatega lõunal;EST;INFOTAINMENT
20.05.2026;Romanss suusarajal. Regina Oja ja Kalev Ermits;EST;INFOTAINMENT
20.05.2026;Terevisioon;EST;INFOTAINMENT
20.05.2026;Valentõn Sõlvestrov. Ukraina vaikne ja võimas hääl;EST;INFOTAINMENT
20.05.2026;Vilen Künnapu. Majad ja maailm;EST;INFOTAINMENT
20.05.2026;Öko? Loogiline;EST;INFOTAINMENT
20.05.2026;Üksi ja üheskoos. Kersti Kreismann ja Andres Raag;EST;INFOTAINMENT
20.05.2026;Aasta tipphetked;EST;INFOTAINMENT
20.05.2026;Jõulud ETVga;EST;INFOTAINMENT
20.05.2026;Orelimõtisklus;EST;INFOTAINMENT
20.05.2026;Eesti tänab 2026. Riiklike teenetemärkide üleandmine;EST;INFO
20.05.2026;Gloria Palace läbi sajandi;EST;INFO
20.05.2026;Meistrid ja muusikud;EST;INFO
20.05.2026;Mister Estonia. Ernst Jaakson;EST;INFO
20.05.2026;Nii nad sõdivad;EST;INFO
20.05.2026;Oma silmaga. Telemast;EST;INFO
20.05.2026;Spektaakel;EST;INFO
20.05.2026;Toiduteadlik;EST;INFO
20.05.2026;Vaarao sõjavägi;EST;INFO
20.05.2026;Afganistan. Vangis ja vabaduses;EST;INFO
20.05.2026;Avatud ja hoitud raamatud;EST;INFO
20.05.2026;Eesti Kirjanike Liit 100;EST;INFO
20.05.2026;Eesti mees sõdades;EST;INFO
20.05.2026;Ilus on maa;EST;INFO
20.05.2026;11 000 aastat hiljem;EST;INFO
20.05.2026;Ajavaod;EST;INFO
20.05.2026;Made in Estonia;EST;INFO
20.05.2026;Asja lood;EST;INFO
20.05.2026;Borneo töölaager;EST;INFO
20.05.2026;EV100. Kuidas tähistasime Tartu rahu;EST;INFO
20.05.2026;Eesti ETNO armastab;EST;INFO
20.05.2026;Eesti aja lood;EST;INFO
20.05.2026;Nemad;EST;INFO
20.05.2026;Eesti imeline loodus;EST;INFO
20.05.2026;Eesti imelised metsaelupaigad;EST;INFO
20.05.2026;Eesti ja USA sajand: katkematu suhe;EST;INFO
20.05.2026;Eesti saatkond Moskva südames;EST;INFO
20.05.2026;Eesti tänab 2025. Riiklike teenetemärkide üleandmine;EST;INFO
20.05.2026;Ehitades Eestit;EST;INFO
20.05.2026;Elulõim;EST;INFO
20.05.2026;Esimene kapitalist;EST;INFO
20.05.2026;Estcoy-8;EST;INFO
20.05.2026;Häiritud aastad;EST;INFO
20.05.2026;Inimene ja koduloom;EST;INFO
20.05.2026;Intervjuu Taani kuninganna Margrethe II-ga;EST;INFO
20.05.2026;Iseseisvuse portreed;EST;INFO
20.05.2026;Jäätee veerel;EST;INFO
20.05.2026;Kust konnad tulevad?;EST;INFO
20.05.2026;Küte;EST;INFO
20.05.2026;Lennukuurist muuseumiks;EST;INFO
20.05.2026;Lumi Punasel Lagedal;EST;INFO
20.05.2026;Rein Marani loodusfilmid;EST;INFO
20.05.2026;Luna TV;EST;INFO
20.05.2026;Ma elasin Eesti Vabariigis;EST;INFO
20.05.2026;Muuga sadam;EST;INFO
20.05.2026;Naised vormi;EST;INFO
20.05.2026;Noored piiril;EST;INFO
20.05.2026;Olümpiatuli Tallinnas. 40 aastat hiljem;EST;INFO
20.05.2026;Osoon;EST;INFO
20.05.2026;Osoon Timo Paloga Gröönimaal;EST;INFO
20.05.2026;See habras elu;EST;INFO
20.05.2026;Osoon: Virumaa veed puhtaks;EST;INFO
20.05.2026;Paavst Franciscuse matusemissa;EST;INFO
20.05.2026;Paavst Franciscuse visiit;EST;INFO
20.05.2026;Patarei;EST;INFO
20.05.2026;Poliitikamehed 1989;EST;INFO
20.05.2026;Presidendid;EST;INFO
20.05.2026;Põhiseaduse sünd;EST;INFO
20.05.2026;Rabade vaikuses;EST;INFO
20.05.2026;Rohelisem Tallinn;EST;INFO
20.05.2026;Tallinn - 80;EST;INFO
20.05.2026;See on EÕM;EST;INFO
20.05.2026;See on meie maa;EST;INFO
20.05.2026;Selge pilt;EST;INFO
20.05.2026;September;EST;INFO
20.05.2026;Terasratsanik;EST;INFO
20.05.2026;Sinine ja must ja valge;EST;INFO
20.05.2026;Sinine, must, valge;EST;INFO
20.05.2026;Uued naabrid;EST;INFO
20.05.2026;Soomaa uni;EST;INFO
20.05.2026;Suitsupääsuke;EST;INFO
20.05.2026;Tagurpidi kodus;EST;INFO
20.05.2026;Tallinn olümpiatuultes;EST;INFO
20.05.2026;TeadusEST;EST;INFO
20.05.2026;Teekond Hispaania;EST;INFO
20.05.2026;Teeme ära!;EST;INFO
20.05.2026;Vabaduse tee;EST;INFO
20.05.2026;Vahur Kersna. Jäljed tähetolmus;EST;INFO
20.05.2026;Vara küps;EST;INFO
20.05.2026;Vastlad;EST;INFO
20.05.2026;Vere lugu. 80 aastat doonorlust Eestis;EST;INFO
20.05.2026;Üle noatera;EST;INFO
20.05.2026;Ükskord on Eesti riik;EST;INFO
20.05.2026;Ainult üks kord aastas;EST;FILM
20.05.2026;Corrida;EST;FILM
20.05.2026;Eluasemed;EST;FILM
20.05.2026;Härra Barnett;EST;FILM
20.05.2026;Ingerimaale;EST;FILM
20.05.2026;Karlsson tembutab jälle;EST;FILM
20.05.2026;Kuidas kuningas kuu peale kippus;EST;FILM
20.05.2026;Lõunavaheaeg;EST;FILM
20.05.2026;Mu kallid laibad;EST;FILM
20.05.2026;Mäetaguse vanad;EST;FILM
20.05.2026;Norbert ehk Nukumaja;EST;FILM
20.05.2026;Oma päikese poole;EST;FILM
20.05.2026;Postimaja;EST;FILM
20.05.2026;Pärast uste sulgemist...;EST;FILM
20.05.2026;Rohelised niidud;EST;FILM
20.05.2026;Silinder;EST;FILM
20.05.2026;Teekond punktist A punkti B;EST;FILM
20.05.2026;Lunastus;EST;FILM
20.05.2026;Tugitooliteater;EST;FILM
20.05.2026;Tume paradiis;EST;FILM
20.05.2026;Vana daami visiit;EST;FILM
20.05.2026;Värvilised unenäod;EST;FILM
20.05.2026;Võlausaldajad;EST;FILM
20.05.2026;Õhtujutt;EST;FILM
20.05.2026;Hamlet;EST;FILM
20.05.2026;Lahtihüpe;EST;FILM
20.05.2026;Mäng lossis;EST;FILM
20.05.2026;Saateviga;EST;FILM
20.05.2026;Säärane mulk ehk Sada vakka tangusoola;EST;FILM
20.05.2026;Armujook;EST;FILM
20.05.2026;Kuulsuse narrid;EST;FILM
20.05.2026;Ma armastasin sakslast;EST;FILM
20.05.2026;McGregori juhtum;EST;FILM
20.05.2026;Meie maja tsirkus;EST;FILM
20.05.2026;Minu veetlev Kunder;EST;FILM
20.05.2026;Naine, kes saabus kell kuus;EST;FILM
20.05.2026;Odav spetsialist;EST;FILM
20.05.2026;Pildikesi Paunverest;EST;FILM
20.05.2026;Pisuhänd;EST;FILM
20.05.2026;Pulmatragöödia;EST;FILM
20.05.2026;Püha Katariina pöörane õhtusöömaaeg;EST;FILM
20.05.2026;Püha Susanna ehk Meistrite kool;EST;FILM
20.05.2026;Sa oled koor minu kohvis;EST;FILM
20.05.2026;Teatrifantoom;EST;FILM
20.05.2026;Tema majesteet komödiant;EST;FILM
20.05.2026;Uus jõuluvana;EST;FILM
20.05.2026;Vigased pruudid;EST;FILM
20.05.2026;Üle linna Vinski;EST;FILM
20.05.2026;Agu Sihvka annab aru;EST;FILM
20.05.2026;Ahvatluste tund;EST;FILM
20.05.2026;Aitäh, et sa minuga juhtusid;EST;FILM
20.05.2026;Armuavaldus;EST;FILM
20.05.2026;Atentaat;EST;FILM
20.05.2026;Burattino;EST;FILM
20.05.2026;Etüüdid modelliga;EST;FILM
20.05.2026;Foto;EST;FILM
20.05.2026;Georg;EST;FILM
20.05.2026;Giordano;EST;FILM
20.05.2026;Hetk ajaloos;EST;FILM
20.05.2026;Hämarad alleed;EST;FILM
20.05.2026;Hüvasti, musketärid!;EST;FILM
20.05.2026;Imelugu;EST;FILM
20.05.2026;Inimene, keda polnud;EST;FILM
20.05.2026;Intermezzo;EST;FILM
20.05.2026;Isa Nikodemus;EST;FILM
20.05.2026;Jüri Rumm;EST;FILM
20.05.2026;KLASS;EST;FILM
20.05.2026;Kadumise lühikursus lühifilmid;EST;FILM
20.05.2026;Kalapäev;EST;FILM
20.05.2026;Kallid reisijad;EST;FILM
20.05.2026;Kallis Härra Q;EST;FILM
20.05.2026;Kass kukub käppadele;EST;FILM
20.05.2026;Kass kukub käppadele: Harjutusi Florianile;EST;FILM
20.05.2026;Kass kukub käppadele: Pauli laululaegas;EST;FILM
20.05.2026;Keelekild;EST;FILM
20.05.2026;Kellanupp;EST;FILM
20.05.2026;Keskpäev;EST;FILM
20.05.2026;Kevad südames;EST;FILM
20.05.2026;Kinnunen;EST;FILM
20.05.2026;Kinomaja filmikooli lühifilmide paremik;EST;FILM
20.05.2026;Kodumaa karjed;EST;FILM
20.05.2026;Kohtumine tundmatuga;EST;FILM
20.05.2026;Kolme katku vahel;EST;FILM
20.05.2026;Kust tuleb tolm ja kuhu kaob raha;EST;FILM
20.05.2026;Kõverpeegli klassikat;EST;FILM
20.05.2026;Küljetuul;EST;FILM
20.05.2026;Külla tuli;EST;FILM
20.05.2026;Külmale maale;EST;FILM
20.05.2026;Laanetaguse suvi;EST;FILM
20.05.2026;Libahundi needus;EST;FILM
20.05.2026;Libarebased ja kooljad;EST;FILM
20.05.2026;Lihtne lugu, lõpuga;EST;FILM
20.05.2026;Lõppematu päev;EST;FILM
20.05.2026;Maaletulek;EST;FILM
20.05.2026;Malev;EST;FILM
20.05.2026;Meeletu;EST;FILM
20.05.2026;Mees ja mänd;EST;FILM
20.05.2026;Mees ja naine;EST;FILM
20.05.2026;Mehed ei nuta;EST;FILM
20.05.2026;Meri ja Orav;EST;FILM
20.05.2026;Mia ja Liki;EST;FILM
20.05.2026;Mida täiskasvanud mängivad?;EST;FILM
20.05.2026;Minu näoga onu;EST;FILM
20.05.2026;Miss Marple'i lood;EST;FILM
20.05.2026;Mo Mamma;EST;FILM
20.05.2026;Mona Lisa;EST;FILM
20.05.2026;Mälestuste maja;EST;FILM
20.05.2026;Mõistatuslik inimene. Mõttemäng. A. H. Tammsaare;EST;FILM
20.05.2026;Naerata ometi;EST;FILM
20.05.2026;Need vanad armastuskirjad;EST;FILM
20.05.2026;Noor pensionär;EST;FILM
20.05.2026;Nukitsamees;EST;FILM
20.05.2026;Näitleja Joller;EST;FILM
20.05.2026;Oma Maapäev;EST;FILM
20.05.2026;Orzel. Laidoneri ööd;EST;FILM
20.05.2026;Peegliahv;EST;FILM
20.05.2026;Pilla-palla näärid;EST;FILM
20.05.2026;Pobeda;EST;FILM
20.05.2026;Päralejõudjad;EST;FILM
20.05.2026;Põrgupõhja uus Vanapagan;EST;FILM
20.05.2026;Pöörane soolikas;EST;FILM
20.05.2026;Ristumine peateega;EST;FILM
20.05.2026;Röövlirahnu Martin;EST;FILM
20.05.2026;Seenelkäik;EST;FILM
20.05.2026;Sensatsioon;EST;FILM
20.05.2026;Siin me oleme!;EST;FILM
20.05.2026;Soovide puu;EST;FILM
20.05.2026;Stella Stellaris;EST;FILM
20.05.2026;Stereo;EST;FILM
20.05.2026;Strindbergimäng;EST;FILM
20.05.2026;Suvekool;EST;FILM
20.05.2026;Ta-ram, ta-ram;EST;FILM
20.05.2026;Tants aurukatla ümber;EST;FILM
20.05.2026;Teadlaste öö: Armastuse valem;EST;FILM
20.05.2026;Teatrihetked Lia Laatsiga;EST;FILM
20.05.2026;Teisikud;EST;FILM
20.05.2026;Teoteatri filmilaagri lühifilmid 2024;EST;FILM
20.05.2026;Trimalhio pidu;EST;FILM
20.05.2026;Turismilinn Tallinn;EST;FILM
20.05.2026;Tädi Rose;EST;FILM
20.05.2026;Täna öösel me ei maga;EST;FILM
20.05.2026;Valik;EST;FILM
20.05.2026;Varblane, mitte kanaarilind;EST;FILM
20.05.2026;Verekivi;EST;FILM
20.05.2026;Vernanda;EST;FILM
20.05.2026;Väike nõid;EST;FILM
20.05.2026;Väikelinna detektiivid ja Valge Daami saladus;EST;FILM
20.05.2026;Väikevend ja Karlsson katuselt;EST;FILM
20.05.2026;Võidab see, kellel on kõige hullem mees;EST;FILM
20.05.2026;Võlg;EST;FILM
20.05.2026;Võta või jäta;EST;FILM
20.05.2026;Võtmeküsimus;EST;FILM
20.05.2026;Ära jäta mind maha;EST;FILM
20.05.2026;Õnnelind flamingo;EST;FILM
20.05.2026;Öine navigatsioon;EST;FILM
20.05.2026;Öised lood;EST;FILM
20.05.2026;Ühe minuti filmid 2020 - Digikultuuriaasta;EST;FILM
20.05.2026;Ühe minuti filmid 2021 - Keel ja keskkond;EST;FILM
20.05.2026;Ühe minuti filmid 2022 - Keha ja keel;EST;FILM
20.05.2026;Ühe minuti filmid 2023 - Märk ja meel;EST;FILM
20.05.2026;Ühe minuti filmid 2024 - AI=TA;EST;FILM
20.05.2026;Ühe suve akvarellid;EST;FILM
20.05.2026;Ülekuulamine Vikerraadio keldris;EST;FILM
20.05.2026;Aasta õpetaja gala 2025;EST;ENTER
20.05.2026;ETV 60: Staaride paraad;EST;ENTER
20.05.2026;Eesti Laul 2026. Finaali eel;EST;ENTER
20.05.2026;Eesti Laul 2026. Kuulamine;EST;ENTER
20.05.2026;Eesti Laul 2026. Start;EST;ENTER
20.05.2026;Eesti laul 2026 (eesti viipekeeles);EST;ENTER
20.05.2026;Eesti parimad ettevõtted 2025;EST;ENTER
20.05.2026;Huumoriklubi esitleb: Jan Uuspõllu röst;EST;ENTER
20.05.2026;Krooniball;EST;ENTER
20.05.2026;Leelo: Ükskord me naerame niikuinii;EST;ENTER
20.05.2026;MEIE BINGO!;EST;ENTER
20.05.2026;Maailm ja mõnda;EST;ENTER
20.05.2026;Mullaketrajad: pean saama tantsupeole, muidu suren!;EST;ENTER
20.05.2026;Naerda või mitte naerda...;EST;ENTER
20.05.2026;Pühademuinasjutt;EST;ENTER
20.05.2026;Rahva oma kaitse 30;EST;ENTER
20.05.2026;Saaremaa ooperipäevad 2025;EST;ENTER
20.05.2026;Spordiaasta tähed 2025;EST;ENTER
20.05.2026;Spordiaasta tähed 2025 (eesti viipekeeles);EST;ENTER
20.05.2026;Suur aastalõpuviktoriin 2025;EST;ENTER
20.05.2026;Sven Lõhmus. 30 aastat hitte. Lava taga;EST;ENTER
20.05.2026;Tantsuperepidu;EST;ENTER
20.05.2026;Telemuna 2025;EST;ENTER
20.05.2026;Ukuaru muusikamaja avamine;EST;ENTER
20.05.2026;12 punkti! Eurovisiooni hitid;EST;ENTER
20.05.2026;4x4;EST;ENTER
20.05.2026;55-mis-siis;EST;ENTER
20.05.2026;ABBA forever;EST;ENTER
20.05.2026;Aasta tähtsaim pidu;EST;ENTER
20.05.2026;Abistav käsi;EST;ENTER
20.05.2026;Ada. Eesti oma Marilyn;EST;ENTER
20.05.2026;Ada. Rääkimata lugu;EST;ENTER
20.05.2026;Aga miks ka mitte. Kuldne Trio;EST;ENTER
20.05.2026;Annega Sopotis;EST;ENTER
20.05.2026;Arhanna ja Noorte Eurovisioon 2023;EST;ENTER
20.05.2026;Arvo Kruusement. Filmirežissöör;EST;ENTER
20.05.2026;Bedwetters Vabaduse väljakul;EST;ENTER
20.05.2026;Chuck Norris vs Muttika ja Hermaküla;EST;ENTER
20.05.2026;Doo-nau;EST;ENTER
20.05.2026;ETV huumori kuld;EST;ENTER
20.05.2026;Eesti Laul 2025;EST;ENTER
20.05.2026;Eesti Laul 2025. Etteasted ja muusikavideod;EST;ENTER
20.05.2026;Eesti Laul 2025. Finaal (viipekeelse tõlkega);EST;ENTER
20.05.2026;Eesti filmi- ja teleauhinnad;EST;ENTER
20.05.2026;Eesti ja Juhan Paadam, 12 punkti!;EST;ENTER
20.05.2026;Eesti lipp ümber...;EST;ENTER
20.05.2026;Eesti mustrid;EST;ENTER
20.05.2026;Eesti muusikute salajutud;EST;ENTER
20.05.2026;Eesti mäng;EST;ENTER
20.05.2026;Eesti mäng. Aastavahetuse eri;EST;ENTER
20.05.2026;Elu parim nali;EST;ENTER
20.05.2026;Endel Nõgene. Maestro Tartust;EST;ENTER
20.05.2026;Esto TV;EST;ENTER
20.05.2026;Euroopa päeva kontsert;EST;ENTER
20.05.2026;Gunnar Graps. Trubaduur magistraalil;EST;ENTER
20.05.2026;Harilik kontsert;EST;ENTER
20.05.2026;Heade mõtete suvi. Aivar Tommingas;EST;ENTER
20.05.2026;Helgi Sallo. Jumala puudutus;EST;ENTER
20.05.2026;Hendrik Relvega Borneo vihmametsas;EST;ENTER
20.05.2026;Hommik Anuga;EST;ENTER
20.05.2026;Igihaljas vaatemäng;EST;ENTER
20.05.2026;Isad ja pojad. Ivo, Robert ja Albert Linna;EST;ENTER
20.05.2026;Jan Uuspõld ja Ago Anderson. Piiri peal;EST;ENTER
20.05.2026;Jõulud läbi aja;EST;ENTER
20.05.2026;Jõulusokk;EST;ENTER
20.05.2026;Kaamera käib! Võte!!!;EST;ENTER
20.05.2026;Kelle laul on lauldud. Paroodiad Linnateatri näitlejatelt;EST;ENTER
20.05.2026;Kes küll seda teaks?;EST;ENTER
20.05.2026;Kevade Aafrikas;EST;ENTER
20.05.2026;Kihnu Virve merelaulud;EST;ENTER
20.05.2026;Kitsas king;EST;ENTER
20.05.2026;Klassikatähed;EST;ENTER
20.05.2026;Kodukäijad;EST;ENTER
20.05.2026;Kohtumispaik Lõuna-Eesti;EST;ENTER
20.05.2026;Kontakt;EST;ENTER
20.05.2026;Koolitants;EST;ENTER
20.05.2026;Koolitants esitleb. Jäljed;EST;ENTER
20.05.2026;Koomikud ja küsimused;EST;ENTER
20.05.2026;Kreisiraadio juubel;EST;ENTER
20.05.2026;Kreisiraadio tänutuur;EST;ENTER
20.05.2026;Kreisiraadio šõu;EST;ENTER
20.05.2026;Kuidas valmistutakse Eurovisiooniks Baselis;EST;ENTER
20.05.2026;Kuulsuste lahing;EST;ENTER
20.05.2026;Kõhuhääl;EST;ENTER
20.05.2026;Kõige õigem eestlane;EST;ENTER
20.05.2026;Köögikodanikud;EST;ENTER
20.05.2026;Kümme aastat hiljem. Eurovisioon Tallinnas;EST;ENTER
20.05.2026;"Kümnes korrus.""Õnne 13"" tegijad Itaalias";EST;ENTER
20.05.2026;Laulu- ja tantsumängud;EST;ENTER
20.05.2026;Legende täis Estonia;EST;ENTER
20.05.2026;Liblikalend;EST;ENTER
20.05.2026;Liblikavõrguga Kamerunis;EST;ENTER
20.05.2026;Luiskajad;EST;ENTER
20.05.2026;Maa, armastan Sind!;EST;ENTER
20.05.2026;Maitse sünd;EST;ENTER
20.05.2026;Maitserännak Eestimaal;EST;ENTER
20.05.2026;Mattiiseni õpilased;EST;ENTER
20.05.2026;Mees Manijast;EST;ENTER
20.05.2026;Meie Uduvere;EST;ENTER
20.05.2026;Meie hitt;EST;ENTER
20.05.2026;Meie kirjanduse lugu;EST;ENTER
20.05.2026;Metsavennad;EST;ENTER
20.05.2026;Metslased;EST;ENTER
20.05.2026;Mida teie arvate?;EST;ENTER
20.05.2026;Miks ka mitte;EST;ENTER
20.05.2026;Mina ka;EST;ENTER
20.05.2026;Minu ETV;EST;ENTER
20.05.2026;Minu teine mina;EST;ENTER
20.05.2026;Mis valesti, see uuesti 2022;EST;ENTER
20.05.2026;Morgani kohtumine organitega. Melonovell;EST;ENTER
20.05.2026;Mount Everest;EST;ENTER
20.05.2026;Must habe tahab teada;EST;ENTER
20.05.2026;Mustamäe tango;EST;ENTER
20.05.2026;Mäng nimega Justament;EST;ENTER
20.05.2026;"Märt Avandi ja Ott Sepa lauluvõistlus ""Pean saama Eurovisioonile, muidu suren 2010""";EST;ENTER
20.05.2026;Mööda rohelisi niite. Eesti Raadio Meeskvarteti lugu;EST;ENTER
20.05.2026;Naapurivisa;EST;ENTER
20.05.2026;Nalja nabani 2019;EST;ENTER
20.05.2026;Naljatera;EST;ENTER
20.05.2026;Namaste;EST;ENTER
20.05.2026;Noor meister;EST;ENTER
20.05.2026;Nuta või naera;EST;ENTER
20.05.2026;Otseülekanne noortepeolt;EST;ENTER
20.05.2026;Perepidu;EST;ENTER
20.05.2026;Piirilinnus;EST;ENTER
20.05.2026;Piiritult maitsvad pühad;EST;ENTER
20.05.2026;Pool sajandit värske Apelsin;EST;ENTER
20.05.2026;Presidendi kõne;EST;ENTER
20.05.2026;Punk teraapia;EST;ENTER
20.05.2026;Päev Lulliga. Luule Komissarov 80;EST;ENTER
20.05.2026;Päkapikudisko;EST;ENTER
20.05.2026;Quando, Quando;EST;ENTER
20.05.2026;Rahva oma kaitse. Aastavahetuse eri;EST;ENTER
20.05.2026;Rahvas laulab;EST;ENTER
20.05.2026;Rakett 69;EST;ENTER
20.05.2026;Raudse eesriide jumalused;EST;ENTER
20.05.2026;"Raugematu ""Laine""";EST;ENTER
20.05.2026;Reis ümber Eesti;EST;ENTER
20.05.2026;Reisile minuga;EST;ENTER
20.05.2026;Reklaamiklubi naeratus;EST;ENTER
20.05.2026;Restoran 0;EST;ENTER
20.05.2026;Rohke kalatuur;EST;ENTER
20.05.2026;Route 66. Ameerika kahel pool maanteed;EST;ENTER
20.05.2026;Saatevigad;EST;ENTER
20.05.2026;Salapärased saared Vaikses ookeanis;EST;ENTER
20.05.2026;Segasummasuvila ratastel;EST;ENTER
20.05.2026;Soovikontsert emadele;EST;ENTER
20.05.2026;Sulev Nõmmik. Rohkem kui Ärni;EST;ENTER
20.05.2026;Suuri näitlejaid: Jan Uuspõld;EST;ENTER
20.05.2026;Suus sulav Eesti;EST;ENTER
20.05.2026;Suust suhu. Muusikamäng;EST;ENTER
20.05.2026;Suvenaabrid;EST;ENTER
20.05.2026;Sõnadeta lugu;EST;ENTER
20.05.2026;TV oraakel;EST;ENTER
20.05.2026;Tants + linn;EST;ENTER
20.05.2026;Tarmo album;EST;ENTER
20.05.2026;Tartu 2024. Justament ja Stefan Autovabaduse puiesteel;EST;ENTER
20.05.2026;Tartu Ülikooli mäetipu vallutamine. 30 aastat hiljem;EST;ENTER
20.05.2026;Tartu2024. Suur Suvepidu;EST;ENTER
20.05.2026;Teeme Tee Vee magusaks;EST;ENTER
20.05.2026;Terve Eesti jaaniõhtu. Videodisko;EST;ENTER
20.05.2026;Tippkohtumine;EST;ENTER
20.05.2026;Tommy Cash. Espresso Estonia;EST;ENTER
20.05.2026;Trumpi müüri radadel;EST;ENTER
20.05.2026;Tujurikkuja parimad palad;EST;ENTER
20.05.2026;Täna õhtul...;EST;ENTER
20.05.2026;Urissaare kauboid;EST;ENTER
20.05.2026;Usu mind;EST;ENTER
20.05.2026;Uusaastapidu kooperatiivis Kukeke;EST;ENTER
20.05.2026;Vali kord;EST;ENTER
20.05.2026;Veetee;EST;ENTER
20.05.2026;Vladislav - matemaatik sule ja õngega;EST;ENTER
20.05.2026;Värvimuusika;EST;ENTER
20.05.2026;Võimas Viru Laul;EST;ENTER
20.05.2026;Wend Weis;EST;ENTER
20.05.2026;Winny Puhh. Kuuselõhna täis on tuba;EST;ENTER
20.05.2026;Winny Puhh: maailma veidraim bänd;EST;ENTER
20.05.2026;ehh, uhhuduur;EST;ENTER
20.05.2026;Üksinda ookeanil;EST;ENTER
20.05.2026;Ürgne maa Siber;EST;ENTER
20.05.2026;Avatud ülikool;EST;EDU
20.05.2026;Aeg õppida;EST;EDU
20.05.2026;Arhitektuurime;EST;EDU
20.05.2026;Eesti looduslikud pühapaigad;EST;EDU
20.05.2026;Elavad nukud;EST;EDU
20.05.2026;Heureka;EST;EDU
20.05.2026;IT-vaatlik;EST;EDU
20.05.2026;Köögikunst;EST;EDU
20.05.2026;Ma armastan prantsuse keelt;EST;EDU
20.05.2026;Maailma kõige targem rahvas;EST;EDU
20.05.2026;Meie maailm;EST;EDU
20.05.2026;Ohhoo!;EST;EDU
20.05.2026;Peata oma sõbrad;EST;EDU
20.05.2026;Teadus kasumiks;EST;EDU
20.05.2026;Vabadussõja lugu;EST;EDU
20.05.2026;Ööülikooli rännakud;EST;EDU
20.05.2026;Tee oma tee;EST;EDU
20.05.2026;10 aastat kunstiresidentuuri Narvas;EST;CULTURE
20.05.2026;350 korda sündinud;EST;CULTURE
20.05.2026;Ainus Anne Veski;EST;CULTURE
20.05.2026;Anima tsoon;EST;CULTURE
20.05.2026;Arvo Pärdi sünnipäev New Yorgis;EST;CULTURE
20.05.2026;Arvo Pärt Inglite linnas;EST;CULTURE
20.05.2026;August Gailit;EST;CULTURE
20.05.2026;Dave Benton. Natukene eestlane;EST;CULTURE
20.05.2026;EKM 100;EST;CULTURE
20.05.2026;Eesti Televisioon;EST;CULTURE
20.05.2026;Eesti arhitektuuripreemiad 2024;EST;CULTURE
20.05.2026;Eesti nüüdiskunst;EST;CULTURE
20.05.2026;Eesti teatri auhinnad 2026;EST;CULTURE
20.05.2026;Egon Nuter. Saladus sees;EST;CULTURE
20.05.2026;Elu õpetaja;EST;CULTURE
20.05.2026;Enno. Luuletaja Ernst Enno elu ja looming;EST;CULTURE
20.05.2026;Esimese jõulupüha jumalateenistus Rakvere Karmeli kirikust;EST;CULTURE
20.05.2026;Fotosaated;EST;CULTURE
20.05.2026;Harju 1-50;EST;CULTURE
20.05.2026;Ilmsi või unes. Ivo Uukkivi;EST;CULTURE
20.05.2026;Intervjuu Ago-Endrik Kergega;EST;CULTURE
20.05.2026;Intiimne linn;EST;CULTURE
20.05.2026;Järvimuusika;EST;CULTURE
20.05.2026;Jõuluõhtu jumalateenistus Jõelähtme kirikus;EST;CULTURE
20.05.2026;Jüri Üdi klubi;EST;CULTURE
20.05.2026;Kaie Kõrb;EST;CULTURE
20.05.2026;Kristjan Raud;EST;CULTURE
20.05.2026;Kultuurkapitali aastapreemiad 2025;EST;CULTURE
20.05.2026;Lihtsalt Ants Sööt;EST;CULTURE
20.05.2026;Linnateater. Lõpuks kodus;EST;CULTURE
20.05.2026;Linnutee tuuled;EST;CULTURE
20.05.2026;Luulur;EST;CULTURE
20.05.2026;Lühhike öppetus Eesti kultuurist;EST;CULTURE
20.05.2026;Maast ja ilmast;EST;CULTURE
20.05.2026;Maised ihad;EST;CULTURE
20.05.2026;Minu laulupidu;EST;CULTURE
20.05.2026;Muhu mustrid ja värvid;EST;CULTURE
20.05.2026;Muinsuskaitseameti aastaauhinnad 2025;EST;CULTURE
20.05.2026;Muusikast Mihkel Rauaga;EST;CULTURE
20.05.2026;NO99 Kunstikool;EST;CULTURE
20.05.2026;Naine, kes võtab vähe ruumi;EST;CULTURE
20.05.2026;Oja juures;EST;CULTURE
20.05.2026;Oliüks Henno;EST;CULTURE
20.05.2026;Peapiiskop Eduard Profittlichi SJ õndsakskuulutamise missa;EST;CULTURE
20.05.2026;Pildikastis;EST;CULTURE
20.05.2026;Portree;EST;CULTURE
20.05.2026;Protsendikunst;EST;CULTURE
20.05.2026;Pärimusmuusika lõikuspidu. Etnokulp 2025;EST;CULTURE
20.05.2026;Ridade vahel;EST;CULTURE
20.05.2026;Sal-Saller. See on see, mis paneb elama;EST;CULTURE
20.05.2026;See suur, et... Raivo E. Tamm;EST;CULTURE
20.05.2026;Siia tuleb teater;EST;CULTURE
20.05.2026;Suur reede. Ristitee Vastseliinas;EST;CULTURE
20.05.2026;Taskus hoitud liblikad. Karl Ristikivi;EST;CULTURE
20.05.2026;Trammisõit. Juhan Viiding;EST;CULTURE
20.05.2026;Tuhat tutvust;EST;CULTURE
20.05.2026;Vaikusest sündinud. Arvo Pärt;EST;CULTURE
20.05.2026;Veelinnurahvas;EST;CULTURE
20.05.2026;Veljo Tormis 90. Tormis ja tuules;EST;CULTURE
20.05.2026;Väike luulesaade;EST;CULTURE
20.05.2026;Yasmyn. Selgus päevaks või paariks;EST;CULTURE
20.05.2026;u.Q.;EST;CULTURE
20.05.2026;Ülestõusmispühade jumalateenistus EKNK Toompea Koguduses;EST;CULTURE
20.05.2026;100 luulepärli;EST;CULTURE
20.05.2026;AHHAA! 27 aastat teadust!;EST;CULTURE
20.05.2026;Aaria;EST;CULTURE
20.05.2026;Ago Anderson. Rõõm on kõige tähtsam;EST;CULTURE
20.05.2026;Aino Talvi;EST;CULTURE
20.05.2026;Aino on ainus! Aino Pervik 90;EST;CULTURE
20.05.2026;Aja jälg kivis. Meie raadiomajad;EST;CULTURE
20.05.2026;Aja jälg kivis. Pariisi kunstikohvikud;EST;CULTURE
20.05.2026;Allan Noormets. Nagu teile meeldib;EST;CULTURE
20.05.2026;Alo. Surematu;EST;CULTURE
20.05.2026;Arhitekt;EST;CULTURE
20.05.2026;Ariste;EST;CULTURE
20.05.2026;Arvo Pärt - isegi kui ma kõik kaotan;EST;CULTURE
20.05.2026;Arvo Pärt. Lapsepõlve lood;EST;CULTURE
20.05.2026;Arvo Pärt. Päevikud;EST;CULTURE
20.05.2026;Astu pardale!;EST;CULTURE
20.05.2026;Ateljeekontsert;EST;CULTURE
20.05.2026;Autoportree;EST;CULTURE
20.05.2026;Ave Alavainu. Kärdla pipar, suhkur ja sool;EST;CULTURE
20.05.2026;Ballettmeister. Mai Murdmaa;EST;CULTURE
20.05.2026;Betti Alver. Ilmauks on irvakil;EST;CULTURE
20.05.2026;DeStudio. Pohmelus;EST;CULTURE
20.05.2026;Dialoogid. Helilooja Valentin Silvestrov;EST;CULTURE
20.05.2026;Dirigendid;EST;CULTURE
20.05.2026;Disainer number üks;EST;CULTURE
20.05.2026;Edur, Aints, Modigliani Estonia laval;EST;CULTURE
20.05.2026;Eesti Muusika- ja Teatriakadeemia 100. Ajaloost ja inimestest;EST;CULTURE
20.05.2026;Eesti Tennis 100;EST;CULTURE
20.05.2026;Eesti kunst;EST;CULTURE
20.05.2026;Eesti muuseumide aastaauhinnad;EST;CULTURE
20.05.2026;Eesti raamat 500;EST;CULTURE
20.05.2026;Eesti teatri auhinnad 2025;EST;CULTURE
20.05.2026;Eetrikunst;EST;CULTURE
20.05.2026;Einari Koppel rollideprismas;EST;CULTURE
20.05.2026;Eksklusiivintervjuu Reet Ojaga;EST;CULTURE
20.05.2026;Ellujäämise kunst;EST;CULTURE
20.05.2026;Elu ja aeg kivis, puus, metallis;EST;CULTURE
20.05.2026;Elujõud. Kai Leete;EST;CULTURE
20.05.2026;Enam kui elu;EST;CULTURE
20.05.2026;Epikuurlase õnnelik teekond. Eino Tambergi 6 maapealset episoodi;EST;CULTURE
20.05.2026;Eri Klas. Õnnelik inimene;EST;CULTURE
20.05.2026;Ester Mägi. Kadents ja teema;EST;CULTURE
20.05.2026;Estraadisangarid;EST;CULTURE
20.05.2026;Estraaditähestik;EST;CULTURE
20.05.2026;Eve Kivi. Diivana elatud elu;EST;CULTURE
20.05.2026;Everiga ja Ever Ita;EST;CULTURE
20.05.2026;Filminäitleja;EST;CULTURE
20.05.2026;Fragile. Nägemiseni laval;EST;CULTURE
20.05.2026;Galina;EST;CULTURE
20.05.2026;Georg Ots. Tavaline inimene;EST;CULTURE
20.05.2026;Griša;EST;CULTURE
20.05.2026;Guido Kangur. Elu ilusaim aeg;EST;CULTURE
20.05.2026;Guido Kangur. Kodukoht;EST;CULTURE
20.05.2026;Haldja talu valgus. Helju Mikkel;EST;CULTURE
20.05.2026;Hea tuju maaletooja. Anne Veski;EST;CULTURE
20.05.2026;Heino Eller. Quinta Essentia;EST;CULTURE
20.05.2026;Heinz Valk. Võidumees;EST;CULTURE
20.05.2026;Hermaküla;EST;CULTURE
20.05.2026;Hermaküla. Kadunud isa;EST;CULTURE
20.05.2026;Hüüdja hääl;EST;CULTURE
20.05.2026;Idée fixe;EST;CULTURE
20.05.2026;Igavesti Teie;EST;CULTURE
20.05.2026;Inimeselt inimesele;EST;CULTURE
20.05.2026;Jaapan nõudmiseni;EST;CULTURE
20.05.2026;Jagatud valgus. Dolores Hoffman;EST;CULTURE
20.05.2026;Juhan Aare Kuldaeg;EST;CULTURE
20.05.2026;Jumalaga rock'n'roll;EST;CULTURE
20.05.2026;Jutud Juuretasandil;EST;CULTURE
20.05.2026;Järvid: Täiuslik kolmkõla;EST;CULTURE
20.05.2026;Kaadris;EST;CULTURE
20.05.2026;Kaarel Kurismaa ajatuse piirid;EST;CULTURE
20.05.2026;Kadriorg;EST;CULTURE
20.05.2026;Kadunud aegade elustaja Fredy Tomps;EST;CULTURE
20.05.2026;Kaleva hääled;EST;CULTURE
20.05.2026;Keeleveski;EST;CULTURE
20.05.2026;Kihnu naine;EST;CULTURE
20.05.2026;Killud;EST;CULTURE
20.05.2026;Kirjad Islandilt;EST;CULTURE
20.05.2026;Kirjanduse aeg;EST;CULTURE
20.05.2026;Kirjandusministri juures. Muusika eri;EST;CULTURE
20.05.2026;Kivikasukas;EST;CULTURE
20.05.2026;Kloostriga seotud;EST;CULTURE
20.05.2026;Koeratüdruk Lotte lugu;EST;CULTURE
20.05.2026;Kohtumine Ingo Normetiga;EST;CULTURE
20.05.2026;Koit ja Hämarik;EST;CULTURE
20.05.2026;Koma;EST;CULTURE
20.05.2026;Konrad Mägi eluloofilm. Kunst on ainuke pääsetee;EST;CULTURE
20.05.2026;Kross Krossilt;EST;CULTURE
20.05.2026;Kuidas elad;EST;CULTURE
20.05.2026;Kukerpillide rapsoodia;EST;CULTURE
20.05.2026;Kultuur on kallis;EST;CULTURE
20.05.2026;Kultuuri kodu;EST;CULTURE
20.05.2026;Kultuuristuudio. Kirjandusministri juures;EST;CULTURE
20.05.2026;Kultuurkapitali aastapreemiate gala;EST;CULTURE
20.05.2026;Kunstihetk;EST;CULTURE
20.05.2026;Kunstiskandaalid;EST;CULTURE
20.05.2026;Kõmrimaa kutse;EST;CULTURE
20.05.2026;Kümme kaadrit;EST;CULTURE
20.05.2026;La Peebo läbi peegli;EST;CULTURE
20.05.2026;Laske mind Lavale;EST;CULTURE
20.05.2026;Laul, ava tiivad;EST;CULTURE
20.05.2026;Laulu- ja tantsupidu - Eesti ime;EST;CULTURE
20.05.2026;Lauri Leesi. Õpetaja Hariduse tänavalt;EST;CULTURE
20.05.2026;Lauri Vasar. Bariton maailmalaval;EST;CULTURE
20.05.2026;Lennud;EST;CULTURE
20.05.2026;Leonhard Lapin. Protsess;EST;CULTURE
20.05.2026;Lepo Sumera südameasjad. 10 aastat hiljem;EST;CULTURE
20.05.2026;Liivlaste lood;EST;CULTURE
20.05.2026;Loss;EST;CULTURE
20.05.2026;Luigeluum;EST;CULTURE
20.05.2026;Luulest, elust ja armastusest. Vahur Kersna vestleb Kristiina Ehiniga;EST;CULTURE
20.05.2026;Lydia;EST;CULTURE
20.05.2026;Lõpetamata linn;EST;CULTURE
20.05.2026;MI;EST;CULTURE
20.05.2026;Maagiline Kaljo Kiisk;EST;CULTURE
20.05.2026;Maailma valgus;EST;CULTURE
20.05.2026;Maile Grünbergi värvilised maailmad;EST;CULTURE
20.05.2026;Maran;EST;CULTURE
20.05.2026;Mare Tralla saladus;EST;CULTURE
20.05.2026;Mari Lill. Jääda heaks;EST;CULTURE
20.05.2026;Maria Klenskaja. Naine, kes ei räägi iseendast;EST;CULTURE
20.05.2026;Marika Vaarik. Radikaalne loobuja;EST;CULTURE
20.05.2026;Marju Lepajõe. Päevade sõnad;EST;CULTURE
20.05.2026;Marju. Südame kutse;EST;CULTURE
20.05.2026;Mark Soosaar. Kollektsioon;EST;CULTURE
20.05.2026;Martin Veinmann. Elu keset teatrit;EST;CULTURE
20.05.2026;Mees missioonil;EST;CULTURE
20.05.2026;Meie Aja Kunst;EST;CULTURE
20.05.2026;Meie Artur;EST;CULTURE
20.05.2026;Meie maailma nurk. Lossi dekonstruktsioon nr 3;EST;CULTURE
20.05.2026;Meie sõbrad nukud;EST;CULTURE
20.05.2026;Meil on pidu;EST;CULTURE
20.05.2026;Mereluulepidu 2020;EST;CULTURE
20.05.2026;Merle Palmiste. Elulaval;EST;CULTURE
20.05.2026;Milarepa laulud;EST;CULTURE
20.05.2026;Mina olengi protokoll. Lennart Meri;EST;CULTURE
20.05.2026;Minu Virumaa;EST;CULTURE
20.05.2026;Minu pidu;EST;CULTURE
20.05.2026;Mul annet on ka äikeseks;EST;CULTURE
20.05.2026;Muusad ei vaikinud;EST;CULTURE
20.05.2026;Muusika ja teatri kodu;EST;CULTURE
20.05.2026;Muutumise vaev;EST;CULTURE
20.05.2026;Mõistus, tahe, töö ja Lauter;EST;CULTURE
20.05.2026;Mõtõlus;EST;CULTURE
20.05.2026;Neeme Järvi. Muusika üle kõige;EST;CULTURE
20.05.2026;Näitleja;EST;CULTURE
20.05.2026;OP;EST;CULTURE
20.05.2026;OP lood;EST;CULTURE
20.05.2026;Ob-la-di, Ob-la-da;EST;CULTURE
20.05.2026;Oksjon;EST;CULTURE
20.05.2026;Olav Ehala. Helide redelil;EST;CULTURE
20.05.2026;Olete te õnnelik, Ita Ever?;EST;CULTURE
20.05.2026;Olev Sooants-Soans. Eestimaa piltatlas;EST;CULTURE
20.05.2026;Olev Subbi 90;EST;CULTURE
20.05.2026;Olev Subbi. Elu kuues peatükis;EST;CULTURE
20.05.2026;Oli kord Rock Summer;EST;CULTURE
20.05.2026;Omariikluse katkematu punane lõng;EST;CULTURE
20.05.2026;Omavahel;EST;CULTURE
20.05.2026;Onu Bella. Uude maailma minek;EST;CULTURE
20.05.2026;Orelimeister;EST;CULTURE
20.05.2026;Paul Keres. Kuningas;EST;CULTURE
20.05.2026;Peadirigent;EST;CULTURE
20.05.2026;Peep Puksi lugu;EST;CULTURE
20.05.2026;Pildipüüdjad;EST;CULTURE
20.05.2026;Pilk sirmi taha;EST;CULTURE
20.05.2026;Pingeväljade aednik;EST;CULTURE
20.05.2026;Pintsel pausile. Kunstihoone kolib;EST;CULTURE
20.05.2026;Piret Kalda. Sõprus ja armastus;EST;CULTURE
20.05.2026;Plekktrumm;EST;CULTURE
20.05.2026;Plekktrummi raamatud;EST;CULTURE
20.05.2026;PÖFF 25;EST;CULTURE
20.05.2026;PÖFFi kaheksa ja pool;EST;CULTURE
20.05.2026;Päeva kunstitöö;EST;CULTURE
20.05.2026;Pärast eesriide langemist;EST;CULTURE
20.05.2026;Pätt või pühak Raul Vaiksoo;EST;CULTURE
20.05.2026;Põhjala pärlid;EST;CULTURE
20.05.2026;Põrgu katlakütja;EST;CULTURE
20.05.2026;Pöide, vaikiv tunnistaja;EST;CULTURE
20.05.2026;Püramiidi tipus;EST;CULTURE
20.05.2026;Rainer Sarneti nähtamatu võitlus;EST;CULTURE
20.05.2026;Raskused viivad tippu. Jaan Talts;EST;CULTURE
20.05.2026;Reet Linna: Elame veel!;EST;CULTURE
20.05.2026;Rein Taagepera - kahemõtteline Eesti;EST;CULTURE
20.05.2026;Riigilooja August Rei;EST;CULTURE
20.05.2026;Ristumise fenomen;EST;CULTURE
20.05.2026;Roman Toi - tagasi kodus;EST;CULTURE
20.05.2026;Salme;EST;CULTURE
20.05.2026;Seto leelo;EST;CULTURE
20.05.2026;Siia, siia, siirdu, viirgu!;EST;CULTURE
20.05.2026;Siin ja praegu;EST;CULTURE
20.05.2026;Siis sai õhtu ja sai hommik;EST;CULTURE
20.05.2026;Sinine Kõrb;EST;CULTURE
20.05.2026;Sukk poolsada;EST;CULTURE
20.05.2026;Sulev Nõmmik;EST;CULTURE
20.05.2026;Suu laulab, süda muretseb;EST;CULTURE
20.05.2026;Suure Reede jumalateenistus Tallinna Metodisti kirikus;EST;CULTURE
20.05.2026;Sõelaga vett. Merle Karusoo;EST;CULTURE
20.05.2026;Sõprusleek;EST;CULTURE
20.05.2026;Süda ei põle ära;EST;CULTURE
20.05.2026;Sündinud tantsule. Kai Leete;EST;CULTURE
20.05.2026;Sünnipäevaintervjuu. Andrus Kivirähk;EST;CULTURE
20.05.2026;TANTSUTAJAD ehk rahvatantsust Karksi-Nuia moodi;EST;CULTURE
20.05.2026;Taavi Teplenkov - tema majesteet komödiant;EST;CULTURE
20.05.2026;Taevapõdra rahvaste laulud;EST;CULTURE
20.05.2026;Tagasi Kadriorus;EST;CULTURE
20.05.2026;Tallinn täis muusikat;EST;CULTURE
20.05.2026;Tantsivad kõik;EST;CULTURE
20.05.2026;Teaduspalavik;EST;CULTURE
20.05.2026;Teatri vang;EST;CULTURE
20.05.2026;Teatriaasta 12 kuud;EST;CULTURE
20.05.2026;Teekond koju;EST;CULTURE
20.05.2026;Televisiooni lapsed;EST;CULTURE
20.05.2026;Tintinnabuli metsas;EST;CULTURE
20.05.2026;Toorumi pojad;EST;CULTURE
20.05.2026;Tour de Danse;EST;CULTURE
20.05.2026;Tuleb tuttav ette;EST;CULTURE
20.05.2026;Tulekandjad;EST;CULTURE
20.05.2026;Tummahammas keset toomepuid. Andres Ehin;EST;CULTURE
20.05.2026;Tähelaev;EST;CULTURE
20.05.2026;Tähelepanu! Tegemist on teadusega;EST;CULTURE
20.05.2026;Tõde ja õigus. Filmi lugu;EST;CULTURE
20.05.2026;Tõnu Kõrvits. Lageda laulud;EST;CULTURE
20.05.2026;Tööstustsoon;EST;CULTURE
20.05.2026;UNESCO Eesti pärand;EST;CULTURE
20.05.2026;Uno Loop. Armastuse värvid;EST;CULTURE
20.05.2026;Unustatud rahvaste jälgedes III;EST;CULTURE
20.05.2026;Urmas Ott ja teised. Viimane saade;EST;CULTURE
20.05.2026;Urve Tauts. Muusika on kõiges süüdi;EST;CULTURE
20.05.2026;Uudishimu tippkeskus;EST;CULTURE
20.05.2026;Vanemuise mosaiik;EST;CULTURE
20.05.2026;Veab nagu Subbil...;EST;CULTURE
20.05.2026;Vennad Ernesaksad;EST;CULTURE
20.05.2026;Vetelkõndija;EST;CULTURE
20.05.2026;Via Dolorosa;EST;CULTURE
20.05.2026;Villem Ernits;EST;CULTURE
20.05.2026;Voldemar Kuslap. Roostevaba bariton;EST;CULTURE
20.05.2026;Volikiri Alo Mattiisenile;EST;CULTURE
20.05.2026;Vseviov;EST;CULTURE
20.05.2026;Väikese Illimari radadel;EST;CULTURE
20.05.2026;Väino Puura. Krutskitega romantik;EST;CULTURE
20.05.2026;Wunderbar Vaarik;EST;CULTURE
20.05.2026;XIII noorte tantsupidu Sillad;EST;CULTURE
20.05.2026;Äraoldud päevade summa. Eduard Tubin;EST;CULTURE
20.05.2026;Õhtutund kirjanikuga;EST;CULTURE
20.05.2026;Õnnemaastikud. Olev Subbi;EST;CULTURE
20.05.2026;Õnnepalu aeg;EST;CULTURE
20.05.2026;Ühe maja lugu;EST;CULTURE
20.05.2026;Ühe unistuse maja;EST;CULTURE
20.05.2026;Ühest priiuserüütlist. Peeter Jakobi;EST;CULTURE
20.05.2026;Ülestõusmispühade jumalateenistus Tallinna püha Siimeoni ja naisprohvet Hanna kirikus;EST;CULTURE
20.05.2026;Põrgu;EST;ANIMA
20.05.2026;Suur Tõll;EST;ANIMA
20.05.2026;Veekandja;EST;ANIMA
20.05.2026;Aeg maha;EST;ANIMA
20.05.2026;Casablanca;EST;ANIMA
20.05.2026;Eesti retromultikad;EST;ANIMA
20.05.2026;Huviline filmikaamera;EST;ANIMA
20.05.2026;Kilplased;EST;ANIMA
20.05.2026;Klaabu;EST;ANIMA
20.05.2026;Klaasikillumäng;EST;ANIMA
20.05.2026;Koerkorter;EST;ANIMA
20.05.2026;Kunksmoor;EST;ANIMA
20.05.2026;Meemeistrite linn;EST;ANIMA
20.05.2026;Paberileht;EST;ANIMA
20.05.2026;Pagar ja korstnapühkija;EST;ANIMA
20.05.2026;Priit Pärna joonisfilmid;EST;ANIMA
20.05.2026;Rein Raamatu animafilmid;EST;ANIMA
20.05.2026;Rüblik;EST;ANIMA
20.05.2026;Tartu aknad, mu arm;EST;ANIMA
20.05.2026;Väike Teine;EST;ANIMA
20.05.2026;2000.ee;EST;INFOTAINMENT
20.05.2026;7 vaprat. Unplugged;EST;MUSIC
20.05.2026;Aia elu;EST;LIFE
20.05.2026;Ajaviitur;EST;ENTER
20.05.2026;Antipolis;EST;ANIMA
20.05.2026;Balti paralleelid;EST;LIFE
20.05.2026;David Vseviov. Mineviku mõtestaja;EST;CULTURE
20.05.2026;So Long, Marianne;COPRO;SERIES
20.05.2026;Agatha Christie Hjerson;COPRO;SERIES
20.05.2026;Davos 1917;COPRO;SERIES
20.05.2026;Esimesed päevad;COPRO;SERIES
20.05.2026;Vaikimine;COPRO;SERIES
20.05.2026;Ukrainlased sõjas;COPRO;NEWS
20.05.2026;Aeglaselt põleva maa laulud;COPRO;LIFE
20.05.2026;Häda Mr Doodle'iga;COPRO;LIFE
20.05.2026;Kaks võõrast vaenujalal;COPRO;LIFE
20.05.2026;Päev, mil Island seiskus;COPRO;LIFE
20.05.2026;Venus ja Serena. Mängumuutjad;COPRO;LIFE
20.05.2026;Dinosauruste hukk;COPRO;INFO
20.05.2026;Malekuningas Kasparov;COPRO;INFO
20.05.2026;Mesilase päevaraamat;COPRO;INFO
20.05.2026;Nazca kõrbe saladus;COPRO;INFO
20.05.2026;Pompei. Uued avastused;COPRO;INFO
20.05.2026;Tõde ja valed;COPRO;INFO
20.05.2026;Edu saladused;COPRO;INFO
20.05.2026;Erakordsed Šveitsi mägiraudteed;COPRO;INFO
20.05.2026;Maksusõjad;COPRO;INFO
20.05.2026;Nõukogudeaja bussiootepaviljonid;COPRO;INFO
20.05.2026;Tuumajaamad sõjakeerises;COPRO;INFO
20.05.2026;Tšingis-khaani Mongoolia;COPRO;INFO
20.05.2026;Gloria!;COPRO;FILM
20.05.2026;Jane Eyre;COPRO;FILM
20.05.2026;Kasiino;COPRO;FILM
20.05.2026;Roheline raamat;COPRO;FILM
20.05.2026;Räägi temaga;COPRO;FILM
20.05.2026;Sandarm New Yorgis;COPRO;FILM
20.05.2026;Sellised väikesed asjad;COPRO;FILM
20.05.2026;Viimane vahipost;COPRO;FILM
20.05.2026;Guernsey Kirjandus- ja Kartulikoorepiruka Selts;COPRO;FILM
20.05.2026;Hunt ja lõvi;COPRO;FILM
20.05.2026;Isa;COPRO;FILM
20.05.2026;Kahtluste võrk;COPRO;FILM
20.05.2026;Kapten Volkonogovi põgenemine;COPRO;FILM
20.05.2026;Kuidas peaks seksima?;COPRO;FILM
20.05.2026;Legend;COPRO;FILM
20.05.2026;Minu lemmikkook;COPRO;FILM
20.05.2026;Raamatupood;COPRO;FILM
20.05.2026;Võidu nimel;COPRO;FILM
20.05.2026;War Pony;COPRO;FILM
20.05.2026;Üks ilus hommik;COPRO;FILM
20.05.2026;John Galliano. Tipus ja põhjas;COPRO;CULTURE
20.05.2026;My Way;COPRO;CULTURE
20.05.2026;Regilaul - laulud õhust;COPRO;CULTURE
20.05.2026;27;EST;LIFE
20.05.2026;1895;EU;ANIMA
20.05.2026;1991;EST;FILM
20.05.2026;"""Laine"" laulab laevalael";EST;MUSIC
20.05.2026;"""Matrixi"" põlvkond";EU;INFO
20.05.2026;"""Pealtnägija"" fenomen";EST;CULTURE
20.05.2026;"""Ringvaade"" Eesti filmi- ja teleauhindade galal 2020";EST;INFOTAINMENT
20.05.2026;"""Tähtede Lava 2024"" finaali esitused";EST;ENTER
20.05.2026;"""Tähtede lava"" 3. saate laulud";EST;ENTER
20.05.2026;"""Tähtede lava"" kõik laulud";EST;ENTER
20.05.2026;"""Õpi kodus"" soovitused. Annika Sakkarias";EST;EDU
20.05.2026;"""Õpi kodus"" soovitused. Eveli Veske";EST;EDU
20.05.2026;"""Õpi kodus"" soovitused. Johan Randvere";EST;EDU
20.05.2026;"""Õpi kodus"" soovitused. Kaspar Rumm";EST;EDU
20.05.2026;"""Õpi kodus"" soovitused. Kätlin Kuldmaa";EST;EDU
20.05.2026;"""Õpi kodus"" soovitused. Laura Evisalu";EST;EDU
20.05.2026;"""Õpi kodus"" soovitused. Luise Tiks";EST;EDU
20.05.2026;"""Õpi kodus"" soovitused. Ulla Herkel";EST;EDU
20.05.2026;...ja teeb trikke;EST;ANIMA
20.05.2026;...mina pean teed juua saama!;EST;FILM
20.05.2026;10 aastat Eesti Laulu;EST;CULTURE
20.05.2026;100 aastat siia-sinna. Vahur Kersnaga;EST;LIFE
20.05.2026;100 Eesti hetke;EST;INFO
20.05.2026;100 miljardi pudeli probleem;COPRO;INFO
20.05.2026;107 ema;COPRO;FILM
20.05.2026;12 tooli;REST;SERIES
20.05.2026;2 tundi õnneni;EST;LIFE
20.05.2026;20 päeva Mariupolis;REST;LIFE
20.05.2026;2020 Aktuaalses kaameras;EST;INFO
20.05.2026;2021 aasta muinasjutt: EXPO;EST;INFO
20.05.2026;2022 Aktuaalses kaameras;EST;NEWS
20.05.2026;2024 Aktuaalses kaameras;EST;INFO
20.05.2026;25 aastat Eesti iseseisvuse taastamisest;EST;INFOTAINMENT
20.05.2026;252 päeva üksindust;EST;LIFE
20.05.2026;3. oktavi F;EST;FILM
20.05.2026;43. Tartu Rattaralli;EST;SPORT
20.05.2026;4x4. Aafrika;EST;ENTER
20.05.2026;4x4. Island;EST;ENTER
20.05.2026;5 grammi sisemist rahu;EST;FILM
20.05.2026;50 aastat paradiisiaias. Hortus Musicus;EST;MUSIC
20.05.2026;511 paremat fotot Marsist;EST;CULTURE
20.05.2026;55 sammu;EU;FILM
20.05.2026;55-mis siis!: Sporti ja torti!;EST;ENTER
20.05.2026;5800 kilomeetrit koolini;EST;LIFE
20.05.2026;5G - poolt ja vastu;COPRO;INFO
20.05.2026;7 VAPRAT;EST;MUSIC
20.05.2026;8 naist;EU;FILM
20.05.2026;9mm;EST;FILM
20.05.2026;Aadam;COPRO;FILM
20.05.2026;Aafrika pilvepiirilt;COPRO;INFO
20.05.2026;Aalto;NORDICS;CULTURE
20.05.2026;Aarne Rannamäe. Ajakirjaniku ajastu;EST;LIFE
20.05.2026;Aasia Vaikse ookeani rannik - uus püssirohutünn;EU;INFO
20.05.2026;Aasta 1988 ei kordu enam kunagi;EST;CULTURE
20.05.2026;Aasta 2023: Kelle kõrvad paistavad?;EST;LIFE
20.05.2026;Aasta arhitektuuripreemiad 2020;EST;CULTURE
20.05.2026;Aasta arhitektuuripreemiad 2021;EST;CULTURE
20.05.2026;Aasta arhitektuuripreemiad 2022;EST;CULTURE
20.05.2026;Aasta keskkonnaauhinnad;EST;LIFE
20.05.2026;Aasta kool 2025 - nominendid;EST;INFOTAINMENT
20.05.2026;Aasta kool 2025 finalistid;EST;INFOTAINMENT
20.05.2026;Aasta kultuuripealinnas. Tartu 2024;EST;CULTURE
20.05.2026;Aasta muusik 2022. Marcel Johannes Kits;EST;MUSIC
20.05.2026;Aasta muusik. Mari Kalkun;EST;MUSIC
20.05.2026;Aasta säravaimad tähed;EST;LIFE
20.05.2026;Aasta tipphetked 2023;EST;INFOTAINMENT
20.05.2026;Aasta tipphetked 2024;EST;INFOTAINMENT
20.05.2026;Aasta õpetaja gala 2019 keelenaljad;EST;INFOTAINMENT
20.05.2026;Aasta õpetaja gala 2020;EST;INFOTAINMENT
20.05.2026;Aasta õpetaja gala 2021;EST;INFOTAINMENT
20.05.2026;Aasta õpetaja gala 2022;EST;INFOTAINMENT
20.05.2026;Aasta õpetaja gala 2023;EST;INFOTAINMENT
20.05.2026;Aasta õpetaja gala 2024;EST;INFOTAINMENT
20.05.2026;Aasta õpetaja gala reklaamipaus;EST;INFOTAINMENT
20.05.2026;Aastapidu;EST;FILM
20.05.2026;Aastavahetus ETV+-ga;EST;ENTER
20.05.2026;Aastavahetus Kinoteatriga;EST;ENTER
20.05.2026;Aastavahetuse parimad palad;EST;ENTER
20.05.2026;Aatomik;EST;ANIMA
20.05.2026;Aatomik ja jõmmid;EST;ANIMA
20.05.2026;Abbas on Abbas;EU;INFO
20.05.2026;Abi;UK;FILM
20.05.2026;Abi Zeider. Muusikale;EST;MUSIC
20.05.2026;Abikaasad;USACAN;FILM
20.05.2026;Abimehed galaktikast;EU;ANIMA
20.05.2026;Adidas vs Puma – vendade duell;EU;FILM
20.05.2026;Adik Levini kuldne standard;EST;INFO
20.05.2026;Aeg;UK;SERIES
20.05.2026;Aeg armastada;EST;MUSIC
20.05.2026;Aeg ei peatu;EST;FILM
20.05.2026;Aeg enesele;EST;ENTER
20.05.2026;Aeg on siin;EST;LIFE
20.05.2026;Aegumatu armastus;EU;FILM
20.05.2026;Agatha Christie radadel koos Alan Carriga;UK;CULTURE
20.05.2026;Agendid on igavesed;NORDICS;MUSIC
20.05.2026;A-ha - True North;COPRO;CULTURE
20.05.2026;Aheldatud armastus;REST;SERIES
20.05.2026;Ahm. Kartmatu ema;EU;LIFE
20.05.2026;Ahto. Unistuste jaht;EST;LIFE
20.05.2026;Aidas on midagi;COPRO;FILM
20.05.2026;Ain Anger. Juubeligala kodusaarel;EST;MUSIC
20.05.2026;Ain Anger. Väikesaarelt maailma tippu;EST;CULTURE
20.05.2026;Ainulaadne aastakäik;EST;ENTER
20.05.2026;Ainult hulludele ehk Halastajaõde;EST;FILM
20.05.2026;Ainult loomad;EU;FILM
20.05.2026;Aisakoll;EST;ENTER
20.05.2026;Aitame Ukrainat!;EST;INFOTAINMENT
20.05.2026;Aja kõlad;EST;EDU
20.05.2026;Aja meistrid;EST;CULTURE
20.05.2026;Ajakapslid. Meremuuseumi lugu;EST;INFO
20.05.2026;Ajalik ja ajatu. Ain Kaalep;EST;CULTURE
20.05.2026;Ajaloo palged. Neitsi Maarja;EU;CULTURE
20.05.2026;Ajaloo palged. Püha Nikolaus;EU;CULTURE
20.05.2026;Ajameelne;EST;CULTURE
20.05.2026;Aju;EU;FILM
20.05.2026;Ajujaht;EST;ENTER
20.05.2026;AK 65;EST;CULTURE
20.05.2026;AK viipekeeles;EST;NEWS
20.05.2026;Aken aja liikumisse. Viivi Luik;EST;CULTURE
20.05.2026;Aktuaalne Kaamera 55;EST;INFO
20.05.2026;Aktuaalne Narva;EST;CULTURE
20.05.2026;Akvatoorium;REST;SERIES
20.05.2026;Alarmid;EU;FILM
20.05.2026;Alasti muusa;EU;FILM
20.05.2026;Alcarràs;EU;FILM
20.05.2026;Alexander Armstrong Islandil;UK;INFO
20.05.2026;Alexander Armstrongi polaarseiklus;UK;INFO
20.05.2026;"Alexander Ekman, ""Hammer""";EU;ENTER
20.05.2026;ALEXX196 roosal liivarannal;COPRO;FILM
20.05.2026;Ali ja Ava;UK;FILM
20.05.2026;Alika. Sündinud laulma;EST;CULTURE
20.05.2026;Alika. Võimsalt helisev hääl;EST;ENTER
20.05.2026;Alla Pugatšova teater;EST;MUSIC
20.05.2026;Alla Pugatšova. Õnnitluskaart Tallinnast;EST;ENTER
20.05.2026;Allakäik;EU;FILM
20.05.2026;Allatulistatud Black Hawk;USACAN;FILM
20.05.2026;Allegria;EU;ENTER
20.05.2026;Allergikute maailm;EU;INFO
20.05.2026;Alliksaare müüt;EST;CULTURE
20.05.2026;Altai mäed 30 päevaga;NORDICS;INFO
20.05.2026;Amanda ja kõige tähtsam sõna;EST;ANIMA
20.05.2026;Amanda ja uus poiss;EST;ANIMA
20.05.2026;Amarillo. Tarmo Pihlapi kustumatud hitid;EST;MUSIC
20.05.2026;Ametialased suhted;EST;FILM
20.05.2026;Ammuker jõulutaevas;EST;LIFE
20.05.2026;Amoraalne lugu;EST;FILM
20.05.2026;Andke neile andeks;EST;FILM
20.05.2026;Andrea Bocelli. Album Cinema;USACAN;MUSIC
20.05.2026;Andrus Kivirähki telehuumorit;EST;ENTER
20.05.2026;Andruse õnn;EST;FILM
20.05.2026;Andy Warhol. Elu kunstis;UK;CULTURE
20.05.2026;Anett Kontaveit tenniseturniiril Caenis;EU;SPORT
20.05.2026;Angerjas karris;EST;FILM
20.05.2026;Annabelle ja Noorte Eurovisioon 2024;EST;LIFE
20.05.2026;Anne Ermi 10 katsumust ja 10 rõõmu;EST;CULTURE
20.05.2026;Anne Veski;EST;MUSIC
20.05.2026;Anne Veski 10;EST;MUSIC
20.05.2026;Annette;COPRO;FILM
20.05.2026;Ansambel Suveniir;EST;MUSIC
20.05.2026;Antarktika 200 - Bellingshauseni jälgedes;EST;INFO
20.05.2026;Anthony;UK;FILM
20.05.2026;Antidepressantide lugu;UK;INFO
20.05.2026;Antidoot – aine, mis neutraliseerib mürgi toime;UK;INFO
20.05.2026;Antigone;EST;FILM
20.05.2026;Antiikmaailma suurvõimud;UK;INFO
20.05.2026;Anton;COPRO;FILM
20.05.2026;Anvar Samost soovitab;EST;ENTER
20.05.2026;Apelsini sees. Ago Anderson;EST;CULTURE
20.05.2026;April Prantsusmaal;EU;LIFE
20.05.2026;Arabella, mereröövli tütar;EST;FILM
20.05.2026;Arenev tehnika;USACAN;INFO
20.05.2026;Arhitekt Robert Natus;EST;CULTURE
20.05.2026;Arkaadia;EST;FILM
20.05.2026;Arktika rääkimata sõjad;NORDICS;INFO
20.05.2026;Arktikast Antarktikasse;EST;ENTER
20.05.2026;Armand Duplantis - sündinud lendama;COPRO;LIFE
20.05.2026;Armastasin ilma peata lõvi;EST;CULTURE
20.05.2026;Armastus kolme apelsini vastu. Lõpuetendus;EST;FILM
20.05.2026;Armastus tuleb hiljem;REST;LIFE
20.05.2026;Armastus, Saksa mark ja surm;EU;CULTURE
20.05.2026;Armastuse ja juhuse mäng;EST;FILM
20.05.2026;Armastuse laps;REST;SERIES
20.05.2026;Armastuse linn Pariis;EU;INFO
20.05.2026;Armastuse lõuahaak;COPRO;FILM
20.05.2026;Armastuse piirid;EU;FILM
20.05.2026;Armastusega Itaaliast;COPRO;FILM
20.05.2026;Armastusega, Sarah;UK;FILM
20.05.2026;Armastusest;EST;ANIMA
20.05.2026;Armunud Orphea;EU;FILM
20.05.2026;Arne Mikk. Rahvuselt estoonlane;EST;LIFE
20.05.2026;Arsene Wenger - alistamatu;UK;INFO
20.05.2026;Arsise kellade ansambel. Kolm jõululaulu;EST;MUSIC
20.05.2026;Arthur Newman;USACAN;FILM
20.05.2026;Artur Alliksaar 100;EST;INFOTAINMENT
20.05.2026;Aruanne;EST;FILM
20.05.2026;"Arvo Pärt - ""Cantus in memoriam Benjamin Britten"" ja ""Frates""";EST;MUSIC
20.05.2026;Arvo Pärt. Kollektsioon;EST;CULTURE
20.05.2026;Aspergeriga tüdruk;EU;SERIES
20.05.2026;Attenborough' teekond;UK;CULTURE
20.05.2026;Auguste Escoffier ehk moodsa gastronoomia sünnilugu;EU;INFO
20.05.2026;Aunaste ja Kersna. Ühe intervjuu anatoomia;EST;LIFE
20.05.2026;Autosõitjad;EST;ANIMA
20.05.2026;Avameelsete kõneluste õhtu;EST;FILM
20.05.2026;Avatud talude päev;EST;LIFE
20.05.2026;Avatud toimik;EST;NEWS
20.05.2026;Babaduuk;REST;FILM
20.05.2026;Babette'i pidusöök;NORDICS;FILM
20.05.2026;Babülon-Berliin;EU;SERIES
20.05.2026;Ballaad;EU;FILM
20.05.2026;Balletiminutid;EST;MUSIC
20.05.2026;Balti tee...;EST;INFO
20.05.2026;"Baltic Sea Philharmonic. ""Midnight Sun""";EU;MUSIC
20.05.2026;BAM - tagasi tulevikku;EST;INFO
20.05.2026;Bangla surfitüdrukud;USACAN;LIFE
20.05.2026;Barbie imedemaa: glamuuri pahupool;UK;LIFE
20.05.2026;Baskin - nii, nagu ta on;EST;CULTURE
20.05.2026;Bates postiameti vastu;UK;SERIES
20.05.2026;Bates postiameti vastu. Päris lugu;UK;INFO
20.05.2026;Bee Gees - kuldne kolmik;UK;CULTURE
20.05.2026;Belle;EST;ANIMA
20.05.2026;Ben Fogle'i rännakud Šotimaa saartel;UK;INFO
20.05.2026;Bergmani saar;COPRO;FILM
20.05.2026;Bernadette;EU;FILM
20.05.2026;Bernarda Alba maja;EST;FILM
20.05.2026;Berti päevik;NORDICS;FILM
20.05.2026;Biidid;UK;FILM
20.05.2026;Billie Eilish O2 Arenal;USACAN;MUSIC
20.05.2026;Birta;NORDICS;FILM
20.05.2026;Black Sabbath. The End of the End;UK;CULTURE
20.05.2026;Blaga õppetunnid;EU;FILM
20.05.2026;Bonus track;EST;CULTURE
20.05.2026;Borg/McEnroe;NORDICS;FILM
20.05.2026;Brad Pitti tõeline pale;EU;CULTURE
20.05.2026;Bram Stokeri Dracula;COPRO;FILM
20.05.2026;Britt-Marie oli siin;NORDICS;FILM
20.05.2026;Broadwayl;USACAN;INFO
20.05.2026;Buckinghami palees;UK;INFO
20.05.2026;Buffalo Bill ja indiaanlased: Istuva Sõnni ajalootund;USACAN;FILM
20.05.2026;Cardini moemaja;COPRO;CULTURE
20.05.2026;Carla;EU;FILM
20.05.2026;Carmeni lokid;NORDICS;SERIES
20.05.2026;Carte blanche;EST;ENTER
20.05.2026;Catherine Deneuve ja tema kuvand;EU;CULTURE
20.05.2026;Celia;EST;CULTURE
20.05.2026;Celine Dion. Taking Chances;USACAN;MUSIC
20.05.2026;Charles Aznavouri autoportree;EU;CULTURE
20.05.2026;Charlotte Jane'ist;COPRO;LIFE
20.05.2026;Chelsea detektiiv;COPRO;SERIES
20.05.2026;Christian Louboutini jälgedes;EU;CULTURE
20.05.2026;Chungking Express;REST;FILM
20.05.2026;Cinzano;EST;FILM
20.05.2026;Claude;UK;ANIMA
20.05.2026;Claude Conseil' salapärased seiklused;EU;FILM
20.05.2026;Clint Eastwood. Tee mulle rõõmu;UK;CULTURE
20.05.2026;Coco Chanel lahtinööbitult;UK;CULTURE
20.05.2026;Coldplay kontsert São Paulos;USACAN;MUSIC
20.05.2026;Currentzis, Waltz ja Beethoven Delfis;EU;CULTURE
20.05.2026;Cyrillus Kreek Reekviem;EST;MUSIC
20.05.2026;Daamid mustas;REST;FILM
20.05.2026;Dagö Palmses;EST;MUSIC
20.05.2026;Daniel;NORDICS;FILM
20.05.2026;Daniel Day-Lewis, Hollywoodi geenius;EU;CULTURE
20.05.2026;David Bowie - nagu teisest maailmast;UK;CULTURE
20.05.2026;David Lynch - Hollywoodi mõistatus;EU;CULTURE
20.05.2026;Dee Dee Bridgewater Bayfronti džässifestivalil;COPRO;MUSIC
20.05.2026;Denzel Washington, ameeriklase kehastus;COPRO;CULTURE
20.05.2026;Desperaado;USACAN;FILM
20.05.2026;Diabeedikriis: tegematuse ränk hind;COPRO;LIFE
20.05.2026;Diana ja Eri;EST;CULTURE
20.05.2026;Diana pulmapidu;NORDICS;FILM
20.05.2026;Dirigendiks loodud. Tiia-Ester Loitme;EST;CULTURE
20.05.2026;Djatlovi surmamatka mõistatuse jälil;EST;ENTER
20.05.2026;Doisneau, läbi kaamerasilma;EU;CULTURE
20.05.2026;Doktor Martin;UK;SERIES
20.05.2026;Don Giovanni. Teater Vanemuine;EST;MUSIC
20.05.2026;Don Juan Tallinnas;EST;FILM
20.05.2026;Donnie Brasco;USACAN;FILM
20.05.2026;Douglas on tühistatud;UK;SERIES
20.05.2026;D-päev 100 päeva vabaduse nimel;EU;INFO
20.05.2026;Draamateater 100;EST;ENTER
20.05.2026;Drive My Car;REST;FILM
20.05.2026;Druus ja Fatkin;EST;ENTER
20.05.2026;Džinnimäng;EST;FILM
20.05.2026;Džuudopoisid;EST;FILM
20.05.2026;Eatute saladused;COPRO;INFO
20.05.2026;Ebajumal;EST;FILM
20.05.2026;Edekabel;EST;ENTER
20.05.2026;Edgar Johan Kuusik;EST;CULTURE
20.05.2026;Edgar Savisaar (1950–2022);EST;LIFE
20.05.2026;Edgar Savisaar. Elatud elu;EST;LIFE
20.05.2026;Edgar Valter - viimane kohtumine;EST;CULTURE
20.05.2026;Edmond ja Lucy;EU;ANIMA
20.05.2026;Eeden: metsik planeet;UK;INFO
20.05.2026;Eelajaloolised maailmad;COPRO;INFO
20.05.2026;Eesel, heeringas ja nõialuud;EST;ANIMA
20.05.2026;Eesliinitöötajad: kliimamuutuse ohvrid;EU;LIFE
20.05.2026;Eesti - Soome 200. Ooperigala;EST;MUSIC
20.05.2026;Eesti 100 tamme;EST;INFO
20.05.2026;Eesti 30 hetke;EST;INFOTAINMENT
20.05.2026;Eesti arhitektuuripreemiad 2023;EST;CULTURE
20.05.2026;Eesti diplomaatia. Tartu rahu 104;EST;LIFE
20.05.2026;Eesti esimene kodanik;EST;INFO
20.05.2026;Eesti Filharmoonia Kammerkoor 30. Suur taaskohtumine;EST;CULTURE
20.05.2026;Eesti Filharmoonia Kammerkoor. Jõul;EST;MUSIC
20.05.2026;Eesti filmi- ja teleauhinnad 2024;EST;ENTER
20.05.2026;Eesti filmi- ja teleauhinnad 2025;EST;ENTER
20.05.2026;Eesti jalajäljed Ühendkuningriigis;UK;INFO
20.05.2026;Eesti jalgpalliklubide mängud Euroopas;EST;SPORT
20.05.2026;Eesti Keeled;EST;MUSIC
20.05.2026;Eesti Kontserdi uusaastakontsert;EST;MUSIC
20.05.2026;Eesti Kontsert 80;EST;MUSIC
20.05.2026;Eesti korvpall 90;EST;SPORT
20.05.2026;Eesti Kunstimuuseum 100;EST;CULTURE
20.05.2026;Eesti laul;EST;MUSIC
20.05.2026;Eesti Laul 2021;EST;MUSIC
20.05.2026;Eesti Laul 2021. Vaheklipid;EST;MUSIC
20.05.2026;Eesti Laul 2021. Videod ja etteasted;EST;MUSIC
20.05.2026;Eesti Laul 2022;EST;MUSIC
20.05.2026;Eesti Laul 2022. Vaheklipid;EST;MUSIC
20.05.2026;Eesti Laul 2022. Videod ja etteasted;EST;MUSIC
20.05.2026;Eesti Laul 2023;EST;MUSIC
20.05.2026;Eesti Laul 2023. Lava taga;EST;MUSIC
20.05.2026;Eesti Laul 2023. Videod ja etteasted;EST;MUSIC
20.05.2026;Eesti Laul 2023: 500 võileiba ja 5-meetrine päike;EST;MUSIC
20.05.2026;Eesti Laul 2024;EST;MUSIC
20.05.2026;Eesti Laul 2024 (viipekeelse tõlkega);EST;MUSIC
20.05.2026;Eesti Laul 2024. Etteasted ja muusikavideod;EST;MUSIC
20.05.2026;Eesti Laul 2024. Euroopa Kultuuripealinnas Tartus;EST;ENTER
20.05.2026;Eesti Laul 2024. Finaali eel;EST;ENTER
20.05.2026;Eesti Laul 2024. Roosa vaip;EST;ENTER
20.05.2026;Eesti Laul 2024. Start;EST;ENTER
20.05.2026;Eesti Laul 2025. Finaali eel;EST;ENTER
20.05.2026;Eesti Laul 2025. Lava taga;EST;ENTER
20.05.2026;Eesti Laul 2025. Muusikavideod;EST;ENTER
20.05.2026;Eesti Laul 2025. Start;EST;ENTER
20.05.2026;Eesti Laul. Parimad (vahe)palad;EST;ENTER
20.05.2026;Eesti laulab Ukrainale;EST;ENTER
20.05.2026;Eesti lauluke 2022: finalistid;EST;ENTER
20.05.2026;Eesti Muusika- ja Teatriakadeemia 100. Sajandi saali avapidu;EST;MUSIC
20.05.2026;Eesti muusika pidu Hiiumaal. Rudolf Tobias 150;EST;MUSIC
20.05.2026;Eesti Muusika pidu Hiiumaal. Rudolf Tobias 150 ja Ain Anger;EST;MUSIC
20.05.2026;Eesti Muusika pidu Hiiumaal. Rudolf Tobias 150 ja Rahvusmeeskoor;EST;MUSIC
20.05.2026;Eesti mäng. Euroopa eri;EST;ENTER
20.05.2026;Eesti naiskunstnikud 80ndatest;EST;CULTURE
20.05.2026;Eesti parimad ettevõtted 2020;EST;ENTER
20.05.2026;Eesti parimad ettevõtted 2021;EST;ENTER
20.05.2026;Eesti parimad ettevõtted 2022;EST;INFOTAINMENT
20.05.2026;Eesti parimad ettevõtted 2023;EST;INFOTAINMENT
20.05.2026;Eesti parimad ettevõtted 2024;EST;ENTER
20.05.2026;Eesti peaingli jälgedes;EST;LIFE
20.05.2026;Eesti Peterburi;EST;LIFE
20.05.2026;Eesti pilvepiirilt;EST;LIFE
20.05.2026;Eesti rahva tants. Leigarid;EST;MUSIC
20.05.2026;Eesti rahvakalender;EST;EDU
20.05.2026;Eesti rula lugu;EST;LIFE
20.05.2026;Eesti Sport 1970 - 2000. Kommenteerib Toomas Uba;EST;SPORT
20.05.2026;Eesti teatri auhinnad 2024;EST;CULTURE
20.05.2026;Eesti tänab 2023. Riiklike teenetemärkide üleandmine;EST;INFO
20.05.2026;Eesti tänab 2024. Riiklike teenetemärkide üleandmine;EST;INFO
20.05.2026;Eesti tänab. Riiklike teenetemärkide üleandmine;EST;INFO
20.05.2026;Eesti Vabariigi presidendi kõne Kadrioru lossi roosiaias;EST;LIFE
20.05.2026;Eesti Vabariigi presidendi uusaastatervitus (viipekeelse tõlkega);EST;LIFE
20.05.2026;Eesti Vabariigi presidendi uusaastatervitus 2021;EST;LIFE
20.05.2026;Eesti Vabariigi presidendi uusaastatervitus 2022;EST;LIFE
20.05.2026;Eesti Vabariigi presidendi uusaastatervitus 2023;EST;LIFE
20.05.2026;Eesti Vabariigi presidendi vastuvõtt Kadrioru lossi roosiaias;EST;INFO
20.05.2026;Eesti Vabariigi presidendi vastuvõtt Kadrioru lossi roosiaias 2021;EST;INFO
20.05.2026;Eesti Vabariik 104;EST;INFO
20.05.2026;Eesti ÜRO Julgeolekunõukogus;EST;INFO
20.05.2026;Eestimaa kuulsad inimesed;EST;EDU
20.05.2026;Eestimaa laul '88;EST;MUSIC
20.05.2026;Eestimaa südames. ERSO suvekontsert;EST;MUSIC
20.05.2026;Eestlanna Pariisis;EU;FILM
20.05.2026;Eestlase elu;EU;LIFE
20.05.2026;Eestlased Kremlis;EST;INFO
20.05.2026;Eestlased Läänerannikul;EST;CULTURE
20.05.2026;Eestlaste retk Nepali;EST;LIFE
20.05.2026;Eestlus Kanadas;EST;LIFE
20.05.2026;Eeter on vaba;EST;LIFE
20.05.2026;Eetriaastad. Artur Rinne;EST;CULTURE
20.05.2026;Ei Grapsile?;EST;MUSIC
20.05.2026;Ei meelest läe mul iial. Eesti filmilaulud;EST;MUSIC
20.05.2026;Ei mingeid lapsi!;COPRO;FILM
20.05.2026;Ei mingit kahtlust;EST;FILM
20.05.2026;Eine murul;EST;ANIMA
20.05.2026;EKI keelekillud;EST;CULTURE
20.05.2026;Ela sajaga;EST;LIFE
20.05.2026;Elame veel!;EST;ENTER
20.05.2026;Elavad pildid;EST;FILM
20.05.2026;Elavad surnud;EST;FILM
20.05.2026;Elevandi jalgratas;EU;ANIMA
20.05.2026;Elevandiema;UK;LIFE
20.05.2026;Elina helinad;EST;CULTURE
20.05.2026;Elina Nechayeva Kadrioru lossis;EST;MUSIC
20.05.2026;Elizabeth II plaatinajuubelipidu;UK;ENTER
20.05.2026;Elizabeth. Kuninganna, keda me varem ei tundnud;UK;LIFE
20.05.2026;Ella, Oscar ja Huu;EU;ANIMA
20.05.2026;Ella, Oskar ja Huu. Kingijaht;EU;ANIMA
20.05.2026;Ellerhein Toomkirikus;EST;MUSIC
20.05.2026;Elmo Nüganen. Kuues käik;EST;CULTURE
20.05.2026;Elolinõ;EST;LIFE
20.05.2026;Elu 50 soojakraadiga;UK;LIFE
20.05.2026;Elu ilma Gabriella Ferrita;EST;ANIMA
20.05.2026;Elu ise;COPRO;FILM
20.05.2026;Elu ja armastus;EST;FILM
20.05.2026;Elu nagu filmis? Subjektiivne objektiiv;EST;CULTURE
20.05.2026;Elu pisiasjad;EST;LIFE
20.05.2026;Elu pole lasteaed;EU;FILM
20.05.2026;Elu pärast Butšat. Trauma ja lootus;EU;INFO
20.05.2026;Elu tulejoonel;REST;LIFE
20.05.2026;Elu õhus;UK;INFO
20.05.2026;Elukool;EU;FILM
20.05.2026;Elurõõm;EST;MUSIC
20.05.2026;Elustiilid;EST;CULTURE
20.05.2026;Elutants. Laulab Tõnis Mägi;EST;MUSIC
20.05.2026;Elutants. Näitleja Laine Mägi;EST;CULTURE
20.05.2026;Elvis Presley 1968;USACAN;MUSIC
20.05.2026;Elvis Presley. Otsija;USACAN;CULTURE
20.05.2026;Ema;EST;FILM
20.05.2026;Emad;REST;FILM
20.05.2026;Emadepäev;EST;FILM
20.05.2026;Emadepäev. Metsikud emad;EU;INFO
20.05.2026;Emadepäeva kontsert Jõgeval;EST;MUSIC
20.05.2026;Emadepäeva kontsert Türil;EST;MUSIC
20.05.2026;Emajõe veemaailm;EST;INFO
20.05.2026;Em?lija. Läti ajakirjanduse kuninganna;EU;SERIES
20.05.2026;Emmanuelle;EU;FILM
20.05.2026;Emmanuelle 2;EU;FILM
20.05.2026;Emmanuelle 4;EU;FILM
20.05.2026;Emme;REST;LIFE
20.05.2026;Enam paremaks minna ei saa;USACAN;FILM
20.05.2026;Enam pole midagi kaotada;EU;FILM
20.05.2026;Endine abikaasa;UK;SERIES
20.05.2026;Enn Eesmaa 75;EST;LIFE
20.05.2026;Enne suudlust Tartus;EST;MUSIC
20.05.2026;Enne südaööd;COPRO;FILM
20.05.2026;"EnsV ""Õnnelik lõpp! On see ikka päris lõpp""";EST;SERIES
20.05.2026;Entel-tenteli lõppkontsert;EST;MUSIC
20.05.2026;EPA 70. Elu parimad aastad;EST;LIFE
20.05.2026;Epp Pillarpardi Punjaba potitehas;EST;FILM
20.05.2026;Erakordne härra Rogers;USACAN;FILM
20.05.2026;Eri Klasi Rahvuskultuuri Fondi kevadgala;EST;ENTER
20.05.2026;Erika;EST;LIFE
20.05.2026;Eriline;REST;SERIES
20.05.2026;Erin Brockovich;USACAN;FILM
20.05.2026;ERKI moeshow 2020;EST;ENTER
20.05.2026;Erki Nool Götzises;EST;SPORT
20.05.2026;Erle Loonurm soovitab;EST;ENTER
20.05.2026;Ernest ja Celestine;EU;ANIMA
20.05.2026;Ernst ja Alma. Tagasi turumajandusse;EST;LIFE
20.05.2026;ERSO 95. Igavesti noor orkester;EST;MUSIC
20.05.2026;ERSO stuudiotund;EST;MUSIC
20.05.2026;ERSO sünnipäevakontsert;EST;MUSIC
20.05.2026;Ervin;EST;ENTER
20.05.2026;Esimese advendi jumalateenistus Tori kirikus;EST;CULTURE
20.05.2026;Esimese advendi jumalateenistus Ukraina Kreeka-Katoliku kirikus;EST;CULTURE
20.05.2026;Esimese jõulupüha jumalateenistus;EST;CULTURE
20.05.2026;Esimese jõulupüha jumalateenistus Eesti Kristliku Nelipühi Kiriku Toompea kogudusest;EST;CULTURE
20.05.2026;Esimese jõulupüha jumalateenistus Püha Siimeoni ja Naisprohvet Hanna koguduses;EST;CULTURE
20.05.2026;Esimese jõulupüha jumalateenistus Tallinna adventkirikus;EST;CULTURE
20.05.2026;Estonia Ukraina heaks;EST;MUSIC
20.05.2026;Estraaditähestik. Jaak Joala;EST;CULTURE
20.05.2026;Etniline puhastus Pühal Maal;NORDICS;INFO
20.05.2026;Etnopop;EST;MUSIC
20.05.2026;Ettur;USACAN;FILM
20.05.2026;ETV kuld;EST;MUSIC
20.05.2026;ETV Live. Ott Lepland;EST;MUSIC
20.05.2026;ETV live. Paabel ja Meestevägi;EST;MUSIC
20.05.2026;ETV65. Eesti mäng;EST;ENTER
20.05.2026;ETV65. ETV Kõige kõigemad;EST;LIFE
20.05.2026;Eurolaul / Eesti laul;EST;MUSIC
20.05.2026;Eurolaulud 2020 eesti viipekeeles;EST;MUSIC
20.05.2026;Eurolaulud 2021 eesti viipekeeles;EST;MUSIC
20.05.2026;Eurolaulud 2022 eesti viipekeeles;EST;MUSIC
20.05.2026;Eurolaulud 2023 eesti viipekeeles;EST;MUSIC
20.05.2026;Euroliidu koroonaraha maffiale?;NORDICS;INFO
20.05.2026;Euroopa Mäng;EST;ENTER
20.05.2026;Euroopa päeva kontsert 2024;EST;ENTER
20.05.2026;Euroopa päeva kontsert Bayreuthis;EU;MUSIC
20.05.2026;Euroopa unustatud piir;EU;INFO
20.05.2026;Eurovision Sport;EU;SPORT
20.05.2026;Eurovisiooni laulud 2024;EST;MUSIC
20.05.2026;Eurovisiooni laulud 2025;EST;MUSIC
20.05.2026;Eurovisiooni lauluvõistlus 2021;EU;ENTER
20.05.2026;Eurovisiooni lauluvõistlus 2024;NORDICS;ENTER
20.05.2026;Eurovisiooni lauluvõistlus 2024 (viipekeeles);NORDICS;ENTER
20.05.2026;EV100. 9 hümni vabadusele;EST;MUSIC
20.05.2026;"EV100. Diskoõhtu ""Eesti tantsib""";EST;MUSIC
20.05.2026;EV100. Jutud muinastulede ööl;EST;CULTURE
20.05.2026;EV100. Rännak läbi Eestimaa;EST;MUSIC
20.05.2026;EV100. Üheslaulmine: Laulu võim;EST;MUSIC
20.05.2026;EV100. Üheslaulmine: Sajandi sumin;EST;MUSIC
20.05.2026;EV103. Vabariigi aastapäev;EST;INFO
20.05.2026;EV105;EST;INFO
20.05.2026;EV105. Peaministri aastapäevakõne Tartus;EST;INFO
20.05.2026;EV106;EST;NEWS
20.05.2026;EV106. Peaministri aastapäevakõne Tartus;EST;LIFE
20.05.2026;Eva ja Adam;NORDICS;FILM
20.05.2026;Farinelli;COPRO;FILM
20.05.2026;Farss pastoraadis;EST;FILM
20.05.2026;Fenomenid;EST;FILM
20.05.2026;Ffriik!;EST;CULTURE
20.05.2026;FIFA jalgpalli MM 2022;EST;SPORT
20.05.2026;FIFA jalgpalli MM 2022 väravad;EST;SPORT
20.05.2026;Filipiinid maailmakonflikti keskmes;EU;INFO
20.05.2026;FIX 50;EST;MUSIC
20.05.2026;Flamenko ja hapukapsad;EST;LIFE
20.05.2026;Folklooriansambel Hellero;EST;MUSIC
20.05.2026;Folkwagen;EST;LIFE
20.05.2026;Fookuses fotograaf;EST;CULTURE
20.05.2026;Forresteri leidmine;USACAN;FILM
20.05.2026;Foyle'i sõda;UK;SERIES
20.05.2026;Frank & Wendy;EST;ANIMA
20.05.2026;Frank ja Wendy;EST;ANIMA
20.05.2026;Franzy supiköök;EU;ANIMA
20.05.2026;Free Range;EST;FILM
20.05.2026;Freud;EU;SERIES
20.05.2026;Freya Ridings Baloise Sessionil;REST;MUSIC
20.05.2026;Frida. Elagu elu!;EU;CULTURE
20.05.2026;Füüsikud;EST;FILM
20.05.2026;Gaudi, Barcelona geeniusest visionäär;EU;CULTURE
20.05.2026;Generatsioon 9/11;EU;LIFE
20.05.2026;Geniaalsed merekütid;EU;INFO
20.05.2026;Georg Ots, hetked Võsul;EST;CULTURE
20.05.2026;George Balanchine. Pähklipureja;USACAN;MUSIC
20.05.2026;George Clooney: Teenäitaja;UK;CULTURE
20.05.2026;George Gershwin ja Paavo Järvi Pärnus;EST;MUSIC
20.05.2026;George Michael Londonis;UK;MUSIC
20.05.2026;Georges Brassens'i laulud;EST;MUSIC
20.05.2026;Gepardipered ja mina;UK;INFO
20.05.2026;GiGi;EU;ANIMA
20.05.2026;Gilda;USACAN;FILM
20.05.2026;Glastonbury 2022;UK;MUSIC
20.05.2026;Gloria Bell;USACAN;FILM
20.05.2026;Gloria, endine Pariis;EST;CULTURE
20.05.2026;Godzilla;COPRO;FILM
20.05.2026;Golem;EU;FILM
20.05.2026;Gordon Buchanan. Minu suur seiklus kaamelitega;UK;LIFE
20.05.2026;Gorikaturist;EST;INFO
20.05.2026;Grand Finale;NORDICS;FILM
20.05.2026;Great Beari vihmamets;USACAN;LIFE
20.05.2026;Gregory Porter: Ainult ühel õhtul;USACAN;MUSIC
20.05.2026;Greta Thunberg - aasta, mis muutis maailma;UK;INFO
20.05.2026;Grimmituba;EST;CULTURE
20.05.2026;Grupipilt;EST;FILM
20.05.2026;Gulliver ja Gulliver;EST;FILM
20.05.2026;Gunda;COPRO;INFO
20.05.2026;Gurmeeintervjuu. Dmitri Demjanov;EST;INFOTAINMENT
20.05.2026;Hagi Šein;EST;LIFE
20.05.2026;Hamas. Terroriorganisatsioon, mis tahab hävitada Iisraeli;EU;INFO
20.05.2026;Hambahaldjas;EU;FILM
20.05.2026;Hannes Hermaküla soovitab;EST;ENTER
20.05.2026;Hannibal Hopkins & Sir Anthony;EU;CULTURE
20.05.2026;Hans Zimmer. Kontsert Prahas;UK;MUSIC
20.05.2026;Hapu vein ja sinihape;EST;FILM
20.05.2026;Hapud kurgid;EST;INFOTAINMENT
20.05.2026;Hapud kurgid 2024;EST;INFOTAINMENT
20.05.2026;Harley ja Katja;REST;LIFE
20.05.2026;Harrison Ford. Hollywoodi kangelane;UK;LIFE
20.05.2026;Haugi mälu;EST;NEWS
20.05.2026;Hauser - mässaja tšelloga;EU;MUSIC
20.05.2026;Hea boss;EU;FILM
20.05.2026;Hea Karma haigla;UK;SERIES
20.05.2026;Head saated iga päev;EST;ENTER
20.05.2026;Head ööd, väike sõber!;EST;FILM
20.05.2026;Heades kätes;EU;FILM
20.05.2026;HeadRead;EST;CULTURE
20.05.2026;Hei, pöialpoisid!;EST;SERIES
20.05.2026;Heidikud;COPRO;FILM
20.05.2026;Heiki teisel pool;EST;FILM
20.05.2026;Helen Mirren. Nipsakas kuninglik näitleja;EU;CULTURE
20.05.2026;Helene;NORDICS;FILM
20.05.2026;"Helene Vannari contra Donnazza, ""Emainemine""";EST;CULTURE
20.05.2026;Helene, tõeline pruut;EU;FILM
20.05.2026;Helesinine laguun;USACAN;FILM
20.05.2026;Helesinine vagun;EST;FILM
20.05.2026;Helgi!;EST;MUSIC
20.05.2026;Heli Läätse laulud;EST;MUSIC
20.05.2026;Heli mesilased;EST;CULTURE
20.05.2026;Helikangrud;EU;CULTURE
20.05.2026;Helisev muusika;EST;FILM
20.05.2026;Helistage mu agendile!;EU;SERIES
20.05.2026;Helmut Newton. Halvad ja ilusad;EU;CULTURE
20.05.2026;"Hendrik Krumm ja ""Maskiball""";EST;CULTURE
20.05.2026;Hercule Poirot;UK;SERIES
20.05.2026;Hibernatus;EU;FILM
20.05.2026;Hiidude ajastu;EU;LIFE
20.05.2026;Hiina huvid Arktikas. Ühe ambitsiooni telgitagused;EU;INFO
20.05.2026;Hiina kommunistlik sajand;REST;INFO
20.05.2026;Hiina kurjuse keisrinna;UK;INFO
20.05.2026;Hiina müür linnulennult;UK;INFO
20.05.2026;Hiina uus Siiditee;EU;INFO
20.05.2026;Hiirelõks;EST;FILM
20.05.2026;Hinga;EU;FILM
20.05.2026;Hingedeaeg;EST;CULTURE
20.05.2026;Hingetee;EST;CULTURE
20.05.2026;Hingetõmme;EU;FILM
20.05.2026;Hirm sööb hinge seest;EU;FILM
20.05.2026;Hirmu lõhn;REST;INFO
20.05.2026;Hirmus külm Wim Hofiga;UK;ENTER
20.05.2026;Hispaania suudlus;NORDICS;INFO
20.05.2026;HIT;EU;SERIES
20.05.2026;Holland vee all;EU;INFO
20.05.2026;Hollywood Viinis;EU;MUSIC
20.05.2026;Homme on ka päev;EU;FILM
20.05.2026;Hommiku TV. Vahur Kersna intervjuu Onu Bella ja Üllar Jörbergiga;EST;INFO
20.05.2026;Hommikusöök tundmatutega;EST;FILM
20.05.2026;Homo sapiens;EST;EDU
20.05.2026;"Hortensia ütles ""P...sse!""";EST;FILM
20.05.2026;Hotell E;EST;ANIMA
20.05.2026;Hotell Portofino;UK;SERIES
20.05.2026;Hugh Grant – armukeele ekspert;UK;CULTURE
20.05.2026;Hukkunud Alpinisti hotell;EST;FILM
20.05.2026;Hulkurid;USACAN;INFO
20.05.2026;Hullumeelsus;EST;FILM
20.05.2026;Hunt;EU;INFO
20.05.2026;Hunt Kriimsilm;EST;SERIES
20.05.2026;Hurda kutsikad. Eesti Üliõpilaste Selts;EST;CULTURE
20.05.2026;Hõbepulm;EST;FILM
20.05.2026;Hõimupäevad 2022;EST;LIFE
20.05.2026;Häda mõistuse pärast;EST;FILM
20.05.2026;Härra Blake teie teenistuses!;EU;FILM
20.05.2026;Härra Lapsti lasteteater;EST;SERIES
20.05.2026;Härra Septime'i restoran;EU;FILM
20.05.2026;Hääbuvate külade portreed;EU;LIFE
20.05.2026;Hääle kasutusjuhend;USACAN;INFO
20.05.2026;Häälega merele;EST;ENTER
20.05.2026;Hüvasti, Buenos Aires;COPRO;FILM
20.05.2026;Hüvasti, doktor Martin;UK;ENTER
20.05.2026;Hüvasti, Emmanuelle;EU;FILM
20.05.2026;Hüvasti, Jerome!;EU;ANIMA
20.05.2026;Hüvasti, suvi!;EST;CULTURE
20.05.2026;Hyacinth Bucket;UK;SERIES
20.05.2026;Idarinne;COPRO;LIFE
20.05.2026;Idaukrainlane;REST;FILM
20.05.2026;IFF 70. Juubelikontsert;EST;MUSIC
20.05.2026;Iga linnul oma nägu;EST;ENTER
20.05.2026;Iga pink räägib loo. Kaika Laine;EST;LIFE
20.05.2026;Igavene sõda;REST;INFO
20.05.2026;Igavikku pürgiv Vatikan;EU;INFO
20.05.2026;Iha jalakate all;EST;FILM
20.05.2026;Iidne mets;EU;INFO
20.05.2026;III Eesti Naiste Tantsupidu PereLugu;EST;MUSIC
20.05.2026;IKEA: metsade valitseja;EU;INFO
20.05.2026;Ikeda universum;EST;CULTURE
20.05.2026;Illusionist Aarne Üksküla;EST;CULTURE
20.05.2026;Iluuisutamise MM;EU;SPORT
20.05.2026;Iluuisutamise MM Bostonis;USACAN;SPORT
20.05.2026;Iluuisutamise MM Montrealis;USACAN;SPORT
20.05.2026;Iluuisutamise nelja kontindendi meistrivõistlused 2022;EST;SPORT
20.05.2026;Ilveste elu;EU;INFO
20.05.2026;Imagine Dragons. Smoke + Mirrors;USACAN;MUSIC
20.05.2026;Imede aeg. Lasteekraani Muusikastuudio;EST;MUSIC
20.05.2026;Imedemaa: jõulupühade kujunemislugu;USACAN;INFO
20.05.2026;Imeilus;EU;FILM
20.05.2026;Imeline ja metsik;EU;LIFE
20.05.2026;Imet tabamas;EST;CULTURE
20.05.2026;Immenhof. Vanne;EU;FILM
20.05.2026;Impro 1 - Põhjakonn;EST;FILM
20.05.2026;Inetu tõde;USACAN;FILM
20.05.2026;Ingel, ingel, vii mind taeva;EST;FILM
20.05.2026;Inimene ja inimene;EST;FILM
20.05.2026;Inimene ja kaamera;EU;LIFE
20.05.2026;Inimese hääl;EST;FILM
20.05.2026;Inimesed ja jumalad;EU;SERIES
20.05.2026;Inimeseloomake;EST;EDU
20.05.2026;Inimjaht;UK;SERIES
20.05.2026;Inimtegur;UK;INFO
20.05.2026;Internetisõdalased - Naised, kes muudavad maailma;EU;LIFE
20.05.2026;Intervjuu peaminister Jüri Ratasega;EST;NEWS
20.05.2026;Intervjuu president Alar Karisega 2021;EST;LIFE
20.05.2026;Intervjuu president Alar Karisega 2022;EST;LIFE
20.05.2026;Intervjuu president Alar Karisega 2023;EST;LIFE
20.05.2026;Intervjuu president Alar Karisega 2024;EST;LIFE
20.05.2026;Intervjuu president Alar Karisega 2024 (viipekeeles);EST;LIFE
20.05.2026;Intervjuu president Kersti Kaljulaidiga 2020;EST;INFO
20.05.2026;Intervjuu Ukraina presidendi Volodõmõr Zelenskõiga;REST;INFO
20.05.2026;Iraani ülestõusu keerises;UK;INFO
20.05.2026;Isa Brown;UK;SERIES
20.05.2026;Isa tütar;EU;FILM
20.05.2026;Isad ja emad;NORDICS;FILM
20.05.2026;Isade teadus;EU;LIFE
20.05.2026;Isadepäeva kontsert Haljalas;EST;MUSIC
20.05.2026;Isadepäeva kontsert Kilingi-Nõmmel;EST;MUSIC
20.05.2026;Isadepäeva pidulik kontsert;EST;ENTER
20.05.2026;Isamaa pääsukesed;EST;FILM
20.05.2026;Iseendast kõrini;COPRO;FILM
20.05.2026;Iseolemine;EST;LIFE
20.05.2026;Iseseisvuse taastamine;EST;INFO
20.05.2026;Islandi Kaitsevägi - saareriik külma sõja keeristes;NORDICS;INFO
20.05.2026;Ita Ever (1931-2023);EST;ENTER
20.05.2026;Ita forEver;EST;ENTER
20.05.2026;Ivalo;EU;SERIES
20.05.2026;Ivan Orava pöördumine;NORDICS;ENTER
20.05.2026;Ivar Vigla sou;EST;ENTER
20.05.2026;"Ivo Linna ja Supernova ""Taevatähtedest Tee""";EST;MUSIC
20.05.2026;Ivo Linna. Üks ja ainus;EST;ENTER
20.05.2026;Ja ei jäänud teda ka;UK;SERIES
20.05.2026;Jaagupi jõulud;EST;FILM
20.05.2026;Jaak ja Robot;EST;ANIMA
20.05.2026;Jaak Joala uued laulud;EST;MUSIC
20.05.2026;Jaan Kaplinski;EST;CULTURE
20.05.2026;Jaan Kross 100. Eesti avastamine;EST;CULTURE
20.05.2026;Jaan Tätte. Sõbrad, teiega on hea;EST;CULTURE
20.05.2026;Jaaniöö värvi limusiin;EU;FILM
20.05.2026;Jacob Collier Baloise Sessionil;REST;MUSIC
20.05.2026;Jada;COPRO;ANIMA
20.05.2026;Jah! Show tribüüt sõpradele;EST;ENTER
20.05.2026;Jaht;UK;INFO
20.05.2026;Jalakäijad;EST;ANIMA
20.05.2026;Jalgpalli 2026. aasta MM-i valikgruppide loosimine;REST;SPORT
20.05.2026;Jalgpalli Balti turniir;EU;SPORT
20.05.2026;Jalgpalli EM 2020;EU;SPORT
20.05.2026;Jalgpalli EM EURO 2020;EU;SPORT
20.05.2026;Jalgpalli EM EURO 2024;EU;SPORT
20.05.2026;Jalgpalli maavõistlus;EST;SPORT
20.05.2026;Jalgpalli MM valikmäng;REST;SPORT
20.05.2026;Jalgpalli naiste MM 2023;REST;SPORT
20.05.2026;Jalgpalli Rahvuste liiga;EST;SPORT
20.05.2026;Jalgpalli U-21 EM;EST;SPORT
20.05.2026;Jalgpallimemmed;EU;LIFE
20.05.2026;Jalgpallisajand;EST;SPORT
20.05.2026;Jalgpallistuudio;EST;SPORT
20.05.2026;Jalgpalliõhtu;EST;SPORT
20.05.2026;Jalutuskäik vikerkaarel;EST;FILM
20.05.2026;Jan Uuspõld. Oma jope;EST;ENTER
20.05.2026;Jane Paberiti lugu;EST;LIFE
20.05.2026;Janina päevik;EU;LIFE
20.05.2026;Jazz Morley kontsert Baloise Sessioni muusikafestivalil;REST;MUSIC
20.05.2026;Javier Bardemi metamorfoosid;EU;CULTURE
20.05.2026;Jeanne du Barry;COPRO;FILM
20.05.2026;Jeesus. Tee Kolgatale;COPRO;INFO
20.05.2026;Jennifer ja Joanna. Täitsa šampahullud;UK;LIFE
20.05.2026;Jennifer Lopez. Kolmekordne anne;UK;CULTURE
20.05.2026;Joan Baez. Ma olen müra;USACAN;CULTURE
20.05.2026;Joanna Lumley Havannas ja Haitil;UK;INFO
20.05.2026;Joanna Lumley Indias;UK;INFO
20.05.2026;Joanna Lumley Jaapanis;UK;INFO
20.05.2026;Joanna Lumley Suurbritannia avastusretk;UK;INFO
20.05.2026;Joanna Lumley virmaliste maal;UK;INFO
20.05.2026;Joanna Lumley vürtsitee seiklus;UK;INFO
20.05.2026;John Williams. Kontsert Berliinis;EU;MUSIC
20.05.2026;Joni Mitchell: Lady Blue;EU;CULTURE
20.05.2026;Jonn;EST;ANIMA
20.05.2026;Jooksuga revolutsioonini;UK;LIFE
20.05.2026;Joondu, valvel!;EST;LIFE
20.05.2026;Juhan Peegel. Esimesed 100 aastat;EST;CULTURE
20.05.2026;Juhan Viiding 75 täispikad intervjuud;EST;LIFE
20.05.2026;Juhtum seoses A. Trapeeži teisikuga;EST;FILM
20.05.2026;Julie ja Julia;USACAN;FILM
20.05.2026;Julius Caesari teekond võimule;UK;INFO
20.05.2026;Julmad poliitmängud;UK;SERIES
20.05.2026;Jumalamaa;COPRO;FILM
20.05.2026;Jungleland;COPRO;FILM
20.05.2026;Jussikese seitse sõpra;EST;ANIMA
20.05.2026;Justareklaami klubiment;EST;ENTER
20.05.2026;Juubeli eel. Neeme Järvil Floridas külas;EST;CULTURE
20.05.2026;Juudit;EST;FILM
20.05.2026;Jõehobude jõgi;EU;INFO
20.05.2026;Jõulud Jonas Kaufmanniga;EU;MUSIC
20.05.2026;Jõulud teleringis;EST;ENTER
20.05.2026;Jõulud tulid ikka;EST;LIFE
20.05.2026;Jõulud Tähtede laval;EST;MUSIC
20.05.2026;Jõulud Vigalas;EST;FILM
20.05.2026;Jõuluime;EST;MUSIC
20.05.2026;Jõulukontsert The Swingersi, Birgiti ja Ott Leplandiga;EST;MUSIC
20.05.2026;Jõulumüsteerium;EST;FILM
20.05.2026;Jõuluootus;EST;ENTER
20.05.2026;Jõuluootus Tartus;EST;ENTER
20.05.2026;Jõulupuu ehtimise lugu;EST;CULTURE
20.05.2026;Jõuluradadel;EST;LIFE
20.05.2026;Jõulurahvas;EST;LIFE
20.05.2026;Jõulutunnel;EST;LIFE
20.05.2026;Jõulutunnel. Kontsert Nigulistes;EST;MUSIC
20.05.2026;Jõulutunneli laulud;EST;MUSIC
20.05.2026;Jõuluvanade kool;UK;LIFE
20.05.2026;Jõuluõhtu jumalateenistus Puhja kirikus;EST;CULTURE
20.05.2026;Jõuluõhtu jumalateenistus Pärnu Eliisabeti kirikus;EST;CULTURE
20.05.2026;Jõuluõhtu jumalateenistus Rapla Maarja-Magdaleena kirikus;EST;NEWS
20.05.2026;Jõuluõhtu jumalateenistus Viljandi Jaani kirikus;EST;CULTURE
20.05.2026;Jälgija;EU;SERIES
20.05.2026;Jälle Hunt Kriimsilm;EST;SERIES
20.05.2026;Jänki jälgedes Hiiumaal;EST;INFOTAINMENT
20.05.2026;Järglased;EST;FILM
20.05.2026;Järgmine ring;EU;FILM
20.05.2026;Järvi festival. Viva! Mozart;EST;MUSIC
20.05.2026;Järvid Leigo järvel - kontsert;EST;MUSIC
20.05.2026;"Järvide ""Tule ja vee kontsert"" Leigol";EST;MUSIC
20.05.2026;Järvide järvemuusika;EST;MUSIC
20.05.2026;Järvidega Pärnus;EST;CULTURE
20.05.2026;Jää;REST;FILM
20.05.2026;Jää reekviem;EU;LIFE
20.05.2026;Jää sisse minek;EU;INFO
20.05.2026;Jäähoki Meistrite liiga finaal;NORDICS;SPORT
20.05.2026;Jäähoki MM;COPRO;SPORT
20.05.2026;Jäähoki MM 2022;NORDICS;SPORT
20.05.2026;Jäähoki MM I divisjon Tallinnas;EST;SPORT
20.05.2026;Jäähoki MM-i I divisjon;EST;SPORT
20.05.2026;Jääkarude suvi;EU;INFO
20.05.2026;Jääliustike muutuv maailm;NORDICS;INFO
20.05.2026;Jääpiiga;REST;LIFE
20.05.2026;Jääriik;EST;CULTURE
20.05.2026;Jüri;EST;CULTURE
20.05.2026;Jüri Arrak. Tagasivaatav mees;EST;CULTURE
20.05.2026;Kaabakatest kangelasteks;UK;SERIES
20.05.2026;Kadekops;EST;SERIES
20.05.2026;Kadri Voorand Quartet;EST;MUSIC
20.05.2026;Kadunud prints;EU;FILM
20.05.2026;Kadunud tsivilisatsiooni jälgedel;EST;CULTURE
20.05.2026;Kaelkirjak;EST;ANIMA
20.05.2026;Kah mul sugulased;REST;SERIES
20.05.2026;Kahe kodu ballaad;EST;FILM
20.05.2026;Kahe maailma vahel;EU;LIFE
20.05.2026;Kahe näoga mees;EST;LIFE
20.05.2026;Kahe taadi lugu;EST;MUSIC
20.05.2026;Kahekesi Teisel avenüül;EST;FILM
20.05.2026;Kahekesi ühe vihmavarju all;REST;FILM
20.05.2026;Kaheksa armastavat naist;EST;FILM
20.05.2026;Kahevõistluse MK etapid;NORDICS;SPORT
20.05.2026;Kahevõistluse MK-etapp;NORDICS;SPORT
20.05.2026;Kairo vandenõu;EU;FILM
20.05.2026;Kaka, kevad ja teised;EST;ANIMA
20.05.2026;Kakluse tõeline põhjus;EU;FILM
20.05.2026;Kaks ansamblit;EST;MUSIC
20.05.2026;Kaks paari ja üksainus;EST;FILM
20.05.2026;Kaks paari ja üksindus;EST;FILM
20.05.2026;Kaks päeva Viktor Kingissepa elust;EST;FILM
20.05.2026;Kaksik;EU;FILM
20.05.2026;Kakskümmend neli keelt, üks Euroopa;EU;INFO
20.05.2026;Kala;EST;FILM
20.05.2026;Kala neljale;EST;FILM
20.05.2026;Kalade kuningriik;NORDICS;INFO
20.05.2026;Kalendritüdrukud;NORDICS;LIFE
20.05.2026;Kalev 100;EST;SPORT
20.05.2026;Kallid külalised;EST;FILM
20.05.2026;Kallima naeratus;EST;FILM
20.05.2026;Kama kaks;EST;ENTER
20.05.2026;Kamala Harris – järgmine Ameerika president;UK;INFO
20.05.2026;Kambavaim;EU;LIFE
20.05.2026;Kangelase naasmine;EU;FILM
20.05.2026;Kaotatud kodu;UK;INFO
20.05.2026;Kapellmeister;EST;MUSIC
20.05.2026;Kapist välja;EST;CULTURE
20.05.2026;Kapten Corelli mandoliin;COPRO;FILM
20.05.2026;Karaokeparadiis;NORDICS;LIFE
20.05.2026;Karavan laulab Valgret;EST;MUSIC
20.05.2026;Karavan liigub edasi;EST;MUSIC
20.05.2026;Kardemoni linna rahvas ja röövlid;EST;FILM
20.05.2026;Kardemonikohv;REST;SERIES
20.05.2026;Karen Pirie;UK;SERIES
20.05.2026;Karikakramäng II;EST;FILM
20.05.2026;Karin. Indrek. Tõde ja õigus 4;EST;FILM
20.05.2026;Karl ja Marilyn;EST;ANIMA
20.05.2026;Karl Vilhelm Valter soovitab;EST;ENTER
20.05.2026;Karoliine Hõbelõng;EST;FILM
20.05.2026;Karu süda;EST;FILM
20.05.2026;Karubande Skandinaavia laantes;EU;INFO
20.05.2026;Karud elutoas;UK;LIFE
20.05.2026;Karude oma maa;EU;INFO
20.05.2026;Karumõmm Pups;EU;ANIMA
20.05.2026;Kas Euroopa on Putinil peos?;EU;NEWS
20.05.2026;Kas karta tehisintellekti?;UK;INFO
20.05.2026;Kas maakera on ümmargune?;EST;ANIMA
20.05.2026;Kas meid polegi olemas?;EST;LIFE
20.05.2026;Kas merineitsid on tõelised?;EST;LIFE
20.05.2026;Kas psühhedeelikumid tervendavad;USACAN;INFO
20.05.2026;Kas teate, kus elavad näärivanad?;EST;FILM
20.05.2026;Kasahstan: suurushulluse ja kriisi vahel;EU;INFO
20.05.2026;Kassimäng;EST;FILM
20.05.2026;Katar maailma vallutamas;EU;INFO
20.05.2026;Katarsis: Henrik Kalmeti monoloogid;EST;ENTER
20.05.2026;Katedraal iseendas. Ervin Õunapuu;EST;CULTURE
20.05.2026;Katie Melua - Live at Rivoli Ballroom;UK;MUSIC
20.05.2026;Katkenud elu;USACAN;FILM
20.05.2026;Katkuhaud;EST;FILM
20.05.2026;Katusekontsert Meie Euroopa;EST;ENTER
20.05.2026;Katusekontsert Raadio 4 sünnipäeva puhul;EST;MUSIC
20.05.2026;Kauka jumal;EST;FILM
20.05.2026;Kaukaasia 30 päevaga;NORDICS;INFO
20.05.2026;Kaunid jõulud Rahvusooperiga;EST;MUSIC
20.05.2026;Kaunis naine. Hollywoodi muinasjutt;EU;CULTURE
20.05.2026;Kaupmees ja ahvid;EST;ANIMA
20.05.2026;Keegi, kes hoolib;COPRO;FILM
20.05.2026;Keelatud - Ruja;EST;CULTURE
20.05.2026;Keelemässaja Mati Hint;EST;CULTURE
20.05.2026;Keelepäästja;EST;INFO
20.05.2026;Keha: sisemiste sotsiaalvõrgustike imed;COPRO;INFO
20.05.2026;Kena naine lillega...;EST;FILM
20.05.2026;Kensingtoni palee suletud uste taga;UK;INFO
20.05.2026;Kergejõustiku EM Münchenis;EU;SPORT
20.05.2026;Kergejõustiku EM Roomas;EU;SPORT
20.05.2026;Kergejõustikusajand;EST;SPORT
20.05.2026;Kersna kõnnib Kadriorus;EST;CULTURE
20.05.2026;Kersti Kaljulaid. Isepäine president;EST;LIFE
20.05.2026;Kertu;EST;FILM
20.05.2026;Kes aevastas?;EST;FILM
20.05.2026;Kes kardab Virginia Woolfi?;EST;FILM
20.05.2026;Kes on kes?;EU;FILM
20.05.2026;Kes on Otto Tief?;EST;INFO
20.05.2026;Kes pääseb olümpiale?;EST;SPORT
20.05.2026;Kes see Hervé veel on?;EU;FILM
20.05.2026;Keskea rõõmud;EST;FILM
20.05.2026;Keskkonnake;EST;EDU
20.05.2026;Keskpäevane praam;EST;FILM
20.05.2026;Kessu;EST;SERIES
20.05.2026;Kevade;EST;FILM
20.05.2026;Kihnu naine 50;EST;CULTURE
20.05.2026;Kihnu Virve (1928-2022);EST;LIFE
20.05.2026;Kiibisõda;USACAN;INFO
20.05.2026;Kiiluvees;EST;LIFE
20.05.2026;Kiirendus;COPRO;FILM
20.05.2026;Kiirmood – odava moetööstuse telgitagused;EU;LIFE
20.05.2026;Kiirtoidurahvas;COPRO;FILM
20.05.2026;Kiisupõli;EU;INFO
20.05.2026;Kikerikii;EST;SERIES
20.05.2026;Kild minu südamest;EU;FILM
20.05.2026;Kildudest maja;COPRO;LIFE
20.05.2026;Kilgas, naised ja kontsert;EST;MUSIC
20.05.2026;King Kong;USACAN;FILM
20.05.2026;King Kong elab;USACAN;FILM
20.05.2026;Kingitus orbiidilt;EU;FILM
20.05.2026;Kinoteatri jalgpallurite Panso-kool;EST;ENTER
20.05.2026;Kinoteatri MM Katarsis;EST;ENTER
20.05.2026;Kinoteatri õhtune vöönd;EST;ENTER
20.05.2026;Kirbuturu lood;EST;ENTER
20.05.2026;Kire värv;REST;SERIES
20.05.2026;Kired Zinaida ümber;REST;SERIES
20.05.2026;Kirjad Eestist;EST;ENTER
20.05.2026;Kirjad emale;EST;FILM
20.05.2026;Kirjanduse aeg 2023;EST;CULTURE
20.05.2026;Kirjanduse aeg 2024;EST;CULTURE
20.05.2026;Kirjandusministeerium;EST;CULTURE
20.05.2026;Kirjandusministri juures;EST;CULTURE
20.05.2026;Kirsiaed;EST;FILM
20.05.2026;Kirsitubakas;EST;FILM
20.05.2026;Kiss Las Vegases;USACAN;MUSIC
20.05.2026;Kitarre käes ja mantel üle õla. Kaarel Kilvet;EST;CULTURE
20.05.2026;Kitarriga kulgeja Mart Soo;EST;CULTURE
20.05.2026;Kitsearu;EU;INFO
20.05.2026;Kivised oodid. Jaak Soans 1985;EST;CULTURE
20.05.2026;Klaabu kosmoses;EST;ANIMA
20.05.2026;Klaabu, Nipi ja Tige Kala;EST;ANIMA
20.05.2026;Klassikatelevisioon;EST;LIFE
20.05.2026;Kliimamuutused;EST;EDU
20.05.2026;Kliimateadlikkus;EST;LIFE
20.05.2026;Kloun ja Kroops;EST;ANIMA
20.05.2026;Klounide planeet;EU;LIFE
20.05.2026;Kodanluse diskreetne võlu;EU;FILM
20.05.2026;Koduhani;EST;FILM
20.05.2026;Kodukootud muinaslood;EST;FILM
20.05.2026;Kodune kontsert. Liisi Koikson ja Joel Remmel;EST;MUSIC
20.05.2026;Kodused kontserdid. Anna Põldvee ja Erki Pärnoja;EST;MUSIC
20.05.2026;Kodused kontserdid. Erki Pärnoja : Efterglow;EST;MUSIC
20.05.2026;Kodused kontserdid. Hedvig Hanson & Band;EST;MUSIC
20.05.2026;Koduteel ETV+;EST;LIFE
20.05.2026;Koera süda;EST;FILM
20.05.2026;Koera teekond;COPRO;FILM
20.05.2026;Koerad ja meie - ühe sõpruse saladus;EU;INFO
20.05.2026;Kogu ilu ja verevalamine;USACAN;INFO
20.05.2026;Kogu Me Lugu;EST;INFO
20.05.2026;Kogu tõde d'Artagnanist;EU;INFO
20.05.2026;Kogu tõde jõuluvanast;EU;LIFE
20.05.2026;Kogu tõde VAT 'st;EST;CULTURE
20.05.2026;"Koguperekontsert ""Mina ka""";EST;MUSIC
20.05.2026;Kohal. Liitlasväed Eestis;EST;INFO
20.05.2026;Kohtume alleel;EST;FILM
20.05.2026;Kohtumine neandertallastega;EU;INFO
20.05.2026;Kohtumine Roman Toiga;EST;CULTURE
20.05.2026;Kohtumine. Siiri Sisask;EST;LIFE
20.05.2026;Kohtumised maailmalavadel. Paavo Järvi, Annely Peebo ja Eesti Festivaliorkester;EST;ENTER
20.05.2026;Kohtumispaik - ülikool;EST;CULTURE
20.05.2026;Kohtunikud tule all;EU;NEWS
20.05.2026;Kohvioad;EST;FILM
20.05.2026;Kohvipaksult 2025;EST;INFOTAINMENT
20.05.2026;Kokkade saladused - kokakunst kui teadus;USACAN;INFO
20.05.2026;Kokkulepe;EST;FILM
20.05.2026;Koleilus 2020;EST;ENTER
20.05.2026;Koletis;USACAN;FILM
20.05.2026;Koletislik guul;COPRO;ANIMA
20.05.2026;Kollaps - Kuidas ukrainlased hävitasid kurjuse impeeriumi;REST;INFO
20.05.2026;Kolm korda üle õla;EST;FILM
20.05.2026;Kolm korrust;EU;FILM
20.05.2026;Kolm lõõtsa A-duuris;EST;MUSIC
20.05.2026;Kolm meest ja naine. Erilised teatrilood;EST;MUSIC
20.05.2026;Kolm meest, naine ja teater;EST;MUSIC
20.05.2026;Kolm näitlejat;EST;CULTURE
20.05.2026;Kolm ooperistseeni estoonlastelt;EST;MUSIC
20.05.2026;Kolm päeva armastuseni;REST;SERIES
20.05.2026;Kolm päeva augustis;EST;FILM
20.05.2026;Kolm värvi. Punane;COPRO;FILM
20.05.2026;Kolm värvi. Sinine;COPRO;FILM
20.05.2026;Kolm värvi. Valge;COPRO;FILM
20.05.2026;Kolm õde;EST;FILM
20.05.2026;Kolm õde ehk Killer tšikid;EST;ENTER
20.05.2026;Kolm, neli ja...;EST;LIFE
20.05.2026;Kolmas Reich: allakäik;UK;INFO
20.05.2026;Kolmas Reich: inimjaht;UK;INFO
20.05.2026;Kolmnurk;EST;ANIMA
20.05.2026;Kolumbusest Castroni. Kuuba ajalugu;EU;INFO
20.05.2026;Kommentaare Eesti filmile;EST;CULTURE
20.05.2026;Kompud;EU;FILM
20.05.2026;Kondajad;EST;CULTURE
20.05.2026;Kondiitrite planeet: Marion Goettle;EU;LIFE
20.05.2026;Kondiitrite planeet: Maxime Frédéric;EU;LIFE
20.05.2026;Kondiitrite planeet: Nicolas Multon;EU;LIFE
20.05.2026;Kondiitrite planeet: Nina Metayer;EU;LIFE
20.05.2026;Konrad Mägi värvide maailm;EST;ENTER
20.05.2026;Kool minu kodus;EST;EDU
20.05.2026;Kooliõe õppevideod;EST;EDU
20.05.2026;Kopp-kopp: rähnide auklik maailm;EU;INFO
20.05.2026;Kormoranid ehk Nahkpükse ei pesta;EST;FILM
20.05.2026;Korporatiivne toit;USACAN;INFO
20.05.2026;Korter;EU;FILM
20.05.2026;Korvpalli Eesti meisitrivõistlused TÜ/Delta-Tallinna Kalev 3.finaalmäng 20.05.2000;EST;SPORT
20.05.2026;Kosmos '68;EST;MUSIC
20.05.2026;Kosmosemaagia;USACAN;INFO
20.05.2026;Kosmoseprügi;EU;INFO
20.05.2026;Kotkad;NORDICS;SERIES
20.05.2026;Krahv Luxemburg;EST;MUSIC
20.05.2026;Krahvinna Mariza;EST;MUSIC
20.05.2026;Kramer Krameri vastu;USACAN;FILM
20.05.2026;Kratimäng;EST;FILM
20.05.2026;Kreisiraadio;EST;ENTER
20.05.2026;Kreisiraadio sümfooniaorkester;EST;MUSIC
20.05.2026;Kremli kellad;EST;FILM
20.05.2026;Kremli ööbikud;EST;FILM
20.05.2026;Krevetipüük hobustel;EU;LIFE
20.05.2026;Kriisirulett 2020;EST;INFO
20.05.2026;Kriminaaltango;EST;FILM
20.05.2026;Kriminaaltango ja väga korralikud inimesed;EST;FILM
20.05.2026;Krimm. Veetustamine;REST;INFO
20.05.2026;Kristjan Järvi imeline maailm. Pühitsus;EST;MUSIC
20.05.2026;Kristjan Järvi ja Põhjala Amazonas;EST;MUSIC
20.05.2026;Kristjan Järvi Meelte Videvik;EST;ENTER
20.05.2026;Kristjan Järvi Pühitsus;EST;MUSIC
20.05.2026;Kristjan Järvi, Läänemere Filharmoonikud ja Torm;EST;MUSIC
20.05.2026;Kristjan Järvi. Elu on looming;EST;CULTURE
20.05.2026;Kristus elab Siberis;EU;LIFE
20.05.2026;Krokodill;EST;FILM
20.05.2026;Krõll;EST;ANIMA
20.05.2026;Kui eestlased...;EST;FILM
20.05.2026;Kui meri ähvardab linnu;COPRO;INFO
20.05.2026;Kui see juhtuks minuga?;EST;LIFE
20.05.2026;Kui terav on Sinu meediataip?;EST;EDU
20.05.2026;Kuidas mitte abielluda printsessiga;EU;FILM
20.05.2026;Kuidas sa tead?;USACAN;FILM
20.05.2026;Kuidas valmistutakse Eurovisiooniks Liverpoolis;COPRO;ENTER
20.05.2026;Kuidas valmistutakse Eurovisiooniks Malmös;EST;ENTER
20.05.2026;Kuidas valmistutakse Eurovisiooniks Torinos;EST;ENTER
20.05.2026;Kukerpillid;EST;MUSIC
20.05.2026;Kukerpillid. Pikk ja kõrge lend;EST;MUSIC
20.05.2026;Kuku: Mina jään ellu;EST;CULTURE
20.05.2026;Kuldne 3;EST;MUSIC
20.05.2026;Kuldne trepp;EST;CULTURE
20.05.2026;Kuldne Trio;EST;MUSIC
20.05.2026;Kuldne Trio. Hõbepulm;EST;MUSIC
20.05.2026;Kuldne trio. Häbitult rahvalik;EST;LIFE
20.05.2026;Kuldsed Kukerpillid. Kontsert;EST;MUSIC
20.05.2026;Kull ja kiri - 10 aastat;REST;INFO
20.05.2026;Kullaketrajad;EST;CULTURE
20.05.2026;Kullervo;EST;FILM
20.05.2026;Kultuuristuudio. Looming;EST;CULTURE
20.05.2026;Kultuurkapitali aastapreemiad 2020;EST;CULTURE
20.05.2026;Kummaline missis Savage;EST;FILM
20.05.2026;Kummalised linnud;EU;ANIMA
20.05.2026;Kummitused;UK;SERIES
20.05.2026;Kummituslaev Vasa;EU;INFO
20.05.2026;Kunagi pole liiga hilja;EU;SERIES
20.05.2026;Kuniks elu;EST;ENTER
20.05.2026;Kuninganna ja tema peaministrid;EU;INFO
20.05.2026;Kuninganna Maudi maa;EST;FILM
20.05.2026;Kuningas Charles III kroonimistseremoonia;EST;LIFE
20.05.2026;Kuningas Otto;COPRO;INFO
20.05.2026;Kuningriik – maailma võimsaim prints;UK;INFO
20.05.2026;Kunksmoor ja kapten Trumm;EST;ANIMA
20.05.2026;Kunst on ainus pääsetee. Konrad Mägi eluloofilm;EST;CULTURE
20.05.2026;Kurb valentinipäev;USACAN;FILM
20.05.2026;Kurbuse kolmnurk;COPRO;FILM
20.05.2026;Kurejutud;EU;ANIMA
20.05.2026;Kurepoeg;EST;ANIMA
20.05.2026;Kurjategijad;UK;SERIES
20.05.2026;Kurlingu segapaaride MM;USACAN;SPORT
20.05.2026;Kus sa oled Bagheera?;REST;FILM
20.05.2026;Kutsar koputab kolm korda;EST;FILM
20.05.2026;Kutsu mind oma nimega;EU;FILM
20.05.2026;Kutsuge ämmaemand;UK;SERIES
20.05.2026;Kutsuge ämmaemand!;UK;SERIES
20.05.2026;Kuu - Calenda müsteerium;EU;SERIES
20.05.2026;Kuuba võrgustik;COPRO;FILM
20.05.2026;Kuus päeva iga nädal on...;EST;ENTER
20.05.2026;Kuva '88;EST;MUSIC
20.05.2026;Kõhedad muinaslood;EST;FILM
20.05.2026;Kõige ilusam poiss maailmas;NORDICS;LIFE
20.05.2026;Kõige suurem sõber;EST;SERIES
20.05.2026;Kõigi aegade ohtlikem kontsert: Morricone duell;NORDICS;MUSIC
20.05.2026;Kõik aias;EST;FILM
20.05.2026;Kõik hinnas;EU;LIFE
20.05.2026;Kõik ja Eva;NORDICS;SERIES
20.05.2026;Kõik minu staatusest;EU;LIFE
20.05.2026;Kõik need ilusad hobused;USACAN;FILM
20.05.2026;Kõik on tõsi;UK;FILM
20.05.2026;Kõik pime;EU;SERIES
20.05.2026;Kõik, mida soovin jõuludelt 2: Talvekristall;NORDICS;FILM
20.05.2026;Kõik, mis juhtub pärast;COPRO;FILM
20.05.2026;Kõlakoguja;COPRO;ANIMA
20.05.2026;Kõnd;USACAN;FILM
20.05.2026;Kõnnumaalased;NORDICS;INFO
20.05.2026;Kõrboja peremees;EST;FILM
20.05.2026;Kõrgmoe kannapööre;COPRO;INFO
20.05.2026;Käru kool 260;EST;LIFE
20.05.2026;Käsipalli EM;EST;SPORT
20.05.2026;Käsipalli EM valikmäng;EST;SPORT
20.05.2026;Käsipalli Euroopa Meistrite liiga finaal;EU;SPORT
20.05.2026;Käsipalli MM valikmäng;EU;SPORT
20.05.2026;Kättemaksu värv;REST;SERIES
20.05.2026;Köögikodanikud. Pidupäeva eri;EST;LIFE
20.05.2026;Köögitoimkond;EST;EDU
20.05.2026;Köögiviljaaia imeline maailm;EU;INFO
20.05.2026;Küberkuu 2023. Targa tuleviku tuleproov;EST;LIFE
20.05.2026;Kübersõda;EU;INFO
20.05.2026;Külalised;EU;LIFE
20.05.2026;Külas kunstnik Kostabil;EST;CULTURE
20.05.2026;Külliki Saldre. Naine, kes ei anna alla;EST;CULTURE
20.05.2026;Külm sõda - Soome tee NATO-sse;NORDICS;INFO
20.05.2026;Kümme aastat vabariigist noorem. Arnold Rüütel;EST;LIFE
20.05.2026;Kümme küsimust Reet Linnale;EST;ENTER
20.05.2026;Kümnendite jõulumuusika;EST;MUSIC
20.05.2026;Küte! Parim muusika 2000-2010;EST;MUSIC
20.05.2026;Lahku. Barcelona;UK;SERIES
20.05.2026;Lahkumine Las Vegasest;USACAN;FILM
20.05.2026;Lahkumissümfoonia;EST;MUSIC
20.05.2026;Laikrete perebänd;EST;MUSIC
20.05.2026;Laine laulab laevalael;EST;MUSIC
20.05.2026;Lambuke;COPRO;FILM
20.05.2026;Lammas all paremas nurgas;EST;FILM
20.05.2026;Lang Lang. Goldbergi variatsioonid;EU;MUSIC
20.05.2026;Langenud lehed;EU;FILM
20.05.2026;Lansky. Ameerika vägevaim gangster;USACAN;FILM
20.05.2026;Lapi lood;EST;FILM
20.05.2026;Laps tagaistmel;EST;FILM
20.05.2026;Lapsed ja puu;EST;ANIMA
20.05.2026;Lapsehoidja jõuludeks;USACAN;FILM
20.05.2026;Lapsehoidjad;EST;ANIMA
20.05.2026;Lapsepõlve lemmikkirjanik. Astrid Lindgren;EST;CULTURE
20.05.2026;Las mind vaata tagasi... Voldemar Panso;EST;CULTURE
20.05.2026;Laskesuusatamise juunioride MM Otepääl;EST;SPORT
20.05.2026;Laskesuusatamise MK-etapp;EU;SPORT
20.05.2026;Laskesuusatamise MM Lenzerheides;REST;SPORT
20.05.2026;Laskesuusatamise MM Nove Mestos;EU;SPORT
20.05.2026;Lasnagorsk;EST;SERIES
20.05.2026;Lasteekraan. Saame kokku Tomi juures;EST;SERIES
20.05.2026;Lastega ja lastele 2021;EST;CULTURE
20.05.2026;Lastega ja lastele 2022;EST;LIFE
20.05.2026;Lastega ja lastele 2023;EST;LIFE
20.05.2026;Lastetuba;EST;SERIES
20.05.2026;Laul, mida eile polnud veel;EST;MUSIC
20.05.2026;Laula me aastat;EST;ENTER
20.05.2026;Laulab Marju Länik;EST;MUSIC
20.05.2026;Laulab Tõnu Aav;EST;MUSIC
20.05.2026;Laulavad Anne Veski ja Tõnis Mägi;EST;MUSIC
20.05.2026;Laulud rebasele;EU;FILM
20.05.2026;Laululahing;EST;MUSIC
20.05.2026;Laululembus. Voldemar Kuslap;EST;CULTURE
20.05.2026;Laulusillad;EST;CULTURE
20.05.2026;Laulutaat. Gustav Ernesaks;EST;CULTURE
20.05.2026;Laulvad näitlejad;EST;MUSIC
20.05.2026;Lautrec;EU;FILM
20.05.2026;Lavale loodud. Uku Suviste;EST;MUSIC
20.05.2026;Lavastaja Kaarin Raid;EST;CULTURE
20.05.2026;Leebed sõdalased;EU;LIFE
20.05.2026;Leedi Windermere'i lehvik;EST;FILM
20.05.2026;Leekrüübe;EST;FILM
20.05.2026;Leelo Tungal. Hea lapse usku;EST;CULTURE
20.05.2026;Legend hundimõrsjast;EST;FILM
20.05.2026;Lehm Liselotte;EU;ANIMA
20.05.2026;Lehmaelu;UK;LIFE
20.05.2026;Leidlaps;REST;SERIES
20.05.2026;Leigo järvemuusika 2007;EST;MUSIC
20.05.2026;Leiutades Eestit;EST;INFOTAINMENT
20.05.2026;Lembit Peterson. Elu kutse;EST;CULTURE
20.05.2026;Lemmikraamat. Janno Põldma;EST;CULTURE
20.05.2026;Lemming - põhjala väike vägilane;EU;INFO
20.05.2026;Lendavad soomlased;NORDICS;INFO
20.05.2026;Lendurid koduteel;COPRO;ANIMA
20.05.2026;Lennujaam;EST;ENTER
20.05.2026;Leon;EU;FILM
20.05.2026;Leonardo DiCaprio. Kõige tagaotsitum;EU;CULTURE
20.05.2026;Leping;COPRO;FILM
20.05.2026;Leping saatanaga. Vahur Kersna vestleb spordifilosoof Paavo Kivisega;EST;CULTURE
20.05.2026;Liblikaprojektid;USACAN;INFO
20.05.2026;Lihavõtted Julia Kalendaga;EST;LIFE
20.05.2026;Lihtne , vaene ja ilus. Lennart Meri;EST;LIFE
20.05.2026;Liibüa - häbiväärsed pagulaskeskused;EU;INFO
20.05.2026;Liiga noor, et surra. Vladimir Võssotski;EU;CULTURE
20.05.2026;Liigub? Liigub!;EST;ANIMA
20.05.2026;Liisu Lass soovitab;EST;ENTER
20.05.2026;Lilled - mõistatuslikud vallutajad;EU;INFO
20.05.2026;Lilled ja aastad;EST;FILM
20.05.2026;Lilled Liale;EST;FILM
20.05.2026;Lillelaat;EST;LIFE
20.05.2026;Lillepidu;EST;ENTER
20.05.2026;Lindpriid;EST;FILM
20.05.2026;Linnapea ehk Hirmu põhivormid;EST;FILM
20.05.2026;Lint;EST;CULTURE
20.05.2026;Lisa Limone ja Maroc Orange: tormakas armulugu;EST;ANIMA
20.05.2026;Live Klassikaraadios. Rainer Jancis;EST;MUSIC
20.05.2026;LIVEstonia;EST;LIFE
20.05.2026;Ljubake;REST;FILM
20.05.2026;Lohetapja666;NORDICS;SERIES
20.05.2026;Lollid;EST;FILM
20.05.2026;Londiste;EST;SERIES
20.05.2026;Lood pildi seest;EST;FILM
20.05.2026;Looduse värvid;EU;INFO
20.05.2026;Looduses Simon Reeve'iga;UK;INFO
20.05.2026;Looja;REST;LIFE
20.05.2026;Loomaaialugu;EST;FILM
20.05.2026;Loomaaiast loodusesse;EST;CULTURE
20.05.2026;Loomade salaelu;UK;INFO
20.05.2026;Loomalapsed;UK;INFO
20.05.2026;Loomalapsed. Esimene aasta maa peal;UK;INFO
20.05.2026;Loomalaste imeline maailm;UK;LIFE
20.05.2026;Loomarahva TV;EU;ANIMA
20.05.2026;Loomariigi arhitektid;EU;INFO
20.05.2026;Loomariigi lapsevanemad;EU;LIFE
20.05.2026;Lootus;NORDICS;FILM
20.05.2026;Lotmani ajastu;EST;CULTURE
20.05.2026;Lotte ja kadunud lohed;EST;ANIMA
20.05.2026;Lotte ja kuukivi saladus;EST;ANIMA
20.05.2026;Louis de Funèsi pöörane seiklus;EU;CULTURE
20.05.2026;Louis Theroux' intervjuud;UK;CULTURE
20.05.2026;Lubadus koidikul;EU;FILM
20.05.2026;Lugu jänesepojast;EST;ANIMA
20.05.2026;Lugu kadunud flöödimängijast;EST;MUSIC
20.05.2026;Luikede järv;NORDICS;MUSIC
20.05.2026;Luise ja Oliver;EST;SERIES
20.05.2026;Lumekarud;UK;INFO
20.05.2026;Lumekassid ja mina;UK;INFO
20.05.2026;Lumekoerad. Looduse rüppe;UK;LIFE
20.05.2026;Lumekuninganna;EST;FILM
20.05.2026;Lumeleopardid ja sõbrad;COPRO;INFO
20.05.2026;Lumelinn;EST;ENTER
20.05.2026;Lumemees;UK;ANIMA
20.05.2026;Lumemees ja lumekoer;UK;ANIMA
20.05.2026;Lumest lumeni;EST;CULTURE
20.05.2026;Lummutiskaru;UK;INFO
20.05.2026;Lurich;EST;FILM
20.05.2026;Lutsepa lugu;EST;CULTURE
20.05.2026;Luuletus. Aruanne kirjandusministrile;EST;ENTER
20.05.2026;Luuletus. Mart Juur. Aruanne kirjandusministrile;EST;ENTER
20.05.2026;Lõhna järgi: haistmismeele saladused;EU;INFO
20.05.2026;Lõplik lõige;COPRO;FILM
20.05.2026;Lõputa lugu Estoniast;EST;LIFE
20.05.2026;Lõputu öö;EU;SERIES
20.05.2026;Lõvide vennaskond;EST;SPORT
20.05.2026;Lääneranniku eestlased. Los Angeles;EST;CULTURE
20.05.2026;Löö laulu, vastas Jumal, löö laulu väike mees;EST;FILM
20.05.2026;Ma armastan oma isa;USACAN;FILM
20.05.2026;Ma kasvatasin koolitulistaja;EU;LIFE
20.05.2026;Ma laulaks seda luguda;EST;CULTURE
20.05.2026;Ma loodan veel;USACAN;FILM
20.05.2026;Ma pole turist, ma elan siin;EST;FILM
20.05.2026;Ma siis läksin;EU;FILM
20.05.2026;Ma vajan lavastajat! Helgi Sallo;EST;CULTURE
20.05.2026;Maa;EU;LIFE
20.05.2026;Maa illuminaatoris;EST;ENTER
20.05.2026;Maa: Helitu;NORDICS;LIFE
20.05.2026;Maagiliste olendite kool;EU;FILM
20.05.2026;Maagiliste olendite kool 2;EU;FILM
20.05.2026;Maailm kohtub Pärnus;EST;MUSIC
20.05.2026;Maailm nagu pada;EST;MUSIC
20.05.2026;Maailm vastavalt minu isale;EU;LIFE
20.05.2026;Maailm, mis jääb meile;EST;MUSIC
20.05.2026;Maailma dirigent Neeme Järvi;EST;CULTURE
20.05.2026;Maailma halvim inimene;COPRO;FILM
20.05.2026;Maailma hoidjate lood;EST;SERIES
20.05.2026;Maailma kõige tervem rahvas;EST;EDU
20.05.2026;Maailma noorte tsirkuseartistide festival 2021;EU;ENTER
20.05.2026;Maailma ohtlikemad raudteed;EU;INFO
20.05.2026;Maailmastaar Jonas Kaufmann privaatselt;EU;CULTURE
20.05.2026;Maalikunstnik Andres Tolts;EST;CULTURE
20.05.2026;Maalt minema;EU;INFO
20.05.2026;Maapäevalised;EST;CULTURE
20.05.2026;Maastik mitme kuuga;EST;FILM
20.05.2026;Maastikud. Anu Kalm;EST;CULTURE
20.05.2026;Maatriks;EST;EDU
20.05.2026;Machina Faust;EST;CULTURE
20.05.2026;Madal haud;UK;FILM
20.05.2026;Maestro Ennio;COPRO;CULTURE
20.05.2026;Magomajev;REST;SERIES
20.05.2026;Mahavok kui sähvatus;EST;MUSIC
20.05.2026;Mahlakuningas;EST;LIFE
20.05.2026;Mahler;UK;FILM
20.05.2026;Malmstenid. Komöödiast tragöödiani;EST;INFO
20.05.2026;Mandariinid;COPRO;FILM
20.05.2026;Manitski maailm. Marko Reikopi intervjuu Jaan Manitskiga;EST;LIFE
20.05.2026;Maraton;REST;FILM
20.05.2026;Marconi. Mees, kes ühendas maailma;EU;SERIES
20.05.2026;Mardileib;EST;ANIMA
20.05.2026;Margarita Voites. Kollektsioon;EST;MUSIC
20.05.2026;Margherita teel tähtede poole;EU;FILM
20.05.2026;Margiela: oma sõnadega;EU;CULTURE
20.05.2026;Margrete, Põhjamaade kuninganna;COPRO;FILM
20.05.2026;Mari Kalkun. Õunaaia album;EST;MUSIC
20.05.2026;Maria Faust & Kira Skov. Kõige alguses;EST;MUSIC
20.05.2026;Marianne Faithfull;EU;CULTURE
20.05.2026;Mariupol: Kaotamata lootus;COPRO;NEWS
20.05.2026;Marius Petipa, Vene balleti suurmeister;EU;CULTURE
20.05.2026;MARJUSTIN 8.0;EST;LIFE
20.05.2026;Marlene;EST;FILM
20.05.2026;Marlon Brando;EU;FILM
20.05.2026;Marlow' mõrvaklubi;UK;SERIES
20.05.2026;Marsi ekspress;EU;ANIMA
20.05.2026;Martin Clunes Ameerika saartel;UK;INFO
20.05.2026;Martin Clunesiga Austraalia saartel;REST;INFO
20.05.2026;Martin Clunesiga Vaikse ookeani saartel;UK;INFO
20.05.2026;Martin Scorsese, Ameerika itaallane;EU;CULTURE
20.05.2026;Maskiga ja maskita. Ita Ever;EST;CULTURE
20.05.2026;Massachusetts avenüü 2131;EST;NEWS
20.05.2026;Mati Talvik - mees televisioonist;EST;LIFE
20.05.2026;Matthew Bourne. Luikede järv;UK;MUSIC
20.05.2026;Matthew Perry. Mitte ainult sõbrad;UK;CULTURE
20.05.2026;Maurice;UK;FILM
20.05.2026;"Max Richteri ""Uni""";UK;MUSIC
20.05.2026;Maxima;EU;SERIES
20.05.2026;Maya;UK;LIFE
20.05.2026;McCurry: värvide lummuses;UK;CULTURE
20.05.2026;Meediapädevuse õppevideod;EST;EDU
20.05.2026;Meediataip 2021;EST;EDU
20.05.2026;Meediataip. Valimised;EST;EDU
20.05.2026;Meelerahu;COPRO;FILM
20.05.2026;Meelte sagedus Amazonases;EST;ENTER
20.05.2026;Meenutab;EST;CULTURE
20.05.2026;Meenutades Heljo Mändi;EST;CULTURE
20.05.2026;Meenutusi laulu- ja tantsupeolt;EST;MUSIC
20.05.2026;Mees koori ees. Tõnu Kaljuste;EST;CULTURE
20.05.2026;Mees muinasjutust. Toomas Edur;EST;CULTURE
20.05.2026;Mees nagu orkester;EU;FILM
20.05.2026;Mees, keda Putin ei suutnud tappa;UK;INFO
20.05.2026;Mees, kes nuttis;UK;FILM
20.05.2026;Mees, naine ja kontsert;EST;FILM
20.05.2026;Meeste Tantsupidu 4 Venda;EST;MUSIC
20.05.2026;Mehed ja mõrrad;EST;ENTER
20.05.2026;Mehetapja. Süütu. Vari;EST;FILM
20.05.2026;Meie;UK;SERIES
20.05.2026;Meie Arhanna;EST;ENTER
20.05.2026;Meie Eestid;EST;LIFE
20.05.2026;Meie elu meediamullis. Vahur Kersna vestleb endise meediamoguli Mart Kadastikuga;EST;CULTURE
20.05.2026;Meie emad;COPRO;FILM
20.05.2026;Meie kaks;EU;FILM
20.05.2026;Meie kõrval;EST;ENTER
20.05.2026;Meie laulud õpetajale;EST;MUSIC
20.05.2026;Meie sõber;USACAN;FILM
20.05.2026;Meie Tartu. Tartu College'i 50 aastat;USACAN;INFO
20.05.2026;Meie unistuste summa;USACAN;ENTER
20.05.2026;Meie videoteegist;EST;CULTURE
20.05.2026;Meie, katsejänesed;NORDICS;INFO
20.05.2026;Meistriklass;EST;FILM
20.05.2026;Meistrite meistrid;EST;LIFE
20.05.2026;Meloodia 67;EST;MUSIC
20.05.2026;Menopaus;EU;LIFE
20.05.2026;Merelaulude öölaulupidu. Meie ja meri;EST;MUSIC
20.05.2026;Meremehe armastus;EU;FILM
20.05.2026;Meri on, meri jääb. Kihnu Virve;EST;ENTER
20.05.2026;Meryl Streep. Võitja võtab kõik;UK;CULTURE
20.05.2026;Mesilane Maia 3: Kuldne kera;COPRO;ANIMA
20.05.2026;Mesilane Maia: Meemängud;COPRO;ANIMA
20.05.2026;Mesilasteta maailm?;EU;LIFE
20.05.2026;"Metallica. ""S&M2""";UK;MUSIC
20.05.2026;Meteoroloogia eesliinil;EU;INFO
20.05.2026;Metsa lugu;NORDICS;LIFE
20.05.2026;Metsamuinasjutt;EST;ANIMA
20.05.2026;Metsapeatus;EST;LIFE
20.05.2026;Metsavalvurid;EU;ANIMA
20.05.2026;Metshobused - pusta lugu;EU;INFO
20.05.2026;Metsikud;USACAN;FILM
20.05.2026;Metsikud bitid;EST;CULTURE
20.05.2026;Metsikud koerad;UK;INFO
20.05.2026;Metsikul merel;NORDICS;INFO
20.05.2026;Metsise pesa;EST;FILM
20.05.2026;Metskapten;EST;FILM
20.05.2026;Metsloomade elu;NORDICS;INFO
20.05.2026;Midagi Emmast;NORDICS;SERIES
20.05.2026;Midsomeri mõrvad. 25 aastat kaost;UK;ENTER
20.05.2026;Mihkel Tiks. Poolaeg;EST;LIFE
20.05.2026;Miinus 192 meetrit;EST;LIFE
20.05.2026;Mikson Islandil;EST;EDU
20.05.2026;Mikumärdi;EST;FILM
20.05.2026;Miljon kaasavaraks;REST;FILM
20.05.2026;Millest mõtleb Eri Klas?;EST;CULTURE
20.05.2026;Mina olen Zlatan;EU;FILM
20.05.2026;Mina olen Z-põlvkond;UK;INFO
20.05.2026;Mina, Riigikaitsja!;EST;LIFE
20.05.2026;Mina, õpetaja;EST;LIFE
20.05.2026;Minemine;EST;ENTER
20.05.2026;Minsk;EST;FILM
20.05.2026;Minu abikaasa lugu;EU;FILM
20.05.2026;Minu Eesti, minu Euroopa. 20 aastat hiljem;EST;NEWS
20.05.2026;Minu ema on minu iidol;EST;LIFE
20.05.2026;Minu ENSV;EST;LIFE
20.05.2026;Minu ETV. Hagi Šein;EST;ENTER
20.05.2026;Minu geniaalne sõbranna;COPRO;SERIES
20.05.2026;Minu hajameelne keha;EST;LIFE
20.05.2026;Minu isa on vorstike;EU;FILM
20.05.2026;Minu kuritegu;EU;FILM
20.05.2026;Minu laulu- ja tantsupidu;EST;CULTURE
20.05.2026;Minu lemmikloom;EST;EDU
20.05.2026;Minu lähedal;UK;SERIES
20.05.2026;Minu mehe naine;NORDICS;SERIES
20.05.2026;Minu parima sõbra pulm;USACAN;FILM
20.05.2026;Minu pere;UK;SERIES
20.05.2026;Minu pere. Jõulud 2007;UK;SERIES
20.05.2026;Minu pere. Jõulud 2039;UK;SERIES
20.05.2026;Minu superkangelasest vend;EU;FILM
20.05.2026;Minu visiitkaart;EST;FILM
20.05.2026;Mironovi talu;EST;LIFE
20.05.2026;Mis teie kodus uudist?;EST;ENTER
20.05.2026;Mis tunne on?;EST;SPORT
20.05.2026;Misantroop;EST;FILM
20.05.2026;Miss Marple;COPRO;SERIES
20.05.2026;Missioon;EST;FILM
20.05.2026;Mississippi hääled;EST;ENTER
20.05.2026;Mitte ainult minevikus;EST;LIFE
20.05.2026;Mitu muusat;EST;CULTURE
20.05.2026;Mona Lisa naeratus;USACAN;FILM
20.05.2026;Monarhiad Hitleri vastu;EU;INFO
20.05.2026;Mondo Domino;EU;ANIMA
20.05.2026;Mono;EST;CULTURE
20.05.2026;Montmartre'i kannike;EST;MUSIC
20.05.2026;Montsouris Park;EU;FILM
20.05.2026;Monumendimees;EST;CULTURE
20.05.2026;Mrs. McWilliams ja äike;EST;FILM
20.05.2026;Mu Salingeri-aasta;COPRO;FILM
20.05.2026;Mu vennad näevad ilmsi und;REST;FILM
20.05.2026;Muhu: ätsed ja roosid;EST;CULTURE
20.05.2026;Muinaslugu sinilinnust;EST;MUSIC
20.05.2026;MuinasTeeVee;EST;EDU
20.05.2026;Mulholland Drive;USACAN;FILM
20.05.2026;Mumford & Sons. Dust and Thunder;UK;MUSIC
20.05.2026;Murdumatu Mai Murdmaa;EST;CULTURE
20.05.2026;"Musk versus Bezos. Uus ""Tähtede sõda""";EU;INFO
20.05.2026;Musta katuse all;EST;FILM
20.05.2026;Mutihärra Mutik;UK;ANIMA
20.05.2026;Muuseumirott;EST;CULTURE
20.05.2026;Muusika mu sõnadele;EST;ENTER
20.05.2026;Muusikaelu: Ellerhein;EST;CULTURE
20.05.2026;Muusikaparadiis. Hortus Musicus;EST;MUSIC
20.05.2026;Muusikaparadiis. Hortus Musicus 50;EST;MUSIC
20.05.2026;Muusikapeegel;EST;MUSIC
20.05.2026;Muutunud mees: Robbie Williams. Küsitleb Maire Aunaste;EST;ENTER
20.05.2026;Mõeldes Valdo Pandile;EST;CULTURE
20.05.2026;Mõistlik või mõttetu;EST;EDU
20.05.2026;Mõistus ja tunded;COPRO;FILM
20.05.2026;Mõjustatud võrgustik TikTok;EU;INFO
20.05.2026;Mõnikord mõtlen ma surmale;USACAN;FILM
20.05.2026;Mõrsja;EU;SERIES
20.05.2026;Mõrv sümfoonias;NORDICS;MUSIC
20.05.2026;Mäeküla piimamees;EST;FILM
20.05.2026;Mäesuusatamise MM;EU;SPORT
20.05.2026;Mäesuusatamise MM Saalbachis;EU;SPORT
20.05.2026;Mägede iluduskuninganna;EST;FILM
20.05.2026;Mäng;EST;FILM
20.05.2026;Mäng mängus;EST;CULTURE
20.05.2026;Mäng neljal käel;EU;FILM
20.05.2026;Mäng tulega;EST;FILM
20.05.2026;Mängime veel!;EST;ENTER
20.05.2026;Mängu vägi;USACAN;INFO
20.05.2026;Mängumõrv;EST;FILM
20.05.2026;Mängupalavik;UK;FILM
20.05.2026;Märdi ja Oti Tartu 2024 kultuurikalender;EST;INFO
20.05.2026;Märt Avandi ja Ott Sepp. Filmiparoodiad;EST;ENTER
20.05.2026;Mürgid. Sõda;EU;INFO
20.05.2026;Müür. Hotellimõrvar;USACAN;SERIES
20.05.2026;Myanmari päevikud;COPRO;INFO
20.05.2026;Naeroobika;EST;ENTER
20.05.2026;Naerupall;EST;ANIMA
20.05.2026;Naise vaim ja vägi. Kontsert Kuberneri aias;EST;MUSIC
20.05.2026;Naised;EST;LIFE
20.05.2026;Naistearst. Uus elu;REST;SERIES
20.05.2026;Naksitrallid;EST;ANIMA
20.05.2026;Naljakas daam;USACAN;FILM
20.05.2026;Naljakas tüdruk;USACAN;FILM
20.05.2026;Narkomemm;EU;FILM
20.05.2026;Narva kosk;EST;FILM
20.05.2026;Narva unustuse jõel;COPRO;INFO
20.05.2026;Nasrin;USACAN;LIFE
20.05.2026;NATO uued võimalused ja väljakutsed;EU;INFO
20.05.2026;Navigaator Pirx;EST;FILM
20.05.2026;Need on need laulud... Kalju Terasmaa;EST;MUSIC
20.05.2026;Neeme Järvi 80 - sünnipäevakontsert;EST;MUSIC
20.05.2026;Neeme Järvi 85. Pidulik kontsert;EST;MUSIC
20.05.2026;Neli blondi ja neli brünetti;EST;MUSIC
20.05.2026;Neli väikest täiskasvanut;NORDICS;FILM
20.05.2026;Nelipühad;EST;CULTURE
20.05.2026;Nepali mõrsja;NORDICS;LIFE
20.05.2026;Nerka. Punane kala;REST;INFO
20.05.2026;Nero - parim poeg;EST;FILM
20.05.2026;Nick Cave'i soolokontsert Idiot Prayer Londonis Alexandra Palace'is;UK;MUSIC
20.05.2026;Nicole Kidman. Silmad pärani lahti;EU;CULTURE
20.05.2026;Niidud - kaotatud paradiis;EU;INFO
20.05.2026;Niimuudu om;EST;EDU
20.05.2026;Nikita;EU;FILM
20.05.2026;Niskamäe noorperenaine;EST;FILM
20.05.2026;Nissan Patrol;EST;FILM
20.05.2026;NOËP: Esimene staadion;EST;MUSIC
20.05.2026;Noore Muumipapa seiklused;EU;ANIMA
20.05.2026;Noore teatri sünd - Must Kast;EST;CULTURE
20.05.2026;Noored pätid;NORDICS;SERIES
20.05.2026;Noored südamed;USACAN;FILM
20.05.2026;Noormees jalgrattal muusikat kuulamas;EST;MUSIC
20.05.2026;Noorte Eurovisioon 2023;EU;ENTER
20.05.2026;Noorte Eurovisioon 2024;EU;MUSIC
20.05.2026;"Noorte Eurovisioon. Arhanna - ""Hoiame kokku""";EST;ENTER
20.05.2026;Noorte filmilaagri lühifilmid 2024;EST;FILM
20.05.2026;Noortesaade NOVA;EST;INFOTAINMENT
20.05.2026;Norah Jones Londonis;USACAN;MUSIC
20.05.2026;Normaalsed inimesed;COPRO;SERIES
20.05.2026;Normanni vallutused;EST;ENTER
20.05.2026;Nostalgiline filmimuusika;NORDICS;MUSIC
20.05.2026;NOVA seletab;EST;INFOTAINMENT
20.05.2026;NOVA x BFM Eesti Laulul;EST;INFOTAINMENT
20.05.2026;NOVA: kokkame koos!;EST;INFOTAINMENT
20.05.2026;NOVA: Kristel Aaslaid juhendab;EST;INFOTAINMENT
20.05.2026;NOVA: valmistume kadripäevaks!;EST;INFOTAINMENT
20.05.2026;NOVA: Õige mardisant teeb palju müra;EST;INFOTAINMENT
20.05.2026;Nuhk;COPRO;LIFE
20.05.2026;Nukumaja;EST;FILM
20.05.2026;Nullist lõpmatusse;USACAN;INFO
20.05.2026;Nuril;EST;ANIMA
20.05.2026;Nuuskija;REST;SERIES
20.05.2026;Nõid;REST;SERIES
20.05.2026;Nõiduslik Island;EU;INFO
20.05.2026;Nõiutud;USACAN;FILM
20.05.2026;Nädala intervjuu. Alar Karis;EST;NEWS
20.05.2026;Näha ookeani;REST;SERIES
20.05.2026;Nähtamatu riik;COPRO;INFO
20.05.2026;Nähtus nimega Evelin;EST;ENTER
20.05.2026;Näitleja. Helle Laas;EST;CULTURE
20.05.2026;Näitlev jalgpall Helsingis;EST;ENTER
20.05.2026;Näost näkku;USACAN;INFO
20.05.2026;Nääriingel;REST;SERIES
20.05.2026;Nöbinina;EST;SERIES
20.05.2026;Nüüd;EU;LIFE
20.05.2026;O.M.A.D. Ida-Virumaa tavalised lood;EST;LIFE
20.05.2026;Oh aegu ammuseid;EST;ENTER
20.05.2026;Oh valu ja vaev. Kuldne Trio;EST;MUSIC
20.05.2026;Oh! Mammy Blue;COPRO;FILM
20.05.2026;Ohmi seadus;EST;FILM
20.05.2026;Ohtlikud kurvid;EST;FILM
20.05.2026;Ohtlikult lähedal;EU;LIFE
20.05.2026;Oklahoma;EST;FILM
20.05.2026;Oksjonärid: rikastudes holokausti arvel;EU;INFO
20.05.2026;Okupeeritud;UK;INFO
20.05.2026;Olav Ehala. Kollektsioon;EST;CULTURE
20.05.2026;Oleg;USACAN;CULTURE
20.05.2026;Oleksi Suhanovi toiduakadeemia;REST;ENTER
20.05.2026;Oletused. Kaido Ole 60;EST;CULTURE
20.05.2026;Oli mis oli;EST;ENTER
20.05.2026;Olümpiaregatt 1980;EST;SPORT
20.05.2026;Oma kodu;EST;LIFE
20.05.2026;Oma saar;EST;LIFE
20.05.2026;Omerta 6/12;NORDICS;FILM
20.05.2026;OneRepublic Baloise Sessionil;REST;MUSIC
20.05.2026;Ongi Koik;EST;ENTER
20.05.2026;Onu Tik-Taki seiklused;EST;FILM
20.05.2026;Ookeanide saladused;UK;INFO
20.05.2026;Ootame külla;EU;ENTER
20.05.2026;Operaator Kõps;EST;ANIMA
20.05.2026;Operaator Kõps kiviriigis;EST;ANIMA
20.05.2026;Operaator Kõps marjametsas;EST;ANIMA
20.05.2026;Operaator Kõps seeneriigis;EST;ANIMA
20.05.2026;Operaator Kõps üksikul saarel;EST;ANIMA
20.05.2026;Operatsioon Pihv;COPRO;FILM
20.05.2026;Oravalood;EU;INFO
20.05.2026;Orchestra Games;EST;MUSIC
20.05.2026;Orienteerumisjooksu EM Rakveres;EST;SPORT
20.05.2026;Orkestri mängud;EST;MUSIC
20.05.2026;Ornitoloogiaühing 100;EST;INFO
20.05.2026;Oscar;EU;FILM
20.05.2026;Osooni loomalood;EST;INFO
20.05.2026;Otse eetrist 2020;EST;ENTER
20.05.2026;Ott kosmoses;EST;ANIMA
20.05.2026;Owe Petersell soovitab;EST;ENTER
20.05.2026;P!nk Melbourne'is;UK;MUSIC
20.05.2026;P. Tšaikovski - Pas de deux balletist Luikede järv;EST;MUSIC
20.05.2026;P. Tšaikovski - Pas de deux balletist Uinuv kaunitar;EST;MUSIC
20.05.2026;Paadiretk;NORDICS;FILM
20.05.2026;Paar;EST;INFOTAINMENT
20.05.2026;Paavo Järvi intervjuu;EST;INFOTAINMENT
20.05.2026;Paavo Järvi ja Eesti Festivaliorkestri kontsert 2023;EST;MUSIC
20.05.2026;Paavo Järvi ja sõbrad;EST;MUSIC
20.05.2026;Paavo Järvi kontsert;EU;MUSIC
20.05.2026;Paavo Järvi. Professionaalne eestlane;EST;CULTURE
20.05.2026;Pagejad;EU;FILM
20.05.2026;Pagendatud;COPRO;SERIES
20.05.2026;Paha lugu;EST;FILM
20.05.2026;Painav öö;COPRO;FILM
20.05.2026;Palgamõrvarid;USACAN;INFO
20.05.2026;Paljad helid;EST;MUSIC
20.05.2026;Palju õnne argipäevaks;EST;FILM
20.05.2026;Palju õnne, Arnold Rüütel!;EST;LIFE
20.05.2026;Palli-Propeller;EST;MUSIC
20.05.2026;Palusalu;EST;CULTURE
20.05.2026;Palverännak. Teekond Santiagosse;UK;INFO
20.05.2026;Pamfir;COPRO;FILM
20.05.2026;Pandabeebid;UK;INFO
20.05.2026;Panen aga põsepuna palgele;EST;MUSIC
20.05.2026;Paraadid läbi aegade;EST;LIFE
20.05.2026;Paradiisi järel;UK;SERIES
20.05.2026;Paradiisi killud;USACAN;CULTURE
20.05.2026;Paraolümpiamängud 2024;EU;SPORT
20.05.2026;Pardiralli 2020;EST;INFOTAINMENT
20.05.2026;Pardiralli 2021;EST;INFOTAINMENT
20.05.2026;Pardiralli 2022;EST;INFOTAINMENT
20.05.2026;Pardiralli 2023;EST;INFOTAINMENT
20.05.2026;Pardiralli 2024;EST;LIFE
20.05.2026;Pariis, 13. linnaosa;EU;FILM
20.05.2026;Parimad aastad me elus;EU;FILM
20.05.2026;Partii;EST;LIFE
20.05.2026;Pas de deux balletist Pähklipureja;EST;MUSIC
20.05.2026;Patarei Sea Fortress;EST;INFO
20.05.2026;Pea;COPRO;SERIES
20.05.2026;Pealtnägija arhiivist. Vahur Kersna punamonumentidest 2007. aastal;EST;INFOTAINMENT
20.05.2026;Pealtnägija fenomen;EST;CULTURE
20.05.2026;Pealtnägija intervjuu. Tiiu Randviir;EST;CULTURE
20.05.2026;Pealtnägija intervjuu. Tõnu Kaljuste;EST;CULTURE
20.05.2026;Pealtnägija klassika;EST;INFOTAINMENT
20.05.2026;Pealtnägija. Edgar Savisaar;EST;INFOTAINMENT
20.05.2026;Peaminister Kaja Kallase pöördumine;EST;NEWS
20.05.2026;Peaminister Kaja Kallase pöördumine Vabariigi aastapäeva eel;EST;INFO
20.05.2026;Peaministri uusaasta intervjuu;EST;LIFE
20.05.2026;Peaosas Kate Winslet;UK;CULTURE
20.05.2026;Peapõrutus;COPRO;FILM
20.05.2026;Peenike pere;EST;FILM
20.05.2026;Peenike sinine joon;NORDICS;SERIES
20.05.2026;Peeter ja Tõnu;EST;FILM
20.05.2026;Peeter Pihel soovitab;EST;ENTER
20.05.2026;Peetrikese unenägu;EST;ANIMA
20.05.2026;Perekonnata;EU;FILM
20.05.2026;Perekonnavaled;EST;FILM
20.05.2026;Perpetuum mobile;EST;LIFE
20.05.2026;Pesukarud. Meisterlikud ellujääjad;EU;INFO
20.05.2026;Pet Shop Boys Kopenhaagenis;UK;MUSIC
20.05.2026;Pettson ja Findus. Findus kolib ära;EU;FILM
20.05.2026;Pianoola ehk mehhaaniline klaver;EST;FILM
20.05.2026;Pidu Draamas ja Estonias;EST;ENTER
20.05.2026;Pidu on püha;EST;INFOTAINMENT
20.05.2026;Pidulik riigilipu heiskamine Pika Hermanni torni;EST;LIFE
20.05.2026;Pierre Cardin. Teejuht modernusesse;EU;CULTURE
20.05.2026;Piimahambad;REST;FILM
20.05.2026;Piip ja Tuut hoiavad Eesti lippu kõrgel;EST;SERIES
20.05.2026;Piiramisrõngas demokraatia;COPRO;INFO
20.05.2026;Piiri peal;EST;ENTER
20.05.2026;Pikim laine;EU;LIFE
20.05.2026;Pikk blond mees tuleb tagasi;EU;FILM
20.05.2026;Pikk blond mees, must king jalas;EU;FILM
20.05.2026;Pikk tänav;EST;INFO
20.05.2026;Pildikesi Serge Gainsbourgist;EU;LIFE
20.05.2026;Piljardi Eesti meistrivõistlused. 9-palli finaal;EST;SPORT
20.05.2026;Pillid kotti;COPRO;FILM
20.05.2026;Pilveke;COPRO;ANIMA
20.05.2026;Pimeda maailma poole;NORDICS;LIFE
20.05.2026;Pinge 2032;EST;INFO
20.05.2026;Pingviinide perekond;UK;INFO
20.05.2026;Pink Melbourne'is;UK;MUSIC
20.05.2026;Pisaraid voolab kui oavarrest;EU;ANIMA
20.05.2026;Pisikeste pikk reis;UK;INFO
20.05.2026;Poiss kusagilt;UK;SERIES
20.05.2026;Poiste sõidud;EST;FILM
20.05.2026;Polkan;REST;SERIES
20.05.2026;Polkovniku lesk;EST;FILM
20.05.2026;Polli päevikud;EU;FILM
20.05.2026;Pollyanna. Eesti Noorsooteater;EST;FILM
20.05.2026;Polyphon 40 - revisited;EST;LIFE
20.05.2026;Ponisüda: metsik ja vaba;EU;FILM
20.05.2026;Poolükskõik. Johansonid;EST;MUSIC
20.05.2026;Pop '84;EST;MUSIC
20.05.2026;Popi ja Huhuu;EST;FILM
20.05.2026;Populaarseid ooperikatkendeid;EST;MUSIC
20.05.2026;Porgandite öö;EST;ANIMA
20.05.2026;Positivus - rokk, roll ja saldejums;EST;MUSIC
20.05.2026;Postmodernsed leibkonnad;EST;FILM
20.05.2026;Praktiline Eesti ajalugu;EST;FILM
20.05.2026;Present. Allied Forces in Estonia;EST;INFO
20.05.2026;Presidendid. Toomas Hendrik Ilves;EST;INFO
20.05.2026;Presidendivalimised 2021;EST;NEWS
20.05.2026;President;COPRO;INFO
20.05.2026;President Arnold Rüütel. Intervjuu;EST;LIFE
20.05.2026;President Arnold Rüütli ärasaatmine;EST;INFO
20.05.2026;President Arnold Rüütli ärasaatmine (viipekeelse tõlkega);EST;INFO
20.05.2026;President Arnold Rüütli ärasaatmine. Mälestushetk Toompeal;EST;INFO
20.05.2026;President Joe Biden;USACAN;INFO
20.05.2026;"President Zelenski: ""Kallis Eesti rahvas!""";EST;NEWS
20.05.2026;Priimabaleriin Kaie Kõrb;EST;CULTURE
20.05.2026;Priitahtlikud;EST;LIFE
20.05.2026;Professor T.;UK;SERIES
20.05.2026;Proua Winterbourne;USACAN;FILM
20.05.2026;Pruutide kool;EST;FILM
20.05.2026;Prügi;USACAN;LIFE
20.05.2026;Prügihunt ja superjänes;EST;FILM
20.05.2026;Prügihunt õpetab jäätmeid koguma;EST;EDU
20.05.2026;Prügikast 2 ehk Põhi paistab;EST;FILM
20.05.2026;Puhkepäev;EST;FILM
20.05.2026;Puhkus Käärikul;EST;FILM
20.05.2026;Punane kuninganna;REST;SERIES
20.05.2026;Punane mets;EU;SERIES
20.05.2026;Punane sekund;EST;LIFE
20.05.2026;Punklaulupeo laulud;EST;MUSIC
20.05.2026;Punklaulupidu;EST;MUSIC
20.05.2026;Purunematu Bruce Willis;EU;CULTURE
20.05.2026;Purunga, mees kaljudel;USACAN;LIFE
20.05.2026;Putin - Vene spiooni lugu;UK;INFO
20.05.2026;Putin ja Lääs;UK;NEWS
20.05.2026;Putin ja USA presidendid;USACAN;NEWS
20.05.2026;Putini sõjakuriteod Ukrainas;USACAN;NEWS
20.05.2026;Putini veretu sõda;EU;INFO
20.05.2026;Putukate suvemängud;EST;ANIMA
20.05.2026;Puu, mis varjutab metsa;EU;LIFE
20.05.2026;Puud on geniaalsed;EU;INFO
20.05.2026;Puuonni lood;EU;SERIES
20.05.2026;Puuraiduri lugu;EU;FILM
20.05.2026;Põgene!;COPRO;ANIMA
20.05.2026;Põhja-Euroopa imed;EU;LIFE
20.05.2026;Põhja-Euroopa imed. Island;EU;LIFE
20.05.2026;Põhja-Euroopa imed. Norra;EU;LIFE
20.05.2026;Põhja-Euroopa imed. Rootsi;EU;LIFE
20.05.2026;Põhja-Euroopa imed. Soome;EU;LIFE
20.05.2026;Põhja-Jäämeri 30 päevaga;NORDICS;INFO
20.05.2026;Põhjala Luiged;EST;MUSIC
20.05.2026;Põhjamaade imed linnulennult;REST;INFO
20.05.2026;Põhjapõdra perekond ja mina;UK;INFO
20.05.2026;Põleta kõik mu kirjad;NORDICS;FILM
20.05.2026;Põnn;EU;FILM
20.05.2026;Põranda all;EST;INFO
20.05.2026;Põrgusse sööstjad;UK;LIFE
20.05.2026;PÕS, kallis juubilar!;EST;LIFE
20.05.2026;Põud;EU;SERIES
20.05.2026;Põud ja vihm Põlva kihelkonnan nelätõistkümmendämä aasta suvõl;EST;FILM
20.05.2026;Päeva riismed;COPRO;FILM
20.05.2026;Päevaliblikas;EU;FILM
20.05.2026;Pähklivõi pistrik;USACAN;FILM
20.05.2026;Päikesepõletus;COPRO;FILM
20.05.2026;Päikesesüsteem;EU;INFO
20.05.2026;Päikesesüsteemi mõistatused;UK;INFO
20.05.2026;Pärand. Anu Raud;EST;CULTURE
20.05.2026;Pärast pidu;REST;SERIES
20.05.2026;Pärast tööd;COPRO;INFO
20.05.2026;Pärimusmuusika gala. Etnokulp;EST;MUSIC
20.05.2026;Pärimusmuusika lõikuspidu. Etnokulbid 2022;EST;MUSIC
20.05.2026;Pärimusmuusika lõikuspidu. Etnokulp 2023;EST;CULTURE
20.05.2026;Pärimusmuusika lõikuspidu. Etnokulp 2024;EST;CULTURE
20.05.2026;Pärimuzoon;EST;CULTURE
20.05.2026;Päris Rannap;EST;CULTURE
20.05.2026;Pärnu Muusikafestival 50;EST;CULTURE
20.05.2026;Pärsia viimane šahh;EU;LIFE
20.05.2026;Pätu;EST;SERIES
20.05.2026;Päästa boss;REST;SERIES
20.05.2026;Päästame Ukraina;EU;INFOTAINMENT
20.05.2026;Päästke meie hinged;EST;INFO
20.05.2026;Pöörane kihutamine;EU;INFO
20.05.2026;Pöörane lõbustuspark;REST;SERIES
20.05.2026;Püha peldik;EU;LIFE
20.05.2026;Püha tuli;EST;CULTURE
20.05.2026;Püha vaikus;USACAN;INFO
20.05.2026;Püha ämblik;COPRO;FILM
20.05.2026;Püha öö, üksildusöö;EST;FILM
20.05.2026;Pühadeks valmis retrostiilis;EST;EDU
20.05.2026;Pühademuusika. Koikson / Eplik / Võigemast;EST;MUSIC
20.05.2026;Queen Budapestis. Hungarian Rhapsody;UK;MUSIC
20.05.2026;R2 Aastahitt 2014;EST;ENTER
20.05.2026;R2 Aastahitt 2022;EST;ENTER
20.05.2026;R2 Aastahitt minilaiv 2024;EST;MUSIC
20.05.2026;R2 minilaiv 2025;EST;MUSIC
20.05.2026;R2AH. 30 aastat hitte;EST;ENTER
20.05.2026;R2TV;EST;ENTER
20.05.2026;Raadio 4 - 30 aastat eetris;EST;LIFE
20.05.2026;Raadio Tallinn esitleb;EST;MUSIC
20.05.2026;Raadiolainetel kroolides ja surfates. Esimene sajand;EST;LIFE
20.05.2026;Rabarber;EU;FILM
20.05.2026;Rahamaraton;EST;LIFE
20.05.2026;Rahel Olbrei 100;EST;CULTURE
20.05.2026;Rahu labürint;REST;SERIES
20.05.2026;Rahu teie kodule!;REST;FILM
20.05.2026;Rahu tänav;EST;FILM
20.05.2026;Rahumeelne revolutsioon. Berliini müüri langemine;EST;NEWS
20.05.2026;Rahvakunstnikud;EST;CULTURE
20.05.2026;Rahvasaadik Pius;EST;ENTER
20.05.2026;Rahvusmeeskoor 60;EST;CULTURE
20.05.2026;Rahvusooper Estonia VT Gala;EST;MUSIC
20.05.2026;Rahvusvahelise muusikapäeva gala 2020;EST;MUSIC
20.05.2026;Rahvusvahelise muusikapäeva gala 2024;EST;MUSIC
20.05.2026;Rahvusülikooli sada aastat;EST;LIFE
20.05.2026;Rahvusülikooli sajand;EST;CULTURE
20.05.2026;Rajalt maha;UK;LIFE
20.05.2026;Rakvere romanss;EST;FILM
20.05.2026;Rally Estonia;EST;SPORT
20.05.2026;Rapacross;NORDICS;LIFE
20.05.2026;Rauaniit;EST;INFO
20.05.2026;Raudse eesriide taga;EU;LIFE
20.05.2026;Rebus;UK;SERIES
20.05.2026;Reekviem Irenale;EU;LIFE
20.05.2026;Reet Linna läheb Pärnusse;EST;ENTER
20.05.2026;Regina;EST;FILM
20.05.2026;Reigo Ahven soovitab;EST;ENTER
20.05.2026;Rein Oja. Teatridirektor, ilma lipsuta;EST;CULTURE
20.05.2026;Reis läbi Tšiili looduse;UK;INFO
20.05.2026;Reisid Marija Viega;EST;ENTER
20.05.2026;Reisile sinuga;EST;ENTER
20.05.2026;Reisisiht - pulm!;COPRO;FILM
20.05.2026;Remy ja Juliyat;EU;FILM
20.05.2026;Renditöö pahupool;COPRO;INFO
20.05.2026;Renée Fleming. Linnad, mis laulavad;COPRO;MUSIC
20.05.2026;Repressioonide laulud;NORDICS;LIFE
20.05.2026;Retrodisko;EST;MUSIC
20.05.2026;Ricki – rokkstaarist ema;USACAN;FILM
20.05.2026;Riho Undi joonisfilmid;EST;ANIMA
20.05.2026;Riigikogu ajalugu;EST;INFO
20.05.2026;Riigikogu direktor;EST;CULTURE
20.05.2026;Riigikogu esimehe uusaastatervitus (viipekeelse tõlkega);EST;LIFE
20.05.2026;Riigireetur;EST;INFO
20.05.2026;Rimini;EU;FILM
20.05.2026;Ringvaade Eesti filmi- ja teleauhindade galal 2020;EST;INFOTAINMENT
20.05.2026;Risti-rästi;EU;ANIMA
20.05.2026;Rita ja Krokodill;NORDICS;ANIMA
20.05.2026;Rita Ora Eiffeli tornis;EU;MUSIC
20.05.2026;Riuklikud loomad;EU;ANIMA
20.05.2026;Robert De Niro. Peidus prožektorikiirtes;EU;CULTURE
20.05.2026;Roberta;USACAN;CULTURE
20.05.2026;Robin Hood – varaste prints;USACAN;FILM
20.05.2026;Robinson Crusoe elu ja imelised seiklused;REST;FILM
20.05.2026;Rocinante;EST;CULTURE
20.05.2026;Rock Hotel ja Tanel Padar, Ott Lepland ning Robert Linna;EST;MUSIC
20.05.2026;Rock Summer;EST;MUSIC
20.05.2026;Rock Summer 25;EST;MUSIC
20.05.2026;Rocktail;EST;MUSIC
20.05.2026;Rod Stewarti kontsert Royal Albert Hallis;UK;MUSIC
20.05.2026;Rodeo;EST;INFO
20.05.2026;Roheline pealinn Tallinn. Avapidu;EST;ENTER
20.05.2026;Roheline planeet;COPRO;INFO
20.05.2026;Rohemaja;REST;LIFE
20.05.2026;Rohke Debelaki aastalõpu libauudised;EST;ENTER
20.05.2026;Rohkem kui kunagi varem;COPRO;FILM
20.05.2026;"Rolling Stones, ""Sticky Fingers"", kontsert Fonda teatris";COPRO;MUSIC
20.05.2026;Romeo ja Julia;EST;FILM
20.05.2026;Rong väljaspool sõiduplaani;REST;FILM
20.05.2026;Roosa kampsun;EST;FILM
20.05.2026;Roosiaed;EST;FILM
20.05.2026;Roosid;REST;CULTURE
20.05.2026;Rootsi kuninga Karl XVI Gustavi ja kuninganna Silvia visiit Eestisse;EST;LIFE
20.05.2026;Rootsi mudeli kulisside taga;NORDICS;INFO
20.05.2026;Rudolf ja Irma;EST;FILM
20.05.2026;Ruja;EST;CULTURE
20.05.2026;Ruja. Need ei vaata tagasi?;EST;MUSIC
20.05.2026;Rukkilill;EST;LIFE
20.05.2026;Runeti lugu;REST;INFO
20.05.2026;Rusikas;EST;EDU
20.05.2026;Rutikud;EST;SERIES
20.05.2026;RUUM;EST;CULTURE
20.05.2026;Rõõmsad hetked ETV-ga;EST;ENTER
20.05.2026;Rännud ehtsate maitsete maal;REST;ENTER
20.05.2026;Rännud Kersnaga;EST;LIFE
20.05.2026;Rännud Kersnaga. Andy Warholi näitus Tallinnas;EST;CULTURE
20.05.2026;Rännud Kersnaga. Kilimanjaro;EST;LIFE
20.05.2026;Rännud Žiguliga;EST;ENTER
20.05.2026;Rännusiht Mehhiko;USACAN;INFO
20.05.2026;Rästiku pihtimus;EST;FILM
20.05.2026;Rütmiralli;EST;MUSIC
20.05.2026;Rüütli lugu;USACAN;FILM
20.05.2026;Saades Marilyniks;EU;CULTURE
20.05.2026;Saaga;REST;SERIES
20.05.2026;Saaremaa onupoeg;EST;FILM
20.05.2026;Saaremaa Ooperipäevad 2023;EST;CULTURE
20.05.2026;Saaremaa ooperipäevad 2024;EST;CULTURE
20.05.2026;Sabaya;NORDICS;LIFE
20.05.2026;Sadam otsib meremeest;EST;ENTER
20.05.2026;Sagrada Familia, Gaudi väljakutse;EU;CULTURE
20.05.2026;Saja lugu. Kuidas portreteerida eestlast?;EST;CULTURE
20.05.2026;Sajand kunstiülikooli;EST;CULTURE
20.05.2026;Salaaed;COPRO;FILM
20.05.2026;Saladus: julge unistada;USACAN;FILM
20.05.2026;Saladuslik Aafrika;EST;ENTER
20.05.2026;Saladuslikud rajad;EU;FILM
20.05.2026;Salajased paberid;COPRO;FILM
20.05.2026;Salastatud külm sõda;EU;INFO
20.05.2026;Salme viikingid;EST;LIFE
20.05.2026;Salongis ja kongis;EST;FILM
20.05.2026;Salu Juhan ja ta sõbrad;EST;FILM
20.05.2026;Sam Smith Royal Albert Hallis;UK;MUSIC
20.05.2026;Sangarid;EST;FILM
20.05.2026;Sass, kes kõnnib omapead. Näitleja Aleksander Eelmaa;EST;CULTURE
20.05.2026;Savoy ball;EST;FILM
20.05.2026;Sean Penn. Ameerika must lammas;EU;CULTURE
20.05.2026;See ihaluse hämar objekt;EU;FILM
20.05.2026;See maailm, see armastus. Katrin Karisma;EST;MUSIC
20.05.2026;See on Joan Collins;UK;CULTURE
20.05.2026;See teeb haiget;UK;SERIES
20.05.2026;See uus maailm;EU;FILM
20.05.2026;See, mis kuulub Cesarile;EU;FILM
20.05.2026;Seikluslik suvi Immenhofis;EU;FILM
20.05.2026;Seitse aastat Tiibetis;COPRO;FILM
20.05.2026;Sellised me olime;USACAN;FILM
20.05.2026;Seltsimees laps;EST;FILM
20.05.2026;Seltsimees laps. Filmi lugu;EST;CULTURE
20.05.2026;Seltskonnamängud;NORDICS;FILM
20.05.2026;Seninägematu kuninganna;UK;INFO
20.05.2026;Sepo 50;EST;ENTER
20.05.2026;Serengeti;UK;SERIES
20.05.2026;Shackleton - uskumatu pääsemine;REST;LIFE
20.05.2026;Shake;EU;SERIES
20.05.2026;Sharon Stone. Ellujäämisinstinkt;EU;CULTURE
20.05.2026;Shirley;USACAN;FILM
20.05.2026;Sierra;EST;ANIMA
20.05.2026;Siin me oleme. Ekraanide lummusest välja. Psühholoogide nõuanded;EST;LIFE
20.05.2026;Siin pole midagi naljakat;NORDICS;FILM
20.05.2026;Siiski veel Alice;COPRO;FILM
20.05.2026;Sild üle Kwai jõe;UK;FILM
20.05.2026;Silmapaistev Noor Eestlane 2022;EST;ENTER
20.05.2026;Silme ees läheb mustaks;EST;FILM
20.05.2026;Silvi ja So What;EST;MUSIC
20.05.2026;Silvi Vrait;EST;MUSIC
20.05.2026;Simm Nööp ja vedurijuht Luukas;EU;FILM
20.05.2026;Simon Reeve'i Lõuna-Ameerika;UK;INFO
20.05.2026;Simple Session 2024;EST;SPORT
20.05.2026;Simple Session 2025;EST;SPORT
20.05.2026;Simple Session 23;EST;SPORT
20.05.2026;Sina ja mina;UK;SERIES
20.05.2026;Sinine;EST;FILM
20.05.2026;Sinise taeva all;EST;CULTURE
20.05.2026;Sinised vilkurid;UK;SERIES
20.05.2026;Sinjoora Volpe;UK;SERIES
20.05.2026;Sinu jaoks loodud;EU;FILM
20.05.2026;Sinu kätes;EU;SERIES
20.05.2026;Sipelgapoiss;NORDICS;FILM
20.05.2026;Sipsik;EST;ANIMA
20.05.2026;Sipsik ja vana aja asjad;EST;FILM
20.05.2026;Sipsiku laulud;EST;MUSIC
20.05.2026;Sipsiku lugu;EST;ENTER
20.05.2026;Sisekergejõustiku EM Apeldoornis;EU;SPORT
20.05.2026;Sisekergejõustiku MM Glasgow's;UK;SPORT
20.05.2026;Sisekergejõustiku MM Nanjingis;REST;SPORT
20.05.2026;Sisenemine keelatud!;USACAN;SERIES
20.05.2026;Sissi;EU;SERIES
20.05.2026;Sissi, noor keisrinna;EU;FILM
20.05.2026;Sissi. Keisrinna saatuslikud aastad;EU;FILM
20.05.2026;Skandinaavia;COPRO;INFO
20.05.2026;Skangpoomijad;EST;FILM
20.05.2026;Skate Kitchen;COPRO;FILM
20.05.2026;Slaalom;EU;FILM
20.05.2026;Solidarno??: Euroopa muutuste tuules;EU;INFO
20.05.2026;Sonja - Valge Luik;NORDICS;FILM
20.05.2026;Soo;EST;FILM
20.05.2026;Soome-ugri hõimud 30 päevaga;NORDICS;INFO
20.05.2026;Soovid, soovid, soovid!;EST;ENTER
20.05.2026;Sophia Loren: erakordse saatusega naine;EU;CULTURE
20.05.2026;Souli lapsed;EU;LIFE
20.05.2026;Spioon, kes varastas tuumapommi;UK;LIFE
20.05.2026;Spioonid ja saladused: superriikide tuumamängud;COPRO;INFO
20.05.2026;Spioonid ookeanis;UK;INFO
20.05.2026;Spioonvaalade saladused;UK;INFO
20.05.2026;Sport;EST;SPORT
20.05.2026;Sport ja isiksus;EST;SPORT
20.05.2026;Sport. Sport;EST;SPORT
20.05.2026;Spotlight;EST;CULTURE
20.05.2026;Squirrel;EST;FILM
20.05.2026;Staarid Eurovisiooni punasel vaibal;EST;ENTER
20.05.2026;Stand-up on siin! Koomikud tuuril;EST;ENTER
20.05.2026;Stefan. Siirusega sihtideni;EST;CULTURE
20.05.2026;Stephen King - õuduste kuningas ekraanil;EU;CULTURE
20.05.2026;Stiilipidu;EST;FILM
20.05.2026;Sting Chambordi lossis;EU;MUSIC
20.05.2026;Sting. Kontsert Pariisis;UK;MUSIC
20.05.2026;Sting: vaba mees;EU;CULTURE
20.05.2026;Stonehouse;UK;SERIES
20.05.2026;Sukeldudes ellu;EU;FILM
20.05.2026;Sulev Nõmmik status quo;EST;ENTER
20.05.2026;Superdiskor;EST;FILM
20.05.2026;Superkangelased;EU;FILM
20.05.2026;Superlinnud - tihaste salaelu;EU;INFO
20.05.2026;Supilinna Salaselts;EST;FILM
20.05.2026;Surma ei otsinud keegi;EST;LIFE
20.05.2026;Surma võtted;COPRO;SERIES
20.05.2026;Surnuvalvaja;USACAN;FILM
20.05.2026;Suspilne International;REST;NEWS
20.05.2026;Suud puhtaks;EST;LIFE
20.05.2026;Suur aastalõpuviktoriin 2020;EST;ENTER
20.05.2026;Suur aastalõpuviktoriin 2022;EST;ENTER
20.05.2026;Suur aastalõpuviktoriin 2023;EST;ENTER
20.05.2026;Suur aastalõpuviktoriin 2024;EST;ENTER
20.05.2026;Suur intervjuu peaminister Kaja Kallasega;EST;LIFE
20.05.2026;Suur käimlalahing;COPRO;LIFE
20.05.2026;Suur läbimurre;EU;FILM
20.05.2026;Suur maalritöö;EST;ANIMA
20.05.2026;Suur muusikamäng;EST;ENTER
20.05.2026;Suur pahandus;EST;FILM
20.05.2026;Suur põgenemine 1944. Pisarais paadid;EST;LIFE
20.05.2026;Suur seikleja. Hannes Hermaküla intervjuu Simon Reeve'iga;EST;ENTER
20.05.2026;Suur sünnipäevapidu. Viljandi folk 30;EST;ENTER
20.05.2026;Suur uusaastakontsert;REST;MUSIC
20.05.2026;Suur Vallrahu. Uus põlvkond;REST;INFO
20.05.2026;Suur võidusõit. Lancia Audi vastu;COPRO;FILM
20.05.2026;Suure Reede jumalateenistus Tallinna Kaarli kirikus;EST;CULTURE
20.05.2026;Suure reede jumalateenistus Tallinna Kalju Baptistikoguduses;EST;CULTURE
20.05.2026;Suured lapsed;EU;FILM
20.05.2026;Suurmeistrid;EST;SPORT
20.05.2026;Suursaadik;NORDICS;SERIES
20.05.2026;Suur-Sõjamäe;EST;LIFE
20.05.2026;Suurushullustus;EU;FILM
20.05.2026;Suus sulav Eesti. Jõulud;EST;LIFE
20.05.2026;Suusaalade MK-etapid;EU;SPORT
20.05.2026;Suusaalade MM;EU;SPORT
20.05.2026;Suusaalade MM Trondheimis;NORDICS;SPORT
20.05.2026;Suusamatk;EST;LIFE
20.05.2026;Suusaorienteerumise MM Ramsaus;EU;SPORT
20.05.2026;Suusasprindi MK-etapp Tallinnas;EST;SPORT
20.05.2026;Suvebiathlon. Martin Fourcade'i festival;EU;SPORT
20.05.2026;Suvebiatloni MM Otepääl;EST;SPORT
20.05.2026;Suvekuninganna Marju Länik;EST;CULTURE
20.05.2026;Suvi 85;EU;FILM
20.05.2026;Suvi Tartus;EST;CULTURE
20.05.2026;Swingersi kontsert;EST;MUSIC
20.05.2026;Sõbrad muusikas;EST;LIFE
20.05.2026;Sõda ja puuhobune;COPRO;INFO
20.05.2026;Sõda kohtupingis;EU;INFO
20.05.2026;Sõda nähtamatu vaenlasega;EST;INFOTAINMENT
20.05.2026;Sõda ukrainlaste ja loomade vastu;COPRO;LIFE
20.05.2026;Sõdur;EU;LIFE
20.05.2026;Sõida maale!;EST;LIFE
20.05.2026;Sõjad ei lõppegi;NORDICS;LIFE
20.05.2026;Sõjaga silmitsi;NORDICS;INFO
20.05.2026;Sõlvestrov;REST;CULTURE
20.05.2026;Sähvatus. Mahavoki uued lood;EST;MUSIC
20.05.2026;Südameasjad. Lepo Sumera;EST;CULTURE
20.05.2026;Südamering;EST;LIFE
20.05.2026;Südames sündinud;EST;FILM
20.05.2026;Südamete murdumise maja;EST;FILM
20.05.2026;Sügisball;EST;FILM
20.05.2026;Sügiskuld;EST;MUSIC
20.05.2026;Sügisõhtul;EST;FILM
20.05.2026;Sümfooniline fantaasia: üks juhib neid;EU;MUSIC
20.05.2026;Sündinud unistusest. Eesti Filharmoonia Kammerkoor 40;EST;MUSIC
20.05.2026;Sünge demokraatia;COPRO;INFO
20.05.2026;Sünnipäevaintervjuu. Ülle Lichtfeldt;EST;CULTURE
20.05.2026;Sünnipäevatüdruk;NORDICS;FILM
20.05.2026;Sürrealism Eesti kunstis;EST;CULTURE
20.05.2026;Süüdake taevatähed;EU;INFO
20.05.2026;Süüria. Lootuse ja hirmu vahel;EU;INFO
20.05.2026;Süüria: Assadi poolt laastatud maa;EU;INFO
20.05.2026;Süütud enesetapud;USACAN;FILM
20.05.2026;Šarlatan;EU;FILM
20.05.2026;Šlaager;EST;FILM
20.05.2026;Zelenski. Mees, kes astus Putinile vastu;UK;NEWS
20.05.2026;Zoe;USACAN;FILM
20.05.2026;Zorro seiklused;EU;ANIMA
20.05.2026;Žanri sünd;EST;ANIMA
20.05.2026;Žiguliga Baltimaades;EST;ENTER
20.05.2026;Taak;COPRO;SERIES
20.05.2026;Taani kuninganna Margrethe II - 50 aastat troonil;NORDICS;INFO
20.05.2026;Taarka;EST;FILM
20.05.2026;Taaskasutusmüüt;COPRO;INFO
20.05.2026;Taaskohtumine;EST;ANIMA
20.05.2026;Taassünni kunst;COPRO;LIFE
20.05.2026;Taavo Remmel Kumu auditooriumis;EST;MUSIC
20.05.2026;Tabamata ime;EST;FILM
20.05.2026;Taevakütid;EU;INFO
20.05.2026;Taevas, muld ja tulevik;EST;FILM
20.05.2026;Taevavalvurid;EST;ENTER
20.05.2026;Taevavõlvi hoidjad;EU;INFO
20.05.2026;Tagahoovis;EST;FILM
20.05.2026;Tagalas;EST;NEWS
20.05.2026;Tagasi Euroopasse;EST;ANIMA
20.05.2026;Tagasi helesinisesse laguuni;USACAN;FILM
20.05.2026;Tagasi väljakule. UEFA Rahvuste liiga 2024/25;REST;SPORT
20.05.2026;Tagurpidi maailm. Brasiilia;REST;INFO
20.05.2026;Tagurpidi maailm. Hiina;REST;INFO
20.05.2026;Tagurpidi maailm. Nepal;REST;INFO
20.05.2026;Tagurpidi maailm. Ukraina;REST;INFO
20.05.2026;Taiwani ja Hiina vastasseis;UK;INFO
20.05.2026;Takistamatu;EU;FILM
20.05.2026;Talibani lapsed;COPRO;INFO
20.05.2026;Talibani tulek. Afganistan;EST;INFO
20.05.2026;Talispordistuudio;EST;SPORT
20.05.2026;Tallinna Kalev vs Leningradi Spartak. 1991 II finaalmäng;EST;SPORT
20.05.2026;Tallinna mosaiik;EST;CULTURE
20.05.2026;Tallinna Poistekoor Kaarli kirikus;EST;MUSIC
20.05.2026;Talv;EU;FILM
20.05.2026;Talveingel;EST;CULTURE
20.05.2026;Talvelaulud Valgamaal;EST;MUSIC
20.05.2026;Tanel ja kanad;EST;LIFE
20.05.2026;Tango. Tantsivad Kaie Kõrb ja Viesturs Jansons;EST;MUSIC
20.05.2026;Tantsi võidu!;EST;ENTER
20.05.2026;Tantsi, kuni jaksad;COPRO;FILM
20.05.2026;Tantsutaat Ullo Toomi;EST;CULTURE
20.05.2026;Tantsutüdrukud;NORDICS;SERIES
20.05.2026;Tareq Taylori Põhjamaade kokakunst;NORDICS;ENTER
20.05.2026;Tark mees taskus;UK;ENTER
20.05.2026;Tarmo ja Aet liiguvad;EST;EDU
20.05.2026;Tartu 2024 esitleb: Vabaduse galakontsert;EST;MUSIC
20.05.2026;Tartu 2024. Kontsertetendus Suudlev Tartu;EST;MUSIC
20.05.2026;Tartu 2024. Kõik on kokku üks;EST;FILM
20.05.2026;Tartu 2024. Kõik on kokku üks. Eesti viipekeeles;EST;FILM
20.05.2026;Tartu 2024. Sada ööd ja päeva ellujäämise kunstideni;EST;ENTER
20.05.2026;Tartu 2024. Sada ööd ja päeva ellujäämise kunstideni. Viipekeeles;EST;ENTER
20.05.2026;Tartu Kristjan Jaak Petersoni Gümnaasiumi filmifestival;EST;FILM
20.05.2026;Tartu laulupidu. Õnn ja rõõm;EST;MUSIC
20.05.2026;Tartu Laulupidu. Õnnelikud ja rõõmsad hetked;EST;MUSIC
20.05.2026;Tartu levimuusikapäevad;EST;MUSIC
20.05.2026;Tartu vaim;EST;LIFE
20.05.2026;Tartu Ülikooli rektori kandidaatide debatt;EST;NEWS
20.05.2026;Tasakaalu retsept;EU;LIFE
20.05.2026;Tasuta ümber maailma;REST;ENTER
20.05.2026;Teadlaste Öö festival 2021. Teaduse superkangelased;EST;ENTER
20.05.2026;Teadus kolme minutiga;EST;EDU
20.05.2026;Teater laulab;EST;MUSIC
20.05.2026;Teatri aastaauhinnad;EST;CULTURE
20.05.2026;Teatri aastaauhinnad 2022;EST;CULTURE
20.05.2026;Teatrikunstnik;EST;CULTURE
20.05.2026;Teatriromanss;EST;FILM
20.05.2026;Teatrivara;EST;CULTURE
20.05.2026;TEDx Tallinn;EST;CULTURE
20.05.2026;TEDx Tartu;EST;CULTURE
20.05.2026;Teel jalgpalli EM 2024 finaalturniirile;EU;SPORT
20.05.2026;Teel Leninile;EST;ENTER
20.05.2026;Teemaõhtu kommentaarid;EST;CULTURE
20.05.2026;Teemaõhtu: Ivo Linna 70;EST;MUSIC
20.05.2026;Teemaõhtu: Meenutades Eino Baskinit;EST;CULTURE
20.05.2026;Teemaõhtu: Viire Valdma 60;EST;FILM
20.05.2026;Teeme ise!;EST;EDU
20.05.2026;Tehisaru lahkamine;EU;CULTURE
20.05.2026;Tehisema;REST;FILM
20.05.2026;Teine maailmasõda. Eesti kroonikad;EST;LIFE
20.05.2026;Teised;USACAN;FILM
20.05.2026;Teised kaldad;EST;LIFE
20.05.2026;Teisel pool vett;EST;CULTURE
20.05.2026;Teisipäevaklubi;NORDICS;FILM
20.05.2026;Teiste elu;EU;FILM
20.05.2026;Teledisko laulud;EST;MUSIC
20.05.2026;Telepoiss. ETV lastelaulud;EST;MUSIC
20.05.2026;Teletutvus;EST;CULTURE
20.05.2026;Tema mehed;REST;SERIES
20.05.2026;Tema nimi oli Grace Kelly;EU;LIFE
20.05.2026;Tennisesajand;EST;SPORT
20.05.2026;Teo Maiste 90;EST;MUSIC
20.05.2026;Teo Maiste ooperis;EST;MUSIC
20.05.2026;Teofrastus;EST;ANIMA
20.05.2026;Teoorias lubatud;REST;FILM
20.05.2026;Terasmagnooliad;USACAN;FILM
20.05.2026;Tere tulemast Ouzville'i;REST;INFO
20.05.2026;Terve Eesti jaaniõhtu;EST;ENTER
20.05.2026;Terve suvi;EST;ENTER
20.05.2026;The Best of Salieri ehk Mina, Eesti režissöör;EST;LIFE
20.05.2026;Tiim Marco;USACAN;FILM
20.05.2026;Tiivad;EST;ANIMA
20.05.2026;Tiivasirutus;COPRO;FILM
20.05.2026;TikTok - maailma populaarseim äpp;REST;LIFE
20.05.2026;Tina Turner Arnhemis;UK;MUSIC
20.05.2026;Tina Turneri lugu;USACAN;CULTURE
20.05.2026;Tipi ja Täpi teater;EST;SERIES
20.05.2026;Tippmängijad;EST;MUSIC
20.05.2026;Tizian: suletud uste taga;UK;CULTURE
20.05.2026;Titaan;COPRO;FILM
20.05.2026;Tobiase torm ja tung;EST;CULTURE
20.05.2026;Toidu ajalugu;USACAN;INFO
20.05.2026;Toidupettused;EU;INFO
20.05.2026;Toit, ma armastan sind;REST;ENTER
20.05.2026;Tom Cruise. Igavene noorus;EU;LIFE
20.05.2026;Tom ja Fluffy;EST;ANIMA
20.05.2026;Tom talus;COPRO;FILM
20.05.2026;Tont nr. 5;EST;FILM
20.05.2026;Tony Bennett ja Lady Gaga: Cheek To Cheek;USACAN;MUSIC
20.05.2026;Toomas Uba fenomen;EST;LIFE
20.05.2026;Toonekurg;EST;ANIMA
20.05.2026;Topeltkokteil;EST;FILM
20.05.2026;Topeltkoloniseeritud;COPRO;LIFE
20.05.2026;Tordikindral;NORDICS;FILM
20.05.2026;Torm südames;NORDICS;SERIES
20.05.2026;Tormi poeg. Juhan Smuul;EST;CULTURE
20.05.2026;Tormipoiss;REST;FILM
20.05.2026;Tormis sündinud;UK;INFO
20.05.2026;Torquato Tasso;EST;FILM
20.05.2026;Toscana päikese all - Elle lugu;EST;LIFE
20.05.2026;Toubab;EU;FILM
20.05.2026;Tove Janssoni rääkimata lugu;NORDICS;FILM
20.05.2026;Trigger;REST;SERIES
20.05.2026;Triivides kaugusse;EST;FILM
20.05.2026;Tsirkus Maksimus;EST;MUSIC
20.05.2026;Tsirkusemasin;EU;ENTER
20.05.2026;Tsivilisatsiooni saladused;UK;INFO
20.05.2026;Tšerkassõ;REST;FILM
20.05.2026;Tšetšeenia: kes tappis Nataša?;EU;INFO
20.05.2026;Tublid loomad;EST;ANIMA
20.05.2026;Tudengiloss;EST;MUSIC
20.05.2026;Tugev Hans;EU;FILM
20.05.2026;Tuhande näoga mees;EU;LIFE
20.05.2026;Tuhast tõusnud. Estonia Jumalaema kirikus;EST;CULTURE
20.05.2026;Tuhkatriinu;REST;FILM
20.05.2026;Tujurikkuja;EST;ENTER
20.05.2026;Tukdam: maailmade vahel;EU;LIFE
20.05.2026;Tule Toompeale, ütles Dubovik;EST;LIFE
20.05.2026;Tuleb kõva mees olla;EST;LIFE
20.05.2026;Tuled akendes. Uno Loop;EST;LIFE
20.05.2026;Tuleliinil. Vabadussõda;EST;INFO
20.05.2026;Tuleviku maailmatähed;EST;MUSIC
20.05.2026;Tuleviku ülikool;EST;INFOTAINMENT
20.05.2026;Tulge meiega!;EST;ENTER
20.05.2026;Tulge minu juurde;EST;FILM
20.05.2026;Tulgu, mis tuleb;EU;FILM
20.05.2026;Tuli ja vesi. Anne Veski;EST;MUSIC
20.05.2026;Tulivesi;EST;FILM
20.05.2026;Tulnukas;REST;SERIES
20.05.2026;Tume vesi;USACAN;FILM
20.05.2026;Tundmatu 60;EST;CULTURE
20.05.2026;Tundmatu Jaska;EST;CULTURE
20.05.2026;Tundmatu kunstniku töö;NORDICS;FILM
20.05.2026;Tuukrid vihmas;EST;ANIMA
20.05.2026;Tuulearmuke;EST;FILM
20.05.2026;Tuuleiil;EST;FILM
20.05.2026;Tuulevaikus;EST;FILM
20.05.2026;Tuult purjedesse;EST;LIFE
20.05.2026;Tuulte pesa;EST;FILM
20.05.2026;Tuulte tahutud maa;EST;INFO
20.05.2026;Tuvi;EST;FILM
20.05.2026;Tuvitädi;EST;ANIMA
20.05.2026;TV Faktor;EST;ENTER
20.05.2026;Tõe lõpp;EU;FILM
20.05.2026;Tõeline armastus;UK;SERIES
20.05.2026;Tõeline Mo Farah;UK;LIFE
20.05.2026;Tõlkes kaduma läinud;COPRO;FILM
20.05.2026;Tõnis Mägi 40 - 20;EST;MUSIC
20.05.2026;Tõnis Mägi 70;EST;CULTURE
20.05.2026;Tõnis Mägi. Vaikus valguses;EST;CULTURE
20.05.2026;Tõnise ja Mäe vahel;EST;MUSIC
20.05.2026;Tõnu Aav. Ilma naljata;EST;CULTURE
20.05.2026;Tõotatud maa;COPRO;FILM
20.05.2026;Tõrjutud mälestused;EU;LIFE
20.05.2026;Tõsine elukutse;EU;FILM
20.05.2026;Tähelaev. Sporditegelased;EST;CULTURE
20.05.2026;Tähendamisi: Kaduvad ja kadumatud aarded;EST;LIFE
20.05.2026;Täherändurid;COPRO;FILM
20.05.2026;Tähtede lava;EST;ENTER
20.05.2026;Tähtede lava 2024;EST;ENTER
20.05.2026;Tähtede Lava 2024 finaali esitused;EST;ENTER
20.05.2026;Tähtede seis. Eesti Laul 2024;EST;MUSIC
20.05.2026;Tähtede valgus. Erkki-Sven Tüür, Paavo Järvi ja Berliini Filharmoonikud;EST;CULTURE
20.05.2026;Täiuslik noot. Céline Dioni seiklus Šveitsis;EU;CULTURE
20.05.2026;Täiuslik patsient;EU;FILM
20.05.2026;Täna 30 aastat tagasi;EST;LIFE
20.05.2026;Täna õhtul... Uno Loop;EST;ENTER
20.05.2026;Tänaval kummutit veeti;REST;FILM
20.05.2026;Täpid ja triibud;EU;INFO
20.05.2026;Tüdruk mootorrattal;COPRO;FILM
20.05.2026;Tüdruk purskkaevus;EU;CULTURE
20.05.2026;Tüdrukud rokis. Teie jaoks pole ma mingi naine;EU;CULTURE
20.05.2026;Tüdrukutebande;REST;LIFE
20.05.2026;Tühivaim;EST;FILM
20.05.2026;Türkmenistan - maailma kummalisim diktatuur;EU;INFO
20.05.2026;U2. Ühe rokkbändi lugu;UK;CULTURE
20.05.2026;Udumaades;EU;LIFE
20.05.2026;Uhti, uhti uhkesti;EST;ANIMA
20.05.2026;Uhti, uhti, uhkesti;EST;ANIMA
20.05.2026;Uiguuride tragöödia;EU;INFO
20.05.2026;Uimedega superman - vöödiline tiibkala;EU;INFO
20.05.2026;Ujumise lühiraja EM;REST;SPORT
20.05.2026;Ujumise lühiraja EM Bukarestis;EU;SPORT
20.05.2026;Ujumise lühiraja EM Bukarestis. Finaalid;EU;SPORT
20.05.2026;Ukraina iseseisvuspäeva toetuskontsert;EST;ENTER
20.05.2026;Ukraina Noorte Sümfooniaorkester Oksana Lõniviga;EU;MUSIC
20.05.2026;Ukraina stuudio. Päev president Volodõmõr Zelenskiga;EST;NEWS
20.05.2026;Ukraina varastatud lapsed;UK;INFO
20.05.2026;Ukraina. Relvade hind;EU;INFO
20.05.2026;Ukrainlased Eestis, üks aasta sõja algusest;EST;LIFE
20.05.2026;Ukuaru;EST;FILM
20.05.2026;Umberto Eco. Maailma raamatukogu;EU;CULTURE
20.05.2026;Ummamuudu 25. sünnipäevapidu;EST;MUSIC
20.05.2026;Une mõistatused;USACAN;INFO
20.05.2026;Unelaul;EU;FILM
20.05.2026;Unelinnade lood;EST;LIFE
20.05.2026;Unelmate rongireisid Šveitsis;COPRO;INFO
20.05.2026;Unerohi;EST;FILM
20.05.2026;Unetus Seattle'is;USACAN;FILM
20.05.2026;Unistust püüdes;COPRO;FILM
20.05.2026;Unistuste puu;EST;CULTURE
20.05.2026;Uno Loop 90. Armastuse värvid;EST;CULTURE
20.05.2026;Uno. Laulab Uno Loop;EST;MUSIC
20.05.2026;Unustamatu Eino Baskin;EST;CULTURE
20.05.2026;Unustamatu Lotman;EST;CULTURE
20.05.2026;Unustatud maitsed;EST;LIFE
20.05.2026;Unustatud rahvaste jälgedes I;EST;CULTURE
20.05.2026;Unustatud rahvaste jälgedes II;EST;CULTURE
20.05.2026;Upa-upa ubinakõnõ. Mari Kalkun, Tuulikki Bartosik, Ramo Teder;EST;MUSIC
20.05.2026;Usalda mind;USACAN;INFO
20.05.2026;Usk liigutab mägesid;NORDICS;INFO
20.05.2026;Uskumatu, aga tõsi;EU;FILM
20.05.2026;Ussisõdalased;EST;LIFE
20.05.2026;Uue Hiilguse kohtuasi;COPRO;INFO
20.05.2026;Uued sõbrad;EST;ANIMA
20.05.2026;Uueks aastaks mehele;REST;SERIES
20.05.2026;Uurimusfilm doktor Enn Vetemaa märkmeraamatute põhjal. Eesti näkid;EST;FILM
20.05.2026;Uus algus;UK;SERIES
20.05.2026;Uus metsik Euroopa;EU;INFO
20.05.2026;Uus mängukann;EU;FILM
20.05.2026;Uusaasta KALA kontsert;EST;MUSIC
20.05.2026;UV faktor;EST;NEWS
20.05.2026;W. A. Mozart... Georg Ots;EST;MUSIC
20.05.2026;Vaala maitse;EU;LIFE
20.05.2026;Vaalamaailm;EU;INFO
20.05.2026;Vaba tahe;EST;LIFE
20.05.2026;Vabadus 21. sajandil;EST;CULTURE
20.05.2026;Vabaduse mustrid;USACAN;LIFE
20.05.2026;Vabakava. Onu Bella;EST;ENTER
20.05.2026;Vabakava. Onu Bella klounimuusikal;EST;ENTER
20.05.2026;Vabariigi Presidendi ametisse astumine;EST;NEWS
20.05.2026;Vabariigi presidendi kõne Roosiaias (viipekeeles);EST;LIFE
20.05.2026;Vabariigi Presidendi pöördumine;EST;INFO
20.05.2026;Vaene Saša;REST;SERIES
20.05.2026;Vahejaam - Viljandi;EST;CULTURE
20.05.2026;Vahur Kersna soovitab. Näärid!;EST;ENTER
20.05.2026;Vahva rätsep;EST;ANIMA
20.05.2026;Vaid üks käänak;REST;FILM
20.05.2026;Vaikelu Olav Maraniga;EST;CULTURE
20.05.2026;Vaikimisi;EU;SERIES
20.05.2026;Vaikiv klass;EU;FILM
20.05.2026;Vaikne sissetung: Hiina Balkani strateegia;EU;INFO
20.05.2026;"Vaiko Eplik ja Eliit ""Varielu""";EST;MUSIC
20.05.2026;Vaimude tund Kadrioru lossis;EST;FILM
20.05.2026;Vaimulik laulupidu. Rõõm üle maa;EST;MUSIC
20.05.2026;Vaino Vahingu päevaraamat;EST;CULTURE
20.05.2026;Vaktsiin - uus maailmavaluuta;EST;INFO
20.05.2026;Vaktsiinivastaste vandenõu;COPRO;NEWS
20.05.2026;Valge tee kutse;EST;FILM
20.05.2026;Valge, valge päev;NORDICS;FILM
20.05.2026;Valgele mäele;EST;LIFE
20.05.2026;Valgevene elab!;EU;INFO
20.05.2026;Valguse säras. Lasteekraani Muusikastuudio 25;EST;MUSIC
20.05.2026;Valimisstuudio (2023);EST;NEWS
20.05.2026;Valimisstuudio 2021;EST;NEWS
20.05.2026;Valimiste eelõhtu;EST;NEWS
20.05.2026;Valimiste õhtu (viipekeeles);EST;NEWS
20.05.2026;Valimiste õhtu 2023;EST;NEWS
20.05.2026;Valimiste õhtu. Kohalikud valimised 2021;EST;NEWS
20.05.2026;Vallatud kurvid;EST;FILM
20.05.2026;Van Gogh. Geeniuse pintslitõmme;EU;CULTURE
20.05.2026;Vana Markku;NORDICS;LIFE
20.05.2026;Vana mees tahab koju;EST;FILM
20.05.2026;Vana tamm;COPRO;FILM
20.05.2026;Vana võluri muinasjutud;REST;SERIES
20.05.2026;Vana-aastaõhtu kontsert;EST;MUSIC
20.05.2026;Vanad ajad;EST;INFO
20.05.2026;Vana-Egiptuse kuningannad;COPRO;CULTURE
20.05.2026;Vanaisa jälgedes. Hendrik Toompere seenior;EST;CULTURE
20.05.2026;Vananemine on seiklus;EST;LIFE
20.05.2026;Vanemuise suvekontsert;EST;MUSIC
20.05.2026;Vanemuise suvekontsert 2022;EST;MUSIC
20.05.2026;Vanemuise suvekontsert 2023;EST;MUSIC
20.05.2026;Vanemuise suvekontsert Kassitoomel;EST;MUSIC
20.05.2026;Vanemuise suvekontsert Kassitoomel 2023;EST;MUSIC
20.05.2026;Vangistatu;REST;SERIES
20.05.2026;Vanniskäik Prantsusmaal;EST;FILM
20.05.2026;Varakevad;EST;FILM
20.05.2026;Varda kui Agnes;EU;CULTURE
20.05.2026;Varjude org;UK;SERIES
20.05.2026;Varjus kasvanud kohv;NORDICS;INFO
20.05.2026;Vastupanuteade;COPRO;LIFE
20.05.2026;Vastutuult;EST;ENTER
20.05.2026;Veealused tulemäed;EU;INFO
20.05.2026;Weekend Festival Pärnus;EST;ENTER
20.05.2026;Weekend Guitar Trio juubelikontsert;EST;MUSIC
20.05.2026;Veepiisad kuumadel kividel;EU;FILM
20.05.2026;Vehklejad. Kuldne nelik;EST;INFOTAINMENT
20.05.2026;Weitzenbergi tänav;EST;ANIMA
20.05.2026;Welcome To Estonia ehk kellest saab au-eestlane?;EST;ENTER
20.05.2026;Veljo Tormis 90. Tormise tuules;EST;MUSIC
20.05.2026;Veljo Tormis. Eesti ballaadid;EST;FILM
20.05.2026;Veljo Tormis. Kollektsioon;EST;MUSIC
20.05.2026;Veljo Tormis. Unustatud rahvad;EST;MUSIC
20.05.2026;Veluurpintsak;EST;FILM
20.05.2026;Velvet Goldmine;COPRO;FILM
20.05.2026;Venemaa katselabor Süüria;EU;INFO
20.05.2026;Venemaa Liibüa front. Wagneri grupp;UK;INFO
20.05.2026;Venemaa metsik loodus;COPRO;INFO
20.05.2026;Venemaa metsik loodus. Baikali ja Kaspia paradiis;COPRO;INFO
20.05.2026;Venemaa metsik loodus. Primorski krai salajane kuningriik;COPRO;INFO
20.05.2026;Venemaa metsik loodus. Siberi jäine süda;COPRO;INFO
20.05.2026;Venemaa metsik loodus. Vulkaanide maa Kamtšatka;COPRO;INFO
20.05.2026;Vennad ja õed;EST;ANIMA
20.05.2026;Vennad Morozovid - metseenid ja kunstikogujad;EU;CULTURE
20.05.2026;Vennaskond. Musta lipu valguses;EST;MUSIC
20.05.2026;Vera: hüvasti, kullake;UK;ENTER
20.05.2026;Verast;REST;SERIES
20.05.2026;Veremaad;UK;SERIES
20.05.2026;Veresidemed;EU;FILM
20.05.2026;Verine John;EST;ANIMA
20.05.2026;Werner Herzog - radikaalne unistaja;COPRO;CULTURE
20.05.2026;Versace – veresidemed;EU;CULTURE
20.05.2026;Vestlusi vene kultuuriloost;EST;EDU
20.05.2026;Vestluskaaslased;EST;INFO
20.05.2026;Vestlusõhtu kinos;EST;CULTURE
20.05.2026;Veteranirock 2022;EST;MUSIC
20.05.2026;Veteranirock 2023;EST;MUSIC
20.05.2026;Veteranirock 2024;EST;MUSIC
20.05.2026;Videomängud sümfoonias;NORDICS;MUSIC
20.05.2026;Vigil;UK;SERIES
20.05.2026;Vigurivänt Volli;EST;ANIMA
20.05.2026;Vigursõit vanalinnas;EST;CULTURE
20.05.2026;Vihakobarad. Moodsa Ameerika vaim;EU;INFO
20.05.2026;Vihmane päev New Yorgis;USACAN;FILM
20.05.2026;Vihmavarjutorge;EU;FILM
20.05.2026;Viiekümnendad;EST;LIFE
20.05.2026;Viies element;EU;FILM
20.05.2026;Viiest viis. Laskesuusatamise MM-i eel;EST;SPORT
20.05.2026;Viiest viis. MK-sarja uus hooaeg;EST;SPORT
20.05.2026;Viimane kajakas;COPRO;INFO
20.05.2026;Viimane kalalkäik;NORDICS;FILM
20.05.2026;Viimane korstnapühkija;EST;ANIMA
20.05.2026;Viimane Romeo;EST;FILM
20.05.2026;Viimane suvi;EST;FILM
20.05.2026;Viimne lahing;EST;FILM
20.05.2026;Viimne reliikvia;EST;FILM
20.05.2026;Viimsel hingetõmbel;EU;FILM
20.05.2026;Viin 1918: ühe keisririigi lõpp;EU;INFO
20.05.2026;Viini Filharmoonikud Berliinis;EU;MUSIC
20.05.2026;Viini Filharmoonikute suveöö kontsert 2024;EU;MUSIC
20.05.2026;Viini Filharmoonikute uusaastakontsert 2025;EU;MUSIC
20.05.2026;Viini postmark;EST;FILM
20.05.2026;Viis kildu Gunnar Grapsist;EST;CULTURE
20.05.2026;Viis laulu. Klassikaraadio LIVE;EST;MUSIC
20.05.2026;Viis minutit enne jaanuari algust;REST;SERIES
20.05.2026;Vilda;NORDICS;SERIES
20.05.2026;Viljandi;EST;INFO
20.05.2026;Viljandi Kultuuriakadeemia 2013;EST;CULTURE
20.05.2026;Viljandi suveooper. Öine lend üle ookeani;EST;MUSIC
20.05.2026;Villa Antropoff;EU;ANIMA
20.05.2026;Windermere'i lapsed;COPRO;FILM
20.05.2026;Windsori lossis;UK;INFO
20.05.2026;Viola;EST;ANIMA
20.05.2026;Viru säru;EST;CULTURE
20.05.2026;Viru. Vabaduse saatkond;EST;CULTURE
20.05.2026;Virumaa veed puhtaks;EST;INFO
20.05.2026;Vista. Vivita start-up videod;EST;INFO
20.05.2026;Wisting;NORDICS;SERIES
20.05.2026;Vivienne Westwood. Jumal, hoia kuningannat!;UK;CULTURE
20.05.2026;Vladivostok;EST;LIFE
20.05.2026;Wolfredt ja VHK Keelpilliorkester;EST;CULTURE
20.05.2026;Volga jõgi 30 päevaga;NORDICS;INFO
20.05.2026;Voodist voodisse;USACAN;SERIES
20.05.2026;Võidupüha paraad 2021;EST;LIFE
20.05.2026;Võidupüha paraad 2022;EST;INFO
20.05.2026;Võidupüha paraad 2023;EST;LIFE
20.05.2026;Võidupüha paraad 2024;EST;INFO
20.05.2026;Võimlemispidu Kingitus;EST;MUSIC
20.05.2026;Võimu illusioon;COPRO;FILM
20.05.2026;Võimu kants;NORDICS;SERIES
20.05.2026;Võimu kants. Võim ja hiilgus;NORDICS;SERIES
20.05.2026;Võitlus ellujäämise nimel;EU;INFO
20.05.2026;Võluhotell;NORDICS;FILM
20.05.2026;Võrkpall. Meeste kuldliiga;EST;SPORT
20.05.2026;Võrkpalli EM valikmäng;EST;SPORT
20.05.2026;Võrkpalli EM valikmängud;EST;SPORT
20.05.2026;Võrkpalli kuld- ja hõbeliiga;EST;SPORT
20.05.2026;Võrratu sajand. Eesti võrkpall 100;EST;SPORT
20.05.2026;Võru kevad;EST;CULTURE
20.05.2026;Võssotski 1972;EST;CULTURE
20.05.2026;Võõramaalane;USACAN;SERIES
20.05.2026;Võõras maa;COPRO;FILM
20.05.2026;Võõrasema;USACAN;FILM
20.05.2026;Vägev vähk ja ahne naine;EST;ANIMA
20.05.2026;Vähehaaval;EU;ANIMA
20.05.2026;Väike Ana teeb koerust;EU;ANIMA
20.05.2026;Väike lugu suurest orkestrist;EU;FILM
20.05.2026;Väike lühinägelik boamadu;EST;ANIMA
20.05.2026;Väike motoroller;EST;ANIMA
20.05.2026;Väike trummitüdruk;COPRO;SERIES
20.05.2026;Väike täitsa suur poiss;EU;ANIMA
20.05.2026;Väike tüdruk;EU;LIFE
20.05.2026;Väike ventilaator;EU;ANIMA
20.05.2026;Väikelinna detektiivid ehk Valge daami saladus;EST;FILM
20.05.2026;Väikese põhjapõdra Ailo suur seiklus;EU;INFO
20.05.2026;Väikesed naised;USACAN;FILM
20.05.2026;Välisilma intervjuu Aasovi pataljoni võitlejatega;EST;NEWS
20.05.2026;Väravavaht;COPRO;FILM
20.05.2026;Värviline maailm;EU;LIFE
20.05.2026;Värvipliiatsid;EST;ANIMA
20.05.2026;Väärtus elutööle: Tiia-Ester Loitme;EST;CULTURE
20.05.2026;Väärtustades elutööd 2022;EST;CULTURE
20.05.2026;Väärtustades elutööd 2023;EST;CULTURE
20.05.2026;Väärtustades elutööd 2024;EST;CULTURE
20.05.2026;Vürst Gabriel. 50 aastat hiljem;EST;ENTER
20.05.2026;Vürst Volkonski;EST;CULTURE
20.05.2026;Õde Boniface'i mõistatused;UK;SERIES
20.05.2026;Õde Boniface'i mõistatused. Hommikumaa täht;UK;SERIES
20.05.2026;Õelus;UK;SERIES
20.05.2026;Õhinapõhised Kuubal;EST;ENTER
20.05.2026;Õhtu rannal papa Valteriga;EST;MUSIC
20.05.2026;Õhtune ekspress;EST;INFOTAINMENT
20.05.2026;Õhtusöök kahele;EST;FILM
20.05.2026;Õhtusöök ühele;EU;FILM
20.05.2026;Õhtutäht;EU;MUSIC
20.05.2026;Õigluse ratsanikud;NORDICS;FILM
20.05.2026;Õlimäe õied;EST;CULTURE
20.05.2026;Õnne saladus;COPRO;FILM
20.05.2026;Õnne, Raimond!;EST;MUSIC
20.05.2026;Õnnemaa;COPRO;SERIES
20.05.2026;Õpi kodus soovitused. Eveli Veske;EST;EDU
20.05.2026;Õpiõu!;EST;EDU
20.05.2026;Äkki juhtub midagi;EST;FILM
20.05.2026;Ämmaemandad;COPRO;LIFE
20.05.2026;Ära räägi kurja;EU;FILM
20.05.2026;Äraandja;REST;FILM
20.05.2026;Ärapanija;EST;ENTER
20.05.2026;Äraspidine paradiis;USACAN;LIFE
20.05.2026;Äratus!;EST;MUSIC
20.05.2026;Ärkamine. Hannah Ild;EST;MUSIC
20.05.2026;Ärkvel magaja;EU;LIFE
20.05.2026;Ässade äss;EU;FILM
20.05.2026;Ääretu;EU;SERIES
20.05.2026;Öine administraator;COPRO;SERIES
20.05.2026;Öine portjee;EU;FILM
20.05.2026;Öine rong;UK;SERIES
20.05.2026;Öko? Loogiline: Virumaa veed puhtaks;EST;LIFE
20.05.2026;ÖÖ TV;EST;ENTER
20.05.2026;ÖÖ TV arhiivist;EST;ENTER
20.05.2026;Öö valge on õnn. Lenna Kuurmaa ja Märt Avandi;EST;MUSIC
20.05.2026;Öös on estraadi;EST;MUSIC
20.05.2026;Üdiklubi muusikakokteil;EST;MUSIC
20.05.2026;Ühe armuloo lõpp;COPRO;FILM
20.05.2026;Ühe katuse all;EST;FILM
20.05.2026;Ühe koosoleku protokoll;EST;FILM
20.05.2026;Ühe minuti filmid - 2022;EST;FILM
20.05.2026;Ühe minuti filmid - 2023;EST;FILM
20.05.2026;Ühe minuti filmid - 2024;EST;FILM
20.05.2026;Üheksa elu;REST;NEWS
20.05.2026;Ühendekspeditsiooniväe tippkohtumine Tallinnas;EST;NEWS
20.05.2026;ÜhesHingamine. XVIII tantsupidu Meri;EST;MUSIC
20.05.2026;Ühtekuuluvuskontsert. Elukoor;EST;MUSIC
20.05.2026;Ühtekuuluvuskontsert. Mina olen olemas;EST;MUSIC
20.05.2026;Üks heledus. Hermaküla;EST;CULTURE
20.05.2026;Üks imeline mees;EST;ANIMA
20.05.2026;Üks ja ainus. Tallinna Balletikool;EST;CULTURE
20.05.2026;Üks koorilaul;EST;MUSIC
20.05.2026;Üks kuttidest;NORDICS;SERIES
20.05.2026;Üks maestro, kaks orkestrit. Neeme Järvi 60;EST;CULTURE
20.05.2026;Üks mu sõber;EST;FILM
20.05.2026;Üks päev neljanda võimu elus;EST;NEWS
20.05.2026;Üks tegu;EST;LIFE
20.05.2026;Üks õnnelik töötaja;NORDICS;LIFE
20.05.2026;Üksi läbi metsa;EST;LIFE
20.05.2026;Üksikud katked haaramatust tervikust. Kaarel Kurismaa;EST;CULTURE
20.05.2026;Ükskord Hollywoodis;USACAN;FILM
20.05.2026;Ükskord metsas;NORDICS;LIFE
20.05.2026;Ükskord niikuinii;EST;MUSIC
20.05.2026;Ülakorruse rahvas;EU;FILM
20.05.2026;Üldsegi mitte kangelane;EU;LIFE
20.05.2026;Üle lääne kangemees;EST;FILM
20.05.2026;Üle parda;EST;ENTER
20.05.2026;Üle piiri;NORDICS;FILM
20.05.2026;Üle vikerkaare;REST;SERIES
20.05.2026;Üleminekuaken;EU;SERIES
20.05.2026;Ülestõusmispühade jumalateenistus Pirita kloostris;EST;CULTURE
20.05.2026;Ülestõusmispühade jumalateenistus Tallinna Oleviste Koguduses;EST;CULTURE
20.05.2026;Ülestõusmispühade missa Rooma-Katoliku Kiriku Pühade Apostlite Peetruse ja Pauluse katedraalis;EST;CULTURE
20.05.2026;Ületamatu loomariik;COPRO;INFO
20.05.2026;Ülivõimetega kotkad;UK;INFO
20.05.2026;Üllar Jörbergi armastus;EST;ENTER
20.05.2026;Ülo Sooster. Mees, kes kuivatas rätikut tuule käes;COPRO;CULTURE
20.05.2026;Üürile anda maja mere ääres;REST;SERIES
20.05.2026;Xavier Dolan. Võimatuse kammitsais;EU;CULTURE
20.05.2026;"XII noorte laulu- ja tantsupidu ""Mina jään""";EST;MUSIC
20.05.2026;XIII noorte laulu- ja tantsupidu Püha on maa;EST;MUSIC
20.05.2026;XIII noorte laulu- ja tantsupidu Püha on maa. Rahvamuusikapidu Päriselt;EST;MUSIC
20.05.2026;XIII noorte laulu- ja tantsupidu Püha on maa. Rongkäik;EST;CULTURE
20.05.2026;XIII noorte laulupidu Püha on maa;EST;MUSIC
20.05.2026;"XV erivajadusega inimeste laulu- ja tantsupidu ""Kajagu maa""";EST;MUSIC
20.05.2026;"XXVII laulupidu ""Minu arm"". Kaunid hetked";EST;MUSIC
20.05.2026;XXXV Pärnu Filmifestivali kommentaarid;EST;CULTURE
20.05.2026;XXXVIII Pärnu Filmifestivali võidufilm Mängi surnut!;EU;LIFE
20.05.2026;Yves Montand'i laulud;EST;MUSIC
21.05.2026;Teatrietendus. Teatridirektor;EST;MUSIC
21.05.2026;Teatrietendus. Hamlet;EST;FILM
21.05.2026;Teatrietendus. Lahtihüpe;EST;FILM
21.05.2026;Teatrietendus. Mäng lossis;EST;FILM
21.05.2026;Teatrietendus. Saateviga;EST;FILM
21.05.2026;Teatrietendus. Säärane mulk ehk Sada vakka tangusoola;EST;FILM
21.05.2026;Teatrietendus. Pisuhänd;EST;FILM
21.05.2026;Teatrietendus. ...mina pean teed juua saama!;EST;FILM
21.05.2026;Teatrietendus. Antigone;EST;FILM
21.05.2026;Teatrietendus. Arkaadia;EST;FILM
21.05.2026;Teatrietendus. Aruanne;EST;FILM
21.05.2026;Teatrietendus. Bernarda Alba maja;EST;FILM
21.05.2026;Teatrietendus. Cinzano;EST;FILM
21.05.2026;Teatrietendus. Džinnimäng;EST;FILM
21.05.2026;Teatrietendus. Emadepäev;EST;FILM
21.05.2026;Teatrietendus. Epp Pillarpardi Punjaba potitehas;EST;FILM
21.05.2026;Teatrietendus. Farss pastoraadis;EST;FILM
21.05.2026;Teatrietendus. Füüsikud;EST;FILM
21.05.2026;Teatrietendus. Grupipilt;EST;FILM
21.05.2026;Teatrietendus. Gulliver ja Gulliver;EST;FILM
21.05.2026;Teatrietendus. Hapu vein ja sinihape;EST;FILM
21.05.2026;Teatrietendus. Hiirelõks;EST;FILM
21.05.2026;Teatrietendus. Hommikusöök tundmatutega;EST;FILM
21.05.2026;Teatrietendus. Häda mõistuse pärast;EST;FILM
21.05.2026;Teatrietendus. Iha jalakate all;EST;FILM
21.05.2026;Teatrietendus. Impro 1 - Põhjakonn;EST;FILM
21.05.2026;Teatrietendus. Ingel, ingel, vii mind taeva;EST;FILM
21.05.2026;Teatrietendus. Inimene ja inimene;EST;FILM
21.05.2026;Teatrietendus. Isamaa pääsukesed;EST;FILM
21.05.2026;Teatrietendus. Jalutuskäik vikerkaarel;EST;FILM
21.05.2026;Teatrietendus. Juudit;EST;FILM
21.05.2026;Teatrietendus. Järglased;EST;FILM
21.05.2026;Teatrietendus. Kahekesi Teisel avenüül;EST;FILM
21.05.2026;Teatrietendus. Karin. Indrek. Tõde ja õigus 4;EST;FILM
21.05.2026;Teatrietendus. Kauka jumal;EST;FILM
21.05.2026;Teatrietendus. Kena naine lillega...;EST;FILM
21.05.2026;Teatrietendus. Kes aevastas?;EST;FILM
21.05.2026;Teatrietendus. Kes kardab Virginia Woolfi?;EST;FILM
21.05.2026;Teatrietendus. Kevade;EST;FILM
21.05.2026;Teatrietendus. Kohvioad;EST;FILM
21.05.2026;Teatrietendus. Kolm korda üle õla;EST;FILM
21.05.2026;Teatrietendus. Kolm õde;EST;FILM
21.05.2026;Teatrietendus. Krahv Luxemburg;EST;MUSIC
21.05.2026;Teatrietendus. Krahvinna Mariza;EST;MUSIC
21.05.2026;Teatrietendus. Kremli ööbikud;EST;FILM
21.05.2026;Teatrietendus. Kullervo;EST;FILM
21.05.2026;Teatrietendus. Kõik aias;EST;FILM
21.05.2026;Teatrietendus. Kõrboja peremees;EST;FILM
21.05.2026;Teatrietendus. Leekrüübe;EST;FILM
21.05.2026;Teatrietendus. Lollid;EST;FILM
21.05.2026;Teatrietendus. Marlene;EST;FILM
21.05.2026;Teatrietendus. Mees, naine ja kontsert;EST;FILM
21.05.2026;Teatrietendus. Meistriklass;EST;FILM
21.05.2026;Teatrietendus. Mikumärdi;EST;FILM
21.05.2026;Teatrietendus. Montmartre'i kannike;EST;MUSIC
21.05.2026;Teatrietendus. Mägede iluduskuninganna;EST;FILM
21.05.2026;Teatrietendus. Nukumaja;EST;FILM
21.05.2026;Teatrietendus. Oklahoma;EST;FILM
21.05.2026;Teatrietendus. Palju õnne argipäevaks;EST;FILM
21.05.2026;Teatrietendus. Peenike pere;EST;FILM
21.05.2026;Teatrietendus. Pianoola ehk mehhaaniline klaver;EST;FILM
21.05.2026;Teatrietendus. Poiste sõidud;EST;FILM
21.05.2026;Teatrietendus. Polkovniku lesk;EST;FILM
21.05.2026;Teatrietendus. Pruutide kool;EST;FILM
21.05.2026;Teatrietendus. Rakvere romanss;EST;FILM
21.05.2026;Teatrietendus. Romeo ja Julia;EST;FILM
21.05.2026;Teatrietendus. Roosiaed;EST;FILM
21.05.2026;Teatrietendus. Rästiku pihtimus;EST;FILM
21.05.2026;Teatrietendus. Silme ees läheb mustaks;EST;FILM
21.05.2026;Teatrietendus. Skangpoomijad;EST;FILM
21.05.2026;Teatrietendus. Superdiskor;EST;FILM
21.05.2026;Teatrietendus. Südames sündinud;EST;FILM
21.05.2026;Teatrietendus. Sügisõhtul;EST;FILM
21.05.2026;Teatrietendus. Taevas, muld ja tulevik;EST;FILM
21.05.2026;Teatrietendus. Tagahoovis;EST;FILM
21.05.2026;Teatrietendus. Topeltkokteil;EST;FILM
21.05.2026;Teatrietendus. Tuuleiil;EST;FILM
21.05.2026;Teatrietendus. Tuvi;EST;FILM
21.05.2026;Teatrietendus. Tühivaim;EST;FILM
21.05.2026;Teatrietendus. Vaimude tund Kadrioru lossis;EST;FILM
21.05.2026;Teatrietendus. Valge tee kutse;EST;FILM
21.05.2026;Teatrietendus. Ühe katuse all;EST;FILM
21.05.2026;Teatrietendus. Ühe koosoleku protokoll;EST;FILM
21.05.2026;Telelavastus. Lunastus;EST;FILM
21.05.2026;Telelavastus. Armujook;EST;FILM
21.05.2026;Telelavastus. Kuulsuse narrid;EST;FILM
21.05.2026;Telelavastus. Ma armastasin sakslast;EST;FILM
21.05.2026;Telelavastus. McGregori juhtum;EST;FILM
21.05.2026;Telelavastus. Meie maja tsirkus;EST;FILM
21.05.2026;Telelavastus. Minu veetlev Kunder;EST;FILM
21.05.2026;Telelavastus. Naine, kes saabus kell kuus;EST;FILM
21.05.2026;Telelavastus. Odav spetsialist;EST;FILM
21.05.2026;Telelavastus. Pildikesi Paunverest;EST;FILM
21.05.2026;Telelavastus. Pulmatragöödia;EST;FILM
21.05.2026;Telelavastus. Püha Katariina pöörane õhtusöömaaeg;EST;FILM
21.05.2026;Telelavastus. Püha Susanna ehk Meistrite kool;EST;FILM
21.05.2026;Telelavastus. Sa oled koor minu kohvis;EST;FILM
21.05.2026;Telelavastus. Teatrifantoom;EST;FILM
21.05.2026;Telelavastus. Tema majesteet komödiant;EST;FILM
21.05.2026;Telelavastus. Uus jõuluvana;EST;FILM
21.05.2026;Telelavastus. Vigased pruudid;EST;FILM
21.05.2026;Telelavastus. Üle linna Vinski;EST;FILM
21.05.2026;Telelavastus. Tuleb tuttav ette;EST;CULTURE
21.05.2026;Telelavastus. 5 grammi sisemist rahu;EST;FILM
21.05.2026;Telelavastus. Ametialased suhted;EST;FILM
21.05.2026;Telelavastus. Amoraalne lugu;EST;FILM
21.05.2026;Telelavastus. Armastuse ja juhuse mäng;EST;FILM
21.05.2026;Telelavastus. Avameelsete kõneluste õhtu;EST;FILM
21.05.2026;Telelavastus. Ebajumal;EST;FILM
21.05.2026;Telelavastus. Elavad surnud;EST;FILM
21.05.2026;Telelavastus. Fenomenid;EST;FILM
21.05.2026;Telelavastus. Juhtum seoses A. Trapeeži teisikuga;EST;FILM
21.05.2026;Telelavastus. Kahe kodu ballaad;EST;FILM
21.05.2026;Telelavastus. Kaheksa armastavat naist;EST;FILM
21.05.2026;Telelavastus. Kala neljale;EST;FILM
21.05.2026;Telelavastus. Kallid külalised;EST;FILM
21.05.2026;Telelavastus. Kallima naeratus;EST;FILM
21.05.2026;Telelavastus. Kassimäng;EST;FILM
21.05.2026;Telelavastus. Koduhani;EST;FILM
21.05.2026;Telelavastus. Koera süda;EST;FILM
21.05.2026;Telelavastus. Kohtume alleel;EST;FILM
21.05.2026;Telelavastus. Kriminaaltango ja väga korralikud inimesed;EST;FILM
21.05.2026;Telelavastus. Leedi Windermere'i lehvik;EST;FILM
21.05.2026;Telelavastus. Legend hundimõrsjast;EST;FILM
21.05.2026;Telelavastus. Linnapea ehk Hirmu põhivormid;EST;FILM
21.05.2026;Telelavastus. Minu visiitkaart;EST;FILM
21.05.2026;Telelavastus. Mrs. McWilliams ja äike;EST;FILM
21.05.2026;Telelavastus. Musta katuse all;EST;FILM
21.05.2026;Telelavastus. Mäng tulega;EST;FILM
21.05.2026;Telelavastus. Mängumõrv;EST;FILM
21.05.2026;Telelavastus. Puhkepäev;EST;FILM
21.05.2026;Telelavastus. Püha öö, üksildusöö;EST;FILM
21.05.2026;Telelavastus. Rudolf ja Irma;EST;FILM
21.05.2026;Telelavastus. Saaremaa onupoeg;EST;FILM
21.05.2026;Telelavastus. Soo;EST;FILM
21.05.2026;Telelavastus. Tulge minu juurde;EST;FILM
21.05.2026;Telelavastus. Viimane suvi;EST;FILM
21.05.2026;Telelavastus. Viimne lahing;EST;FILM
21.05.2026;Telelavastus. Äkki juhtub midagi;EST;FILM
21.05.2026;20. Augusti Klubi ja XIV Riigikogu pidulik istung;EST;INFO
21.05.2026;Abramovitš: oligarh Putini hõlma all;EU;INFO
21.05.2026;Anu Kaal operetis;EST;MUSIC
21.05.2026;Cabaret Siberia;EST;FILM
21.05.2026;Cheri lugu;UK;CULTURE
21.05.2026;Dünastiad;UK;INFO
21.05.2026;EV100. Elamuste aasta;EST;CULTURE
21.05.2026;EV100. Sajaga edasi, Eesti!;EST;ENTER
21.05.2026;Edmond;EU;FILM
21.05.2026;Eesti Filharmoonia Kammerkoor ja Daniel Reuss;EST;MUSIC
21.05.2026;Eesti eurolaulud viipekeeles;EST;MUSIC
21.05.2026;Eesti parimad ehitised 2021;EST;LIFE
21.05.2026;Eesti tänab 2022. Riiklike teenetemärkide üleandmine;EST;INFO
21.05.2026;Elisabet Reinsalu. Sõnateatri näitleja elulaval;EST;CULTURE
21.05.2026;Emalõvi;EST;FILM
21.05.2026;Erakordne tenor. Placido Domingo;EST;ENTER
21.05.2026;Ettevaatust, habras! Brenne'i järved;EU;INFO
21.05.2026;Eurovisioon 2001 Kopenhaagenis: Lava taga;EST;ENTER
21.05.2026;Eurovisiooni laulud 2026 (eesti viipekeeles);EU;MUSIC
21.05.2026;Eurovisiooni lauluvõistlus 2026;EU;MUSIC
21.05.2026;Eurovisiooni lauluvõistlus 2026. Finaal (eesti viipekeeles);EU;MUSIC
21.05.2026;Eurovisioonid;EU;CULTURE
21.05.2026;Everybody! Nädal pärast võitu;EST;CULTURE
21.05.2026;Film filmist: Kinnunen;EST;CULTURE
21.05.2026;"Filmisaade ""Jupiter"" – Ahto Vesmes";EST;CULTURE
21.05.2026;Folklooriansambel Leegajus;EST;MUSIC
21.05.2026;Hernehirmutised;EU;LIFE
21.05.2026;Hiina - iidne looduse kuningriik;COPRO;INFO
21.05.2026;Hitleri toidumaitsjad;COPRO;FILM
21.05.2026;Härra Eikeegi Putini vastu;COPRO;LIFE
21.05.2026;Idée fixe. Ain Kaalep;EST;CULTURE
21.05.2026;Ingeborg Bachmann – teekond kõrbe;COPRO;FILM
21.05.2026;Ja kuningas ütles, kui imeline masin;NORDICS;LIFE
21.05.2026;Jaak Lutsoja Kvintett teatris NO99;EST;MUSIC
21.05.2026;Jack Garfein: vastuvoolu;EU;CULTURE
21.05.2026;Jana - igaveseks märgitud;NORDICS;SERIES
21.05.2026;Juubelijuttu Margarita Voitesega;EST;CULTURE
21.05.2026;Jõulutähed. Saara Pius, Stig Rästa ja Victor Crone;EST;MUSIC
21.05.2026;KAMP Arhitektid. Mõtteruum;EST;CULTURE
21.05.2026;Kabinettide kiuste: telerahva lood;EST;CULTURE
21.05.2026;Kadunud;UK;SERIES
21.05.2026;Kalifaat;NORDICS;SERIES
21.05.2026;Kapsapea;EST;ANIMA
21.05.2026;Karu südame jälgedes;EST;CULTURE
21.05.2026;Kevadine kärbes;EST;ANIMA
21.05.2026;Kodu on koht, kus ma kunagi olnud ei ole;EST;LIFE
21.05.2026;Kodused kontserdid. Liina Saar;EST;MUSIC
21.05.2026;Kontserdisaalis;EST;MUSIC
21.05.2026;Kroonu onu;EST;FILM
21.05.2026;Kuidas tehti Eurovisiooni;EST;CULTURE
21.05.2026;Kuidas valmistutakse Eurovisiooniks Viinis;EST;ENTER
21.05.2026;Kultuurkapitali aastapreemiad 2021;EST;CULTURE
21.05.2026;Kuninglik skandaal;UK;SERIES
21.05.2026;Lahedad lapsed;EST;SERIES
21.05.2026;Lenda minuga - lennunduse kuldajastu;EU;LIFE
21.05.2026;Lendutõus. Ants Laikmaa;EST;CULTURE
21.05.2026;Liblikad: looduse superkangelased;EU;INFO
21.05.2026;Linnahall;EST;INFO
21.05.2026;Litvinenko;COPRO;SERIES
21.05.2026;Londoni linnaloodus;UK;INFO
21.05.2026;Lugu tuleb või?;EST;LIFE
21.05.2026;Luuleteater;EST;SERIES
21.05.2026;Läätse valemi tõestamine;EST;CULTURE
21.05.2026;Lõhestatud NATO;REST;INFO
21.05.2026;Mariah Carey. Südikus ja sära;UK;CULTURE
21.05.2026;Martin Clunesiga Atlandi ookeani saartel;UK;INFO
21.05.2026;Message in a Bottle;UK;MUSIC
21.05.2026;Metsikud jõugud;EU;INFO
21.05.2026;Mitme näoga mees - Hendrik Toompere;EST;CULTURE
21.05.2026;Murieli pulm;REST;FILM
21.05.2026;Muutuv planeet;UK;INFO
21.05.2026;Mõnuste paemurru lugu;EST;LIFE
21.05.2026;Mõttemaal;EST;ENTER
21.05.2026;Noortebänd 2020;EST;ENTER
21.05.2026;Noortemuusika;EST;MUSIC
21.05.2026;Noémie ütleb jah;USACAN;FILM
21.05.2026;Paavo Järvi ja Eesti Festivaliorkester Pärnus 2019;EST;MUSIC
21.05.2026;Pailapsiin;EST;SERIES
21.05.2026;Peegelmaastikus. Ain Kaalep;EST;CULTURE
21.05.2026;Pianist;COPRO;FILM
21.05.2026;Pulmapilt;EST;FILM
21.05.2026;Puritaanlased;EST;MUSIC
21.05.2026;Putini salarelvad;EU;INFO
21.05.2026;Päikese kodanik;EST;CULTURE
21.05.2026;Pärlipeegeldused. Laulab Margarita Voites;EST;MUSIC
21.05.2026;Põhjaekspress;EU;INFO
21.05.2026;Rahvalood;COPRO;LIFE
21.05.2026;Raudne eesriie. Elu Nõukogude okupatsiooni tingimustes;EU;INFO
21.05.2026;Rein Veidemann. Mõjutused;EST;CULTURE
21.05.2026;Reykjavíki fusioon;COPRO;SERIES
21.05.2026;Riigi preemiad parimatele;EST;CULTURE
21.05.2026;Rootsi kuningas Karl XVI Gustav ja kuninganna Silvia visiit Eestisse;EST;LIFE
21.05.2026;Rännud kaugemale;EST;CULTURE
21.05.2026;Siin. Praegu. Pärast;USACAN;FILM
21.05.2026;Sinu värv;REST;ANIMA
21.05.2026;Sisemine lõõm: Reekviem Katia ja Maurice Krafftile;COPRO;LIFE
21.05.2026;Suur aastalõpuviktoriin 2021;EST;ENTER
21.05.2026;Suure reede jumalateenistus Viimsi Püha Jaakobi kirikus;EST;CULTURE
21.05.2026;Sündis inimene;EST;LIFE
21.05.2026;Tammetõru seiklused;EST;SERIES
21.05.2026;Teatrietendus. Obinitsa;EST;FILM
21.05.2026;Telelavastus. 1991;EST;FILM
21.05.2026;Telelavastus. Pisuhänd;EST;FILM
21.05.2026;Tilda Swinton. Soopiiride nihutaja;EU;CULTURE
21.05.2026;Toetame Ukrainat! Ülekanne Vabaduse väljakult;EST;LIFE
21.05.2026;Torn;EST;LIFE
21.05.2026;Truu naine;EST;FILM
21.05.2026;"Tänukontsert ""Aitäh!""";EST;MUSIC
21.05.2026;Tšornobõl 22;REST;INFO
21.05.2026;Vahelduvad maskid. Teo Maiste;EST;CULTURE
21.05.2026;Vana nali;EST;ENTER
21.05.2026;Vanameeste paradiis;EST;FILM
21.05.2026;Vanilla Ninja. Suhkrust ja terasest;EST;ENTER
21.05.2026;Varastatud kohtumine;EST;FILM
21.05.2026;Vastutav. Laastatud planeedil äri ajada ei saa;EU;INFO
21.05.2026;Vestlused sõpradega;UK;SERIES
21.05.2026;Veteranirock 2026;EST;MUSIC
21.05.2026;Vetikate lummuses;REST;LIFE
21.05.2026;Väljasuremine: faktid;UK;INFO
21.05.2026;Ämblikmees: Kojutulek;USACAN;FILM
21.05.2026;Õhukesel jääl. Putin ja Greenpeace;UK;INFO
27.05.2026;28 päeva hiljem;COPRO;FILM
27.05.2026;Aasta Jaapani looduses;REST;INFO
27.05.2026;Aastad;EST;LIFE
27.05.2026;Eesti sõbrad Chicagos;EST;CULTURE
27.05.2026;Ekraaniproovid Köler Prize'ile 2026;EST;CULTURE
27.05.2026;Jaanuari kaks palet;UK;FILM
27.05.2026;Kaitsmas Euroopat;EU;INFO
27.05.2026;Lydia Auster 70;EST;CULTURE
27.05.2026;R2 Minilaiv laulud;EST;MUSIC
27.05.2026;Röövime panka!;EU;FILM
27.05.2026;Segased;NORDICS;SERIES
27.05.2026;Südamepere;EST;ENTER
27.05.2026;Teel jalgpalli MM-ile;COPRO;SPORT
27.05.2026;Ämblikmees: Kodust kaugel;USACAN;FILM
