snapshot_date;catalog_id;schedule_start;heading;primary_category_name;primary_category_path;vertical_photo_url;source_url
2026-05-27;1005505;1575844200;Täna õhtul... Uno Loop;Muusikasaated;Jupiter > Video > Saated > Muusikasaated;;https://services.err.ee/api/v2/series/getSeriesData?type=video
2026-05-27;1013250;1641900300;Oma või võõras;Dokumentaalid;ETV > Dokumentaalid;https://s.err.ee/photo/crop/2021/01/04/881179hd744t5.jpg;https://services.err.ee/api/v2/series/getSeriesData?type=video
2026-05-27;1013283;1577380500;Jane Paberiti lugu;Dokumentaalfilmid;ETV > Saated > Dokumentaalfilmid;;https://services.err.ee/api/v2/series/getSeriesData?type=video
2026-05-27;1013446;1577557200;Vana nali;Meelelahutus;ETV2 > Saated > Meelelahutus;https://s.err.ee/photo/crop/2025/12/22/3134779h9748t5.jpg;https://services.err.ee/api/v2/series/getSeriesData?type=video
2026-05-27;1015731;1577830200;IFF 70. Juubelikontsert;Meelelahutus;ETV > Saated > Meelelahutus;https://s.err.ee/photo/crop/2023/06/19/1959182h0bfdt5.jpg;https://services.err.ee/api/v2/series/getSeriesData?type=video
2026-05-27;1015752;0;Teatrietendus. Oklahoma;Lavastused;Jupiter > Video > Saated > Lavastused;https://s.err.ee/photo/crop/2020/11/11/840160he4d5t5.jpg;https://services.err.ee/api/v2/series/getSeriesData?type=video
2026-05-27;1015885;1577984400;Talvelaulud Valgamaal;Saated;ETV2 > Saated;https://s.err.ee/photo/crop/2020/12/04/854122h7fb6t5.png;https://services.err.ee/api/v2/series/getSeriesData?type=video
2026-05-27;1019673;1691345400;Raudmees - Andres Krestinov;Sport;ETV > Sport;https://s.err.ee/photo/crop/2021/01/05/882061h2dbbt5.jpg;https://services.err.ee/api/v2/series/getSeriesData?type=video
2026-05-27;1038178;0;Kontserdisaalis;Klassikaraadio;Klassikaraadio > Klassikaraadio;https://s.err.ee/photo/crop/2023/09/25/2088875h4587t5.jpg;https://services.err.ee/api/v2/series/getSeriesData?type=video
2026-05-27;1038266;0;4x4;Saated;Jupiter > Video > Saated;https://s.err.ee/photo/crop/2025/01/20/2696242h7735t5.jpg;https://services.err.ee/api/v2/series/getSeriesData?type=video
2026-05-27;1038268;0;55-mis-siis;Saated;Jupiter > Video > Saated;https://s.err.ee/photo/crop/2025/11/17/3091647h96f3t5.jpg;https://services.err.ee/api/v2/series/getSeriesData?type=video
2026-05-27;1038269;0;8 mm elu;Saated;Jupiter > Video > Saated;https://s.err.ee/photo/crop/2024/09/17/2548729h91edt5.jpg;https://services.err.ee/api/v2/series/getSeriesData?type=video
2026-05-27;1038274;0;Aeg õppida;Saated;ETV > Saated;https://s.err.ee/photo/crop/2024/09/11/2542871h4f8ct5.jpg;https://services.err.ee/api/v2/series/getSeriesData?type=video
2026-05-27;1038275;0;Aia elu;Saated;Jupiter > Video > Saated;https://s.err.ee/photo/crop/2021/07/06/1062405ha5f6t5.jpg;https://services.err.ee/api/v2/series/getSeriesData?type=video
2026-05-27;1038277;0;Ajujaht;Saated;Jupiter > Video > Saated;https://s.err.ee/photo/crop/2023/10/13/2109107hee76t5.jpg;https://services.err.ee/api/v2/series/getSeriesData?type=video
2026-05-27;1038278;0;Aktuaalne kaamera;Saated;Jupiter > Video > Saated;https://s.err.ee/photo/crop/2025/08/21/2981796hf5c9t5.jpg;https://services.err.ee/api/v2/series/getSeriesData?type=video
2026-05-27;1038289;0;D'Artagnan ja kolm musketäri;Klassika;Jupiter > Video > Filmid > Klassika;https://s.err.ee/photo/crop/2021/02/09/917089hf202t5.jpg;https://services.err.ee/api/v2/series/getSeriesData?type=video
2026-05-27;1038302;0;Eesti lood;Saated;Jupiter > Video > Saated;https://s.err.ee/photo/crop/2024/05/17/2400540h2769t5.jpg;https://services.err.ee/api/v2/series/getSeriesData?type=video
2026-05-27;1038303;0;Eesti mäng;Saated;Jupiter > Video > Saated;https://s.err.ee/photo/crop/2024/10/22/2589934h6ef5t5.jpg;https://services.err.ee/api/v2/series/getSeriesData?type=video
2026-05-27;1038309;0;ehh, uhhuduur;Saated;Jupiter > Video > Saated;https://s.err.ee/photo/crop/2024/02/02/2240574ha9b0t5.jpg;https://services.err.ee/api/v2/series/getSeriesData?type=video
2026-05-27;1038310;0;Ehitades Eestit;Saated;Jupiter > Video > Saated;https://s.err.ee/photo/crop/2025/02/03/2716655h64b1t5.jpg;https://services.err.ee/api/v2/series/getSeriesData?type=video
2026-05-27;1038311;0;Keelekild;Saated;Jupiter > Video > Saated;https://s.err.ee/photo/crop/2025/03/10/2774396h9902t5.jpg;https://services.err.ee/api/v2/series/getSeriesData?type=video
2026-05-27;1038312;0;Elu lugu;Saated;Jupiter > Video > Saated;https://s.err.ee/photo/crop/2021/11/17/1247621h3cb9t5.jpg;https://services.err.ee/api/v2/series/getSeriesData?type=video
2026-05-27;1038313;0;Elu nagu filmis? Subjektiivne objektiiv;Saated;Jupiter > Video > Saated;https://s.err.ee/photo/crop/2022/09/06/1597327he27dt5.jpg;https://services.err.ee/api/v2/series/getSeriesData?type=video
2026-05-27;1038314;0;Elu parim nali;Saated;Jupiter > Video > Saated;https://s.err.ee/photo/crop/2024/04/01/2333448hc3e7t5.jpg;https://services.err.ee/api/v2/series/getSeriesData?type=video
2026-05-27;1038316;0;ENSV;Komöödia;Jupiter > Video > Sarjad > Komöödia;https://s.err.ee/photo/crop/2019/12/30/726581h51c7t5.jpg;https://services.err.ee/api/v2/series/getSeriesData?type=video
2026-05-27;1038319;0;Esimene stuudio;Saated;Jupiter > Video > Saated;https://s.err.ee/photo/crop/2025/02/04/2717687h468bt5.jpg;https://services.err.ee/api/v2/series/getSeriesData?type=video
2026-05-27;1038320;0;Estraadisangarid;Saated;Jupiter > Video > Saated;https://s.err.ee/photo/crop/2023/10/06/2101742h7815t5.jpg;https://services.err.ee/api/v2/series/getSeriesData?type=video
2026-05-27;1038322;0;ETV Live;Kontserdid ja muusika;Jupiter > Video > Saated > Kontserdid ja muusika;https://s.err.ee/photo/crop/2023/12/20/2190628h2bdet5.jpg;https://services.err.ee/api/v2/series/getSeriesData?type=video
2026-05-27;1038327;0;EÜE segu;Saated;Jupiter > Video > Saated;https://s.err.ee/photo/crop/2025/06/21/2907636h0096t5.jpg;https://services.err.ee/api/v2/series/getSeriesData?type=video
2026-05-27;1038328;0;Folkwagen;Saated;Jupiter > Video > Saated;https://s.err.ee/photo/crop/2021/08/25/1122431h0893t5.jpg;https://services.err.ee/api/v2/series/getSeriesData?type=video
2026-05-27;1038333;0;Hajameelselt abielus;Saated;ETV > Saated;https://s.err.ee/photo/crop/2026/02/09/3190805h6bb5t5.jpg;https://services.err.ee/api/v2/series/getSeriesData?type=video
2026-05-27;1038334;0;Hakkab jälle pihta;Komöödia;Jupiter > Video > Sarjad > Komöödia;https://s.err.ee/photo/crop/2024/05/07/2383338h7e1ft5.jpg;https://services.err.ee/api/v2/series/getSeriesData?type=video
2026-05-27;1038335;0;Hendrik Relvega Borneo vihmametsas;Saated;Jupiter > Video > Saated;https://s.err.ee/photo/crop/2020/08/06/804261he353t5.jpg;https://services.err.ee/api/v2/series/getSeriesData?type=video
2026-05-27;1038340;0;Hommik Anuga;Saated;Jupiter > Video > Saated;https://s.err.ee/photo/crop/2024/10/02/2565956hb911t5.jpg;https://services.err.ee/api/v2/series/getSeriesData?type=video
2026-05-27;1038343;0;Häälega merele;Saated;Jupiter > Video > Saated;https://s.err.ee/photo/crop/2024/07/19/2478967heee6t5.jpg;https://services.err.ee/api/v2/series/getSeriesData?type=video
2026-05-27;1038345;0;Iga pink räägib loo;Saated;Jupiter > Video > Saated;https://s.err.ee/photo/crop/2025/02/24/2754404h511at5.jpg;https://services.err.ee/api/v2/series/getSeriesData?type=video
2026-05-27;1038354;0;Iseolemine;Saated;Jupiter > Video > Saated;https://s.err.ee/photo/crop/2020/04/13/769190hcb7ft5.jpg;https://services.err.ee/api/v2/series/getSeriesData?type=video
2026-05-27;1038357;0;Johannese lähetamine;Saated;Jupiter > Video > Saated;https://s.err.ee/photo/crop/2026/01/14/3153877hc4f4t5.jpg;https://services.err.ee/api/v2/series/getSeriesData?type=video
2026-05-27;1038358;0;Jõulutunnel;Saated;ETV > Saated;https://s.err.ee/photo/crop/2024/12/23/2670583h32c5t5.jpg;https://services.err.ee/api/v2/series/getSeriesData?type=video
2026-05-27;1038369;0;Rännud Kersnaga;Saated;Jupiter > Video > Saated;https://s.err.ee/photo/crop/2025/07/21/2953974h56fdt5.jpg;https://services.err.ee/api/v2/series/getSeriesData?type=video
2026-05-27;1038371;0;Klassikatähed;Saated;Jupiter > Video > Saated;https://s.err.ee/photo/crop/2025/09/26/3029760haf78t5.jpg;https://services.err.ee/api/v2/series/getSeriesData?type=video
2026-05-27;1038374;0;Kontakt;Saated;Jupiter > Video > Saated;https://s.err.ee/photo/crop/2024/05/30/2418777ha95ft5.jpg;https://services.err.ee/api/v2/series/getSeriesData?type=video
2026-05-27;1038376;0;Kuidas elad;Saated;Jupiter > Video > Saated;https://s.err.ee/photo/crop/2023/05/10/1907186h21f5t5.jpg;https://services.err.ee/api/v2/series/getSeriesData?type=video
2026-05-27;1038381;0;Kõlab hästi!;Saated;ETV > Saated;https://s.err.ee/photo/crop/2025/10/01/3035391hf4d8t5.jpg;https://services.err.ee/api/v2/series/getSeriesData?type=video
2026-05-27;1038391;0;LIVEstonia;Saated;ETV > Saated;;https://services.err.ee/api/v2/series/getSeriesData?type=video
2026-05-27;1038400;0;Maa, armastan Sind!;Saated;Jupiter > Video > Saated;https://s.err.ee/photo/crop/2024/07/24/2484586h26dft5.jpg;https://services.err.ee/api/v2/series/getSeriesData?type=video
2026-05-27;1038401;0;Maahommik;Saated;Jupiter > Video > Saated;https://s.err.ee/photo/crop/2023/08/29/2056694h3abat5.jpg;https://services.err.ee/api/v2/series/getSeriesData?type=video
2026-05-27;1038403;0;Suus sulav Eesti;Saated;Jupiter > Video > Saated;https://s.err.ee/photo/crop/2025/02/05/2719808h12e8t5.jpg;https://services.err.ee/api/v2/series/getSeriesData?type=video
2026-05-27;1038406;0;Mahemaa;Saated;ETV > Saated;https://s.err.ee/photo/crop/2025/02/03/2714957hd46ct5.jpg;https://services.err.ee/api/v2/series/getSeriesData?type=video
2026-05-27;1038409;0;Mehed ja mõrrad;Saated;Jupiter > Video > Saated;https://s.err.ee/photo/crop/2020/10/28/835764h8aa5t5.jpg;https://services.err.ee/api/v2/series/getSeriesData?type=video
2026-05-27;1038410;0;Meie Eestid;Saated;Jupiter > Video > Saated;https://s.err.ee/photo/crop/2021/11/09/1210847hc83et5.jpg;https://services.err.ee/api/v2/series/getSeriesData?type=video
2026-05-27;1038411;0;Meie inimesed;Saated;Jupiter > Video > Saated;https://s.err.ee/photo/crop/2020/10/28/835766h60c3t5.jpg;https://services.err.ee/api/v2/series/getSeriesData?type=video
2026-05-27;1038412;0;Meie maailm;Dokumentaal;Jupiter > Video > Filmid > Dokumentaal;https://s.err.ee/photo/crop/2020/11/17/843214h61b7t5.jpg;https://services.err.ee/api/v2/series/getSeriesData?type=video
2026-05-27;1038414;0;Metsapeatus;Saated;ETV > Saated;https://s.err.ee/photo/crop/2024/11/25/2632951h68b0t5.jpg;https://services.err.ee/api/v2/series/getSeriesData?type=video
2026-05-27;1038415;0;MI;Saated;ETV > Saated;;https://services.err.ee/api/v2/series/getSeriesData?type=video
2026-05-27;1038421;0;Minu ETV;Saated;ETV > Saated;https://s.err.ee/photo/crop/2024/05/30/2418780h5560t5.jpg;https://services.err.ee/api/v2/series/getSeriesData?type=video
2026-05-27;1038422;0;Minu laulupidu;Saated;ETV > Saated;;https://services.err.ee/api/v2/series/getSeriesData?type=video
2026-05-27;1038424;0;Minu teine mina;Saated;Jupiter > Video > Saated;https://s.err.ee/photo/crop/2023/11/06/2138629hb312t5.jpg;https://services.err.ee/api/v2/series/getSeriesData?type=video
2026-05-27;1038435;0;Nota bene! Teatriluulud;Komöödia;Jupiter > Video > Sarjad > Komöödia;https://s.err.ee/photo/crop/2020/04/14/769701h6d4ct5.jpg;https://services.err.ee/api/v2/series/getSeriesData?type=video
2026-05-27;1038437;0;Nõnda ka maa peal;Draama;Jupiter > Video > Sarjad > Draama;https://s.err.ee/photo/crop/2024/12/02/2640709h67c5t5.jpg;https://services.err.ee/api/v2/series/getSeriesData?type=video
2026-05-27;1038441;0;Oma kodu;Saated;Jupiter > Video > Saated;https://s.err.ee/photo/crop/2020/09/17/819143h50dat5.jpg;https://services.err.ee/api/v2/series/getSeriesData?type=video
2026-05-27;1038443;0;OP;Saated;Jupiter > Video > Saated;https://s.err.ee/photo/crop/2025/09/25/3028074h436bt5.jpg;https://services.err.ee/api/v2/series/getSeriesData?type=video
2026-05-27;1038444;0;Osoon;Saated;Jupiter > Video > Saated;https://s.err.ee/photo/crop/2025/09/01/2996049h03ebt5.jpg;https://services.err.ee/api/v2/series/getSeriesData?type=video
2026-05-27;1038445;0;PANK;Draama;Jupiter > Video > Sarjad > Draama;https://s.err.ee/photo/crop/2020/04/16/770687hbed1t5.jpg;https://services.err.ee/api/v2/series/getSeriesData?type=video
2026-05-27;1038446;0;Pealtnägija;Saated;Jupiter > Video > Saated;https://s.err.ee/photo/crop/2025/09/01/2996325he78ft5.jpg;https://services.err.ee/api/v2/series/getSeriesData?type=video
2026-05-27;1038447;0;Pehmed ja karvased;Komöödia;Jupiter > Video > Sarjad > Komöödia;https://s.err.ee/photo/crop/2024/03/26/2324868h0942t5.jpg;https://services.err.ee/api/v2/series/getSeriesData?type=video
2026-05-27;1038456;0;Prillitoos;Saated;Jupiter > Video > Saated;https://s.err.ee/photo/crop/2020/10/05/824974h54a1t5.jpg;https://services.err.ee/api/v2/series/getSeriesData?type=video
2026-05-27;1038457;0;Pulss;Draama;Jupiter > Video > Sarjad > Draama;https://s.err.ee/photo/crop/2024/04/01/2333493h38f5t5.jpg;https://services.err.ee/api/v2/series/getSeriesData?type=video
2026-05-27;1038458;0;Punane sekund;Saated;Jupiter > Video > Saated;https://s.err.ee/photo/crop/2024/09/30/2563123h18c9t5.jpg;https://services.err.ee/api/v2/series/getSeriesData?type=video
2026-05-27;1038461;0;Pärimuzoon;Saated;Jupiter > Video > Saated;https://s.err.ee/photo/crop/2021/03/16/956827h7041t5.jpg;https://services.err.ee/api/v2/series/getSeriesData?type=video
2026-05-27;1038462;0;Rahvusülikooli sajand;Saated;Jupiter > Video > Saated;https://s.err.ee/photo/crop/2021/09/02/1131686hd16ft5.jpg;https://services.err.ee/api/v2/series/getSeriesData?type=video
2026-05-27;1038463;0;Rakett 69;Saated;Jupiter > Video > Saated;https://s.err.ee/photo/crop/2025/01/06/2680567ha1abt5.jpg;https://services.err.ee/api/v2/series/getSeriesData?type=video
2026-05-27;1038465;0;Raudse eesriide jumalused;Dokumentaalid;ETV > Dokumentaalid;https://s.err.ee/photo/crop/2014/10/08/219480hb68at5.jpg;https://services.err.ee/api/v2/series/getSeriesData?type=video
2026-05-27;1038467;0;Reis ümber Eesti;Saated;Jupiter > Video > Saated;https://s.err.ee/photo/crop/2024/06/04/2425352h0763t5.jpg;https://services.err.ee/api/v2/series/getSeriesData?type=video
2026-05-27;1038469;0;Reisile minuga;Saated;Jupiter > Video > Saated;https://s.err.ee/photo/crop/2024/05/09/2386395ha885t5.jpg;https://services.err.ee/api/v2/series/getSeriesData?type=video
2026-05-27;1038470;0;Riigikogu infotund;Saated;ETV > Saated;;https://services.err.ee/api/v2/series/getSeriesData?type=video
2026-05-27;1038472;0;Ringvaade;Saated;Jupiter > Video > Saated;https://s.err.ee/photo/crop/2025/09/01/2996019h0f76t5.jpg;https://services.err.ee/api/v2/series/getSeriesData?type=video
2026-05-27;1038473;0;Ringvaade suvel;Saated;Jupiter > Video > Saated;https://s.err.ee/photo/crop/2025/06/26/2911587heca3t5.jpg;https://services.err.ee/api/v2/series/getSeriesData?type=video
2026-05-27;1038475;0;Sadam otsib meremeest;Saated;Jupiter > Video > Saated;https://s.err.ee/photo/crop/2020/11/25/845854hb42et5.jpg;https://services.err.ee/api/v2/series/getSeriesData?type=video
2026-05-27;1038478;0;See on EÕM;Saated;Jupiter > Video > Saated;https://s.err.ee/photo/crop/2025/05/05/2847971ha33bt5.jpg;https://services.err.ee/api/v2/series/getSeriesData?type=video
2026-05-27;1038492;0;Suud puhtaks;Saated;ETV > Saated;https://s.err.ee/photo/crop/2020/10/06/825112h34f5t5.jpg;https://services.err.ee/api/v2/series/getSeriesData?type=video
2026-05-27;1038493;0;Võidu nimel;Saated;Jupiter > Video > Saated;https://s.err.ee/photo/crop/2021/07/08/1065207hc0bct5.jpg;https://services.err.ee/api/v2/series/getSeriesData?type=video
2026-05-27;1038494;0;Suvenaabrid;Saated;Jupiter > Video > Saated;https://s.err.ee/photo/crop/2025/07/28/2960493hba91t5.jpg;https://services.err.ee/api/v2/series/getSeriesData?type=video
2026-05-27;1038498;0;Taevavalvurid;Saated;Jupiter > Video > Saated;https://s.err.ee/photo/crop/2019/11/21/711935h2934t5.jpg;https://services.err.ee/api/v2/series/getSeriesData?type=video
2026-05-27;1038502;0;Teaduspalavik;Saated;Jupiter > Video > Saated;https://s.err.ee/photo/crop/2024/05/09/2386113h319et5.jpg;https://services.err.ee/api/v2/series/getSeriesData?type=video
2026-05-27;1038504;0;Teel Leninile;Saated;Jupiter > Video > Saated;https://s.err.ee/photo/crop/2021/02/03/910267he3b5t5.jpg;https://services.err.ee/api/v2/series/getSeriesData?type=video
2026-05-27;1038505;0;Teeliste kirikud;Saated;ETV > Saated;https://s.err.ee/photo/crop/2025/04/14/2822396h0ee7t5.jpg;https://services.err.ee/api/v2/series/getSeriesData?type=video
2026-05-27;1038506;0;Terevisioon;Saated;Jupiter > Video > Saated;https://s.err.ee/photo/crop/2025/09/01/2996061h2d32t5.jpg;https://services.err.ee/api/v2/series/getSeriesData?type=video
2026-05-27;1038511;0;Tuleb tuttav ette;Saated;Jupiter > Video > Saated;https://s.err.ee/photo/crop/2024/04/02/2335692h3362t5.jpg;https://services.err.ee/api/v2/series/getSeriesData?type=video
2026-05-27;1038514;0;Tähendamisi;Saated;ETV > Saated;https://s.err.ee/photo/crop/2020/09/23/821385h282dt5.jpg;https://services.err.ee/api/v2/series/getSeriesData?type=video
2026-05-27;1038516;0;Täna õhtul...;Saated;Jupiter > Video > Saated;https://s.err.ee/photo/crop/2024/04/15/2356176h5a3et5.jpg;https://services.err.ee/api/v2/series/getSeriesData?type=video
2026-05-27;1038517;0;Töörööbikud;Saated;Jupiter > Video > Saated;https://s.err.ee/photo/crop/2019/11/07/707145ha1f9t5.jpg;https://services.err.ee/api/v2/series/getSeriesData?type=video
2026-05-27;1038520;0;Unustatud maitsed;Saated;Jupiter > Video > Saated;https://s.err.ee/photo/crop/2021/09/15/1149416hb2bft5.jpg;https://services.err.ee/api/v2/series/getSeriesData?type=video
2026-05-27;1038522;0;Uudishimu tippkeskus;Saated;Jupiter > Video > Saated;https://s.err.ee/photo/crop/2024/04/01/2333649h766ct5.jpg;https://services.err.ee/api/v2/series/getSeriesData?type=video
2026-05-27;1038523;0;Uue aja asjad;Saated;Jupiter > Video > Saated;https://s.err.ee/photo/crop/2021/09/15/1149470h110dt5.jpg;https://services.err.ee/api/v2/series/getSeriesData?type=video
2026-05-27;1038525;0;Vaba tahe;Saated;Jupiter > Video > Saated;https://s.err.ee/photo/crop/2021/03/16/956857h91dat5.jpg;https://services.err.ee/api/v2/series/getSeriesData?type=video
2026-05-27;1038526;0;Vabadussõja lugu;Saated;Jupiter > Video > Saated;https://s.err.ee/photo/crop/2024/02/11/2255304hc65bt5.jpg;https://services.err.ee/api/v2/series/getSeriesData?type=video
2026-05-27;1038529;0;Valimisstuudio (2023);Soovitame;ETV > Soovitame;https://s.err.ee/photo/crop/2023/02/01/1769474h9355t5.jpg;https://services.err.ee/api/v2/series/getSeriesData?type=video
2026-05-27;1038530;0;Valimisstuudio;Soovitame;ETV > Soovitame;https://s.err.ee/photo/crop/2025/09/15/3015177hc3cbt5.jpg;https://services.err.ee/api/v2/series/getSeriesData?type=video
2026-05-27;1038533;0;Vanad ja kobedad;Komöödia;Jupiter > Video > Sarjad > Komöödia;https://s.err.ee/photo/crop/2024/07/19/2478484h3a94t5.jpg;https://services.err.ee/api/v2/series/getSeriesData?type=video
2026-05-27;1038540;0;Välisilm;Saated;ETV > Saated;https://s.err.ee/photo/crop/2024/09/02/2532371h63cct5.jpg;https://services.err.ee/api/v2/series/getSeriesData?type=video
2026-05-27;1038542;0;Värvimuusika;Saated;Jupiter > Video > Saated;https://s.err.ee/photo/crop/2024/05/09/2386410h86c5t5.jpg;https://services.err.ee/api/v2/series/getSeriesData?type=video
2026-05-27;1038547;0;Wikmani poisid;Draama;Jupiter > Video > Sarjad > Draama;https://s.err.ee/photo/crop/2023/10/03/2097587h6ffbt5.jpg;https://services.err.ee/api/v2/series/getSeriesData?type=video
2026-05-27;1038548;0;Õnne 13;Draama;Jupiter > Video > Sarjad > Draama;https://s.err.ee/photo/crop/2024/09/03/2533481hea88t5.jpg;https://services.err.ee/api/v2/series/getSeriesData?type=video
2026-05-27;1038557;0;Üle parda;Saated;Jupiter > Video > Saated;https://s.err.ee/photo/crop/2020/10/28/835771h2922t5.jpg;https://services.err.ee/api/v2/series/getSeriesData?type=video
2026-05-27;1038561;0;XXVI laulupidu;Saated;ETV > Saated;https://s.err.ee/photo/crop/2019/09/02/679509hb242t5.jpg;https://services.err.ee/api/v2/series/getSeriesData?type=video
2026-05-27;1038567;0;4x4. Aafrika;Saated;Jupiter > Video > Saated;;https://services.err.ee/api/v2/series/getSeriesData?type=video
2026-05-27;1038578;0;Ajavaod;Saated;Jupiter > Video > Saated;https://s.err.ee/photo/crop/2025/08/21/2981703hcb0bt5.jpg;https://services.err.ee/api/v2/series/getSeriesData?type=video
2026-05-27;1038581;0;Aktuaalne kaamera (viipekeeles);Saated;Jupiter > Video > Saated;https://s.err.ee/photo/crop/2023/01/04/1732342h585bt5.jpg;https://services.err.ee/api/v2/series/getSeriesData?type=video
2026-05-27;1038584;0;Alpimaja;Draama;Jupiter > Video > Sarjad > Draama;https://s.err.ee/photo/crop/2020/04/10/768537hd9eet5.jpg;https://services.err.ee/api/v2/series/getSeriesData?type=video
2026-05-27;1038589;0;Asja lood;Saated;ETV2 > Saated;https://s.err.ee/photo/crop/2019/01/17/586750h1e29t5.jpg;https://services.err.ee/api/v2/series/getSeriesData?type=video
2026-05-27;1038593;0;Borneo töölaager;Saated;Jupiter > Video > Saated;https://s.err.ee/photo/crop/2024/08/05/2500135h9f3bt5.jpg;https://services.err.ee/api/v2/series/getSeriesData?type=video
2026-05-27;1038614;0;Eesti looduslikud pühapaigad;Saated;Jupiter > Video > Saated;https://s.err.ee/photo/crop/2021/04/28/993922h05d1t5.jpg;https://services.err.ee/api/v2/series/getSeriesData?type=video
2026-05-27;1038621;0;Elu allpool nulli;Dokumentaal;Jupiter > Video > Filmid > Dokumentaal;https://s.err.ee/photo/crop/2026/01/06/3146140hfecft5.jpg;https://services.err.ee/api/v2/series/getSeriesData?type=video
2026-05-27;1038632;0;Heureka;Saated;Jupiter > Video > Saated;https://s.err.ee/photo/crop/2025/03/13/2778317h01bct5.jpg;https://services.err.ee/api/v2/series/getSeriesData?type=video
2026-05-27;1038649;0;Kapist välja;Saated;Jupiter > Video > Saated;https://s.err.ee/photo/crop/2024/05/13/2392881h4e7et5.jpg;https://services.err.ee/api/v2/series/getSeriesData?type=video
2026-05-27;1038667;0;Koolitants;Io noored;Jupiter > Video > Io noored;https://s.err.ee/photo/crop/2025/09/01/2996733hef5et5.jpg;https://services.err.ee/api/v2/series/getSeriesData?type=video
2026-05-27;1038689;0;Loomaarstid;Saated;Jupiter > Video > Saated;https://s.err.ee/photo/crop/2025/04/07/2815646h6e5bt5.jpg;https://services.err.ee/api/v2/series/getSeriesData?type=video
2026-05-27;1038698;0;Maahommiku lood;Saated;ETV > Saated;;https://services.err.ee/api/v2/series/getSeriesData?type=video
2026-05-27;1038707;0;Meie Aja Kunst;Saated;Jupiter > Video > Saated;https://s.err.ee/photo/crop/2025/08/18/2978559h985ft5.jpg;https://services.err.ee/api/v2/series/getSeriesData?type=video
2026-05-27;1038717;0;Mina ka;Saated;ETV2 > Saated;https://s.err.ee/photo/crop/2024/08/19/2512099hf4aft5.jpg;https://services.err.ee/api/v2/series/getSeriesData?type=video
2026-05-27;1038731;0;Mõistlik või mõttetu;Saated;Jupiter > Video > Saated;https://s.err.ee/photo/crop/2023/11/06/2139664ha900t5.jpg;https://services.err.ee/api/v2/series/getSeriesData?type=video
2026-05-27;1038738;0;NOVA;Lastesaated ja -sarjad;Lasteekraan > Vaata ja kuula > Video > Sarjad > Lastesaated ja -sarjad;https://s.err.ee/photo/crop/2024/09/04/2534288h7a3ct5.png;https://services.err.ee/api/v2/series/getSeriesData?type=video
2026-05-27;1038745;0;Ohtlik lend;Krimi;Jupiter > Video > Sarjad > Krimi;https://s.err.ee/photo/crop/2022/01/11/1303025h375et5.jpg;https://services.err.ee/api/v2/series/getSeriesData?type=video
2026-05-27;1038748;0;Ongi Koik;Saated;ETV2 > Saated;;https://services.err.ee/api/v2/series/getSeriesData?type=video
2026-05-27;1038768;0;Plekktrumm;Saated;Jupiter > Video > Saated;https://s.err.ee/photo/crop/2023/11/02/2133601h59b0t5.jpg;https://services.err.ee/api/v2/series/getSeriesData?type=video
2026-05-27;1038782;0;PÖFFi kaheksa ja pool;Saated;ETV2 > Saated;https://s.err.ee/photo/crop/2023/11/03/2134804h5f55t5.jpg;https://services.err.ee/api/v2/series/getSeriesData?type=video
2026-05-27;1038783;0;R2TV;Saated;ETV2 > Saated;https://s.err.ee/photo/crop/2019/02/25/606559h1b92t5.jpg;https://services.err.ee/api/v2/series/getSeriesData?type=video
2026-05-27;1038795;0;RUUM;Saated;Jupiter > Video > Saated;https://s.err.ee/photo/crop/2024/08/05/2500108hb33bt5.jpg;https://services.err.ee/api/v2/series/getSeriesData?type=video
2026-05-27;1038803;0;Saladuslik Aafrika;Saated;Jupiter > Video > Saated;https://s.err.ee/photo/crop/2020/11/11/840161hee68t5.jpg;https://services.err.ee/api/v2/series/getSeriesData?type=video
2026-05-27;1038817;0;Suusaalade MM;Saated;ETV2 > Saated;https://s.err.ee/photo/crop/2025/02/26/2760389hc547t5.jpg;https://services.err.ee/api/v2/series/getSeriesData?type=video
2026-05-27;1038842;0;Teemaõhtu: Ivo Linna 70;Saated;ETV2 > Saated;https://s.err.ee/photo/crop/2019/05/12/636346h8d92t5.png;https://services.err.ee/api/v2/series/getSeriesData?type=video
2026-05-27;1038851;0;Teemaõhtu: Meenutades Eino Baskinit;Saated;ETV2 > Saated;https://s.err.ee/photo/crop/2015/07/15/230635h6c9et5.jpg;https://services.err.ee/api/v2/series/getSeriesData?type=video
2026-05-27;1038890;0;Trumpi müüri radadel;Saated;Jupiter > Video > Saated;https://s.err.ee/photo/crop/2025/02/03/2716664h7106t5.jpg;https://services.err.ee/api/v2/series/getSeriesData?type=video
2026-05-27;1038895;0;TV 10 olümpiastarti;Saated;ETV2 > Saated;https://s.err.ee/photo/crop/2024/03/26/2325351h1d8dt5.jpg;https://services.err.ee/api/v2/series/getSeriesData?type=video
2026-05-27;1038898;0;Tähtede lava;Kultuur;ETV > Kultuur;https://s.err.ee/photo/crop/2024/04/03/2337033h6759t5.jpg;https://services.err.ee/api/v2/series/getSeriesData?type=video
2026-05-27;1038909;0;Valgele mäele;Saated;Jupiter > Video > Saated;https://s.err.ee/photo/crop/2020/07/29/801941h0f5et5.jpg;https://services.err.ee/api/v2/series/getSeriesData?type=video
2026-05-27;1038927;0;Õhinapõhised;Saated;Jupiter > Video > Saated;https://s.err.ee/photo/crop/2026/02/24/3225218h5ad0t5.jpg;https://services.err.ee/api/v2/series/getSeriesData?type=video
2026-05-27;1038928;0;Ööülikooli rännakud;Saated;Jupiter > Video > Saated;https://s.err.ee/photo/crop/2024/01/22/2225295h74e2t5.jpg;https://services.err.ee/api/v2/series/getSeriesData?type=video
2026-05-27;1038930;0;Üks tegu;Saated;Jupiter > Video > Saated;https://s.err.ee/photo/crop/2025/11/03/3074472h7aa0t5.jpg;https://services.err.ee/api/v2/series/getSeriesData?type=video
2026-05-27;1039209;0;Buratino tegutseb jälle;Lastesaated ja -sarjad;Lasteekraan > Vaata ja kuula > Video > Sarjad > Lastesaated ja -sarjad;https://s.err.ee/photo/crop/2020/04/13/769135h166ct5.jpg;https://services.err.ee/api/v2/series/getSeriesData?type=video
2026-05-27;1039241;0;Nõiakivi;Lastesaated ja -sarjad;Lasteekraan > Vaata ja kuula > Video > Sarjad > Lastesaated ja -sarjad;https://s.err.ee/photo/crop/2020/03/09/759206h5662t5.png;https://services.err.ee/api/v2/series/getSeriesData?type=video
2026-05-27;1055566;0;Liblikavõrguga Kamerunis;Saated;Jupiter > Video > Saated;https://s.err.ee/photo/crop/2026/03/03/3236261hb19dt5.jpg;https://services.err.ee/api/v2/series/getSeriesData?type=video
2026-05-27;1060262;1584801000;Entel-tenteli lõppkontsert;Lastele;ETV2 > Lastele;https://s.err.ee/photo/crop/2020/03/06/757508h6beft5.jpg;https://services.err.ee/api/v2/series/getSeriesData?type=video
2026-05-27;1060752;0;Naljatera;Saated;Jupiter > Video > Saated;https://s.err.ee/photo/crop/2022/06/08/1504510h5ab3t5.jpg;https://services.err.ee/api/v2/series/getSeriesData?type=video
2026-05-27;1061609;0;Tammetõru seiklused;Lastesaated ja -sarjad;Lasteekraan > Vaata ja kuula > Video > Sarjad > Lastesaated ja -sarjad;https://s.err.ee/photo/crop/2020/03/09/759269h9728t5.png;https://services.err.ee/api/v2/series/getSeriesData?type=video
2026-05-27;1061957;0;Mõmmi aabits;Lastesaated ja -sarjad;Lasteekraan > Vaata ja kuula > Video > Sarjad > Lastesaated ja -sarjad;https://s.err.ee/photo/crop/2020/03/11/759779he609t5.png;https://services.err.ee/api/v2/series/getSeriesData?type=video
2026-05-27;1062968;1761395400;Meeletu;Draama;Jupiter > Video > Filmid > Draama;https://s.err.ee/photo/crop/2024/01/10/2209117hf5f6t5.jpg;https://services.err.ee/api/v2/series/getSeriesData?type=video
2026-05-27;1069085;1586372700;MARJUSTIN 8.0;Elusaated;ETV > Elusaated;;https://services.err.ee/api/v2/series/getSeriesData?type=video
2026-05-27;1069098;1777612500;Mehed ei nuta;Komöödia;Jupiter > Video > Filmid > Komöödia;https://s.err.ee/photo/crop/2023/10/09/2104223h2bc7t5.jpg;https://services.err.ee/api/v2/series/getSeriesData?type=video
2026-05-27;1070669;0;Arktikast Antarktikasse;Saated;Jupiter > Video > Saated;https://s.err.ee/photo/crop/2024/10/16/2583145h809et5.jpg;https://services.err.ee/api/v2/series/getSeriesData?type=video
2026-05-27;1071720;0;Osooni loomalood;Loodus;Lasteekraan > Vaata ja kuula > Teemad > Loodus ja teadus > Loodus;https://s.err.ee/photo/crop/2020/04/15/770028h26e8t5.jpg;https://services.err.ee/api/v2/series/getSeriesData?type=video
2026-05-27;1072339;0;Unerohi;Saated;Jupiter > Video > Saated;;https://services.err.ee/api/v2/series/getSeriesData?type=video
2026-05-27;1073549;0;Helin;Dokumentaal;Jupiter > Video > Filmid > Dokumentaal;;https://services.err.ee/api/v2/series/getSeriesData?type=video
2026-05-27;1073570;0;Tartu;Dokumentaal;Jupiter > Video > Filmid > Dokumentaal;;https://services.err.ee/api/v2/series/getSeriesData?type=video
2026-05-27;1073573;0;Elu ja aeg kivis, puus, metallis;Dokumentaal;Jupiter > Video > Filmid > Dokumentaal;;https://services.err.ee/api/v2/series/getSeriesData?type=video
2026-05-27;1073578;0;Aga kus me täna mängime;Dokumentaal;Jupiter > Video > Filmid > Dokumentaal;;https://services.err.ee/api/v2/series/getSeriesData?type=video
2026-05-27;1073580;0;Maailma valgus;Dokumentaal;Jupiter > Video > Filmid > Dokumentaal;;https://services.err.ee/api/v2/series/getSeriesData?type=video
2026-05-27;1073594;0;In Paradisum;Dokumentaal;Jupiter > Video > Filmid > Dokumentaal;https://s.err.ee/photo/crop/2020/04/18/771111h58f7t5.jpg;https://services.err.ee/api/v2/series/getSeriesData?type=video
2026-05-27;1073816;0;Loss;Jupiter;Jupiter;;https://services.err.ee/api/v2/series/getSeriesData?type=video
2026-05-27;1073822;1704544200;Kihnu naine;Dokumentaal;Jupiter > Video > Filmid > Dokumentaal;https://s.err.ee/photo/crop/2026/03/03/3236324h2a1ft5.jpg;https://services.err.ee/api/v2/series/getSeriesData?type=video
2026-05-27;1073944;0;Sajandid kivis ja muusikas;Dokumentaal;Jupiter > Video > Filmid > Dokumentaal;;https://services.err.ee/api/v2/series/getSeriesData?type=video
2026-05-27;1074041;0;Kuukiired;Kultuur;Jupiter > Video > Teemad > Kultuur;;https://services.err.ee/api/v2/series/getSeriesData?type=video
2026-05-27;1074042;0;Peadirigent;Dokumentaal;Jupiter > Video > Filmid > Dokumentaal;;https://services.err.ee/api/v2/series/getSeriesData?type=video
2026-05-27;1074058;0;Meil on pidu;Retro TV;Jupiter > Video > Teemad > Retro TV;;https://services.err.ee/api/v2/series/getSeriesData?type=video
2026-05-27;1074075;0;Dirigendid;Dokumentaal;Jupiter > Video > Filmid > Dokumentaal;https://s.err.ee/photo/crop/2020/05/25/782088hed02t5.jpg;https://services.err.ee/api/v2/series/getSeriesData?type=video
2026-05-27;1074076;0;Huviline filmikaamera;Eesti;Jupiter > Video > Filmid > Eesti;;https://services.err.ee/api/v2/series/getSeriesData?type=video
2026-05-27;1074902;0;Surm paradiisis;Krimi;Jupiter > Video > Sarjad > Krimi;https://s.err.ee/photo/crop/2023/08/14/2033084h4320t5.jpg;https://services.err.ee/api/v2/series/getSeriesData?type=video
2026-05-27;1075392;0;Teatrietendus. Skangpoomijad;Lavastused;Jupiter > Video > Saated > Lavastused;;https://services.err.ee/api/v2/series/getSeriesData?type=video
2026-05-27;1075874;0;Tujurikkuja;Saated;Jupiter > Video > Saated;https://s.err.ee/photo/crop/2025/12/22/3134740h89fet5.jpg;https://services.err.ee/api/v2/series/getSeriesData?type=video
2026-05-27;1076077;0;Teatrietendus. Hamlet;Lavastused;Jupiter > Video > Saated > Lavastused;;https://services.err.ee/api/v2/series/getSeriesData?type=video
2026-05-27;1076094;0;Vana aja asjad;Saated;Jupiter > Video > Saated;https://s.err.ee/photo/crop/2024/03/20/2315169he86ft5.jpg;https://services.err.ee/api/v2/series/getSeriesData?type=video
2026-05-27;1076408;0;Siin ja praegu;Saated;Jupiter > Video > Saated;https://s.err.ee/photo/crop/2025/05/21/2872701hee8bt5.jpg;https://services.err.ee/api/v2/series/getSeriesData?type=video
2026-05-27;1076604;0;Midsomeri mõrvad;Krimi;Jupiter > Video > Sarjad > Krimi;https://s.err.ee/photo/crop/2023/11/21/2157790h3502t5.jpg;https://services.err.ee/api/v2/series/getSeriesData?type=video
2026-05-27;1077950;0;Rannahotell;Draama;Jupiter > Video > Sarjad > Draama;https://s.err.ee/photo/crop/2024/06/10/2432150h77d2t5.jpg;https://services.err.ee/api/v2/series/getSeriesData?type=video
2026-05-27;1078027;0;Kreisiraadio;Saated;Jupiter > Video > Saated;https://s.err.ee/photo/crop/2024/12/02/2640676hb014t5.jpg;https://services.err.ee/api/v2/series/getSeriesData?type=video
2026-05-27;1079203;0;"EV100. Diskoõhtu ""Eesti tantsib""";Kontserdid ja muusika;Jupiter > Video > Saated > Kontserdid ja muusika;https://s.err.ee/photo/crop/2024/02/23/2273436hfc3bt5.jpg;https://services.err.ee/api/v2/series/getSeriesData?type=video
2026-05-27;1079204;0;EV100. Sajaga edasi, Eesti!;Kontserdid ja muusika;Jupiter > Video > Saated > Kontserdid ja muusika;;https://services.err.ee/api/v2/series/getSeriesData?type=video
2026-05-27;1079205;0;EV100. Elamuste aasta;Saated;Jupiter > Video > Saated;;https://services.err.ee/api/v2/series/getSeriesData?type=video
2026-05-27;1079208;0;EV100. Üheslaulmine: Sajandi sumin;Kontserdid ja muusika;Jupiter > Video > Saated > Kontserdid ja muusika;;https://services.err.ee/api/v2/series/getSeriesData?type=video
2026-05-27;1079209;0;EV100. Üheslaulmine: Laulu võim;Kontserdid ja muusika;Jupiter > Video > Saated > Kontserdid ja muusika;;https://services.err.ee/api/v2/series/getSeriesData?type=video
2026-05-27;1079226;0;Nullpunkt;Draama;Jupiter > Video > Sarjad > Draama;https://s.err.ee/photo/crop/2024/09/11/2542769h3ac9t5.jpg;https://services.err.ee/api/v2/series/getSeriesData?type=video
2026-05-27;1079507;0;Kirjandusministeerium;Saated;Jupiter > Video > Saated;;https://services.err.ee/api/v2/series/getSeriesData?type=video
2026-05-27;1079519;0;Fred Kudu: Elu nagu kümnevõistlus;Dokumentaal;Jupiter > Video > Filmid > Dokumentaal;;https://services.err.ee/api/v2/series/getSeriesData?type=video
2026-05-27;1081373;0;Avasta Eestimaa rahvuspargid;Dokumentaal;Jupiter > Video > Filmid > Dokumentaal;;https://services.err.ee/api/v2/series/getSeriesData?type=video
2026-05-27;1082095;0;Mis teie kodus uudist?;Saated;Jupiter > Video > Saated;;https://services.err.ee/api/v2/series/getSeriesData?type=video
2026-05-27;1082826;0;Eesti mäng. Euroopa eri;Saated;ETV > Saated;https://s.err.ee/photo/crop/2020/05/07/776770hf206t5.jpg;https://services.err.ee/api/v2/series/getSeriesData?type=video
2026-05-27;1082890;0;Telelavastus. Soo;Lavastused;Jupiter > Video > Saated > Lavastused;https://s.err.ee/photo/crop/2020/09/03/813860hb186t5.jpg;https://services.err.ee/api/v2/series/getSeriesData?type=video
2026-05-27;1083193;1705844100;Mees muinasjutust. Toomas Edur;Saated;Jupiter > Video > Saated;https://s.err.ee/photo/crop/2024/01/19/2221695h8aa4t5.jpg;https://services.err.ee/api/v2/series/getSeriesData?type=video
2026-05-27;1083199;1725163200;Maran;Dokumentaal;Jupiter > Video > Filmid > Dokumentaal;https://s.err.ee/photo/crop/2024/08/27/2525780h95dft5.jpg;https://services.err.ee/api/v2/series/getSeriesData?type=video
2026-05-27;1083243;0;Eurolaul / Eesti laul;Saated;Jupiter > Video > Saated;https://s.err.ee/photo/crop/2020/05/13/778383hc0det5.jpg;https://services.err.ee/api/v2/series/getSeriesData?type=video
2026-05-27;1083699;0;ETV kuld;Saated;Jupiter > Video > Saated;https://s.err.ee/photo/crop/2020/04/29/774599hc354t5.jpg;https://services.err.ee/api/v2/series/getSeriesData?type=video
2026-05-27;1084149;1589224500;Krimm. Kuus aastat hiljem;Dokumentaalid;ETV > Dokumentaalid;https://s.err.ee/photo/crop/2020/05/13/778233h776dt5.jpg;https://services.err.ee/api/v2/series/getSeriesData?type=video
2026-05-27;1085510;0;Laul, ava tiivad;Dokumentaal;Jupiter > Video > Filmid > Dokumentaal;https://s.err.ee/photo/crop/2020/05/05/776241hb4c1t5.jpg;https://services.err.ee/api/v2/series/getSeriesData?type=video
2026-05-27;1085548;0;Vürst Gabriel. 50 aastat hiljem;Saated;Jupiter > Video > Saated;;https://services.err.ee/api/v2/series/getSeriesData?type=video
2026-05-27;1085558;0;Muuseumirott;Saated;Jupiter > Video > Saated;;https://services.err.ee/api/v2/series/getSeriesData?type=video
2026-05-27;1085900;0;Priit Pärna joonisfilmid;Eesti;Jupiter > Video > Filmid > Eesti;https://s.err.ee/photo/crop/2020/11/24/845082h603bt5.jpg;https://services.err.ee/api/v2/series/getSeriesData?type=video
2026-05-27;1086018;0;Teatrietendus. Peenike pere;Lavastused;Jupiter > Video > Saated > Lavastused;https://s.err.ee/photo/crop/2020/10/05/825022hc134t5.jpg;https://services.err.ee/api/v2/series/getSeriesData?type=video
2026-05-27;1086021;0;Teatrietendus. Vaimude tund Kadrioru lossis;Lavastused;Jupiter > Video > Saated > Lavastused;https://s.err.ee/photo/crop/2020/08/26/810827h61dft5.jpg;https://services.err.ee/api/v2/series/getSeriesData?type=video
2026-05-27;1086025;0;Teatrietendus. Impro 1 - Põhjakonn;Lavastused;Jupiter > Video > Saated > Lavastused;https://s.err.ee/photo/crop/2020/11/26/846280h9a33t5.jpg;https://services.err.ee/api/v2/series/getSeriesData?type=video
2026-05-27;1086027;0;Teatrietendus. Ühe koosoleku protokoll;Lavastused;Jupiter > Video > Saated > Lavastused;;https://services.err.ee/api/v2/series/getSeriesData?type=video
2026-05-27;1086358;0;Rocinante;Saated;Jupiter > Video > Saated;;https://services.err.ee/api/v2/series/getSeriesData?type=video
2026-05-27;1086442;0;Teatrietendus. Südames sündinud;Lavastused;Jupiter > Video > Saated > Lavastused;https://s.err.ee/photo/crop/2020/06/01/784718h9bf5t5.png;https://services.err.ee/api/v2/series/getSeriesData?type=video
2026-05-27;1088324;0;Iga linnul oma nägu;Saated;Jupiter > Video > Saated;https://s.err.ee/photo/crop/2020/05/18/779928he6bet5.jpg;https://services.err.ee/api/v2/series/getSeriesData?type=video
2026-05-27;1088387;0;Autoportree;Saated;Jupiter > Video > Saated;https://s.err.ee/photo/crop/2024/07/19/2478472hb150t5.jpg;https://services.err.ee/api/v2/series/getSeriesData?type=video
2026-05-27;1088433;0;Wend Weis;Saated;Jupiter > Video > Saated;https://s.err.ee/photo/crop/2024/04/22/2366232hbb89t5.jpg;https://services.err.ee/api/v2/series/getSeriesData?type=video
2026-05-27;1088805;0;Südameasjad. Lepo Sumera;Saated;Jupiter > Video > Saated;;https://services.err.ee/api/v2/series/getSeriesData?type=video
2026-05-27;1089181;0;Rahvusparkide peidetud väärtused;Dokumentaal;Jupiter > Video > Filmid > Dokumentaal;https://s.err.ee/photo/crop/2020/05/14/778608h5d7ct5.jpg;https://services.err.ee/api/v2/series/getSeriesData?type=video
2026-05-27;1089225;0;Sõda nähtamatu vaenlasega;Saated;Jupiter > Video > Saated;https://s.err.ee/photo/crop/2020/05/14/778683h5160t5.jpg;https://services.err.ee/api/v2/series/getSeriesData?type=video
2026-05-27;1089243;0;Põlev maa;Krimi;Jupiter > Video > Sarjad > Krimi;https://s.err.ee/photo/crop/2020/05/18/779920h3bb1t5.jpg;https://services.err.ee/api/v2/series/getSeriesData?type=video
2026-05-27;1089256;0;Carte blanche;Saated;Jupiter > Video > Saated;https://s.err.ee/photo/crop/2025/04/15/2823626hcd09t5.jpg;https://services.err.ee/api/v2/series/getSeriesData?type=video
2026-05-27;1089740;1590319200;Ragnar Klavan. Kõik on võimalik;Sport;ETV2 > Sport;https://s.err.ee/photo/crop/2021/06/15/1039743hb04ct5.jpg;https://services.err.ee/api/v2/series/getSeriesData?type=video
2026-05-27;1091497;0;Olev Subbi 90;Dokumentaal;Jupiter > Video > Filmid > Dokumentaal;https://s.err.ee/photo/crop/2020/05/19/780141hf772t5.jpg;https://services.err.ee/api/v2/series/getSeriesData?type=video
2026-05-27;1092236;0;Pätu;Lastesaated ja -sarjad;Lasteekraan > Vaata ja kuula > Video > Sarjad > Lastesaated ja -sarjad;https://s.err.ee/photo/crop/2020/05/20/780772ha663t5.jpg;https://services.err.ee/api/v2/series/getSeriesData?type=video
2026-05-27;1092603;1591006200;Lahedad lapsed;Meelelahutus;ETV > Meelelahutus;;https://services.err.ee/api/v2/series/getSeriesData?type=video
2026-05-27;1092611;1591028100;Sipsiku lugu;Saated;ETV > Saated;;https://services.err.ee/api/v2/series/getSeriesData?type=video
2026-05-27;1092697;0;Miinus 192 meetrit;Saated;Jupiter > Video > Saated;https://s.err.ee/photo/crop/2020/07/15/797796h382ft5.jpg;https://services.err.ee/api/v2/series/getSeriesData?type=video
2026-05-27;1092820;1591255800;Sinine ja must ja valge;Dokumentaalid;ETV2 > Dokumentaalid;;https://services.err.ee/api/v2/series/getSeriesData?type=video
2026-05-27;1093350;0;Liisu Lass soovitab;Saated;Jupiter > Video > Saated;https://s.err.ee/photo/crop/2020/05/25/782168h0a29t5.jpg;https://services.err.ee/api/v2/series/getSeriesData?type=video
2026-05-27;1094411;0;On meie keskel suvi;Filmid;Jupiter > Video > Filmid;;https://services.err.ee/api/v2/series/getSeriesData?type=video
2026-05-27;1094917;0;Lennud;Saated;Jupiter > Video > Saated;https://s.err.ee/photo/crop/2024/04/12/2350755hf9b8t5.jpg;https://services.err.ee/api/v2/series/getSeriesData?type=video
2026-05-27;1095513;1591997100;Öö valge on õnn. Lenna Kuurmaa ja Märt Avandi;Meelelahutus;ETV > Meelelahutus;;https://services.err.ee/api/v2/series/getSeriesData?type=video
2026-05-27;1096088;0;Telelavastus. Koduhani;Lavastused;Jupiter > Video > Saated > Lavastused;https://s.err.ee/photo/crop/2020/05/29/783604h39bet5.jpg;https://services.err.ee/api/v2/series/getSeriesData?type=video
2026-05-27;1096136;0;Teatrietendus. Pruutide kool;Lavastused;Jupiter > Video > Saated > Lavastused;;https://services.err.ee/api/v2/series/getSeriesData?type=video
2026-05-27;1096165;0;Ükskord on Eesti riik;Dokumentaal;Jupiter > Video > Filmid > Dokumentaal;https://s.err.ee/photo/crop/2020/07/22/800199h049et5.jpg;https://services.err.ee/api/v2/series/getSeriesData?type=video
2026-05-27;1096171;0;Teatrietendus. Romeo ja Julia;Lavastused;Jupiter > Video > Saated > Lavastused;https://s.err.ee/photo/crop/2020/06/02/784906h4fc5t5.jpg;https://services.err.ee/api/v2/series/getSeriesData?type=video
2026-05-27;1096178;0;Telelavastus. Kohtume alleel;Lavastused;Jupiter > Video > Saated > Lavastused;https://s.err.ee/photo/crop/2020/06/03/785021h714ct5.jpg;https://services.err.ee/api/v2/series/getSeriesData?type=video
2026-05-27;1097571;0;Teatrietendus. Taevas, muld ja tulevik;Lavastused;Jupiter > Video > Saated > Lavastused;https://s.err.ee/photo/crop/2020/06/03/785173h8eaft5.jpg;https://services.err.ee/api/v2/series/getSeriesData?type=video
2026-05-27;1097599;0;Teatrietendus. Iha jalakate all;Lavastused;Jupiter > Video > Saated > Lavastused;https://s.err.ee/photo/crop/2020/06/03/785052h5be6t5.jpg;https://services.err.ee/api/v2/series/getSeriesData?type=video
2026-05-27;1097635;0;Tartu muusikapäevad;Kontserdid ja muusika;Jupiter > Video > Saated > Kontserdid ja muusika;https://s.err.ee/photo/crop/2026/01/06/3146332hc998t5.png;https://services.err.ee/api/v2/series/getSeriesData?type=video
2026-05-27;1097647;0;Anvar Samost soovitab;Saated;Jupiter > Video > Saated;https://s.err.ee/photo/crop/2020/06/03/785099hf2c1t5.jpg;https://services.err.ee/api/v2/series/getSeriesData?type=video
2026-05-27;1098359;1592646600;Eestlased Läänerannikul;Dokumentaalid;ETV2 > Dokumentaalid;https://s.err.ee/photo/crop/2023/06/19/1959161hfdbbt5.jpg;https://services.err.ee/api/v2/series/getSeriesData?type=video
2026-05-27;1098804;0;Lahutus Eesti moodi;Komöödia;Jupiter > Video > Sarjad > Komöödia;https://s.err.ee/photo/crop/2024/08/21/2516053h090at5.jpg;https://services.err.ee/api/v2/series/getSeriesData?type=video
2026-05-27;1098813;0;Minu ENSV;Saated;Jupiter > Video > Saated;;https://services.err.ee/api/v2/series/getSeriesData?type=video
2026-05-27;1100544;0;Teatrietendus. Kes kardab Virginia Woolfi?;Lavastused;Jupiter > Video > Saated > Lavastused;https://s.err.ee/photo/crop/2020/06/08/786589h3162t5.jpg;https://services.err.ee/api/v2/series/getSeriesData?type=video
2026-05-27;1100737;1768129500;Sulev Nõmmik;Dokumentaalid;ETV > Dokumentaalid;https://s.err.ee/photo/crop/2026/01/06/3146491hdf44t5.png;https://services.err.ee/api/v2/series/getSeriesData?type=video
2026-05-27;1100782;1610536500;Vananemine on seiklus;Portreesaated;ETV > Portreesaated;https://s.err.ee/photo/crop/2021/01/11/886303h266at5.jpg;https://services.err.ee/api/v2/series/getSeriesData?type=video
2026-05-27;1100863;1592850600;Pööripäev;Saated;ETV2 > Saated;;https://services.err.ee/api/v2/series/getSeriesData?type=video
2026-05-27;1101588;0;Peegelmaastikus. Ain Kaalep;Saated;Jupiter > Video > Saated;;https://services.err.ee/api/v2/series/getSeriesData?type=video
2026-05-27;1101589;0;Ajalik ja ajatu. Ain Kaalep;Saated;Jupiter > Video > Saated;;https://services.err.ee/api/v2/series/getSeriesData?type=video
2026-05-27;1101590;0;Idée fixe. Ain Kaalep;Saated;Jupiter > Video > Saated;;https://services.err.ee/api/v2/series/getSeriesData?type=video
2026-05-27;1101648;0;Palestra;Kontserdid ja muusika;Jupiter > Video > Saated > Kontserdid ja muusika;https://s.err.ee/photo/crop/2023/06/19/1959170hc850t5.jpg;https://services.err.ee/api/v2/series/getSeriesData?type=video
2026-05-27;1103412;0;Retrodisko;Kontserdid ja muusika;Jupiter > Video > Saated > Kontserdid ja muusika;https://s.err.ee/photo/crop/2020/07/29/801945h4aa7t5.jpg;https://services.err.ee/api/v2/series/getSeriesData?type=video
2026-05-27;1103603;1593795600;"Tänukontsert ""Aitäh!""";Elusaated;ETV > Elusaated;https://s.err.ee/photo/crop/2020/07/03/793685h5d9bt5.jpg;https://services.err.ee/api/v2/series/getSeriesData?type=video
2026-05-27;1104220;0;Owe Petersell soovitab;Saated;Jupiter > Video > Saated;https://s.err.ee/photo/crop/2020/06/20/790425h959et5.jpg;https://services.err.ee/api/v2/series/getSeriesData?type=video
2026-05-27;1105659;0;Tundmatu Jaska;Saated;Jupiter > Video > Saated;https://s.err.ee/photo/crop/2020/06/25/791272h5b9et5.jpg;https://services.err.ee/api/v2/series/getSeriesData?type=video
2026-05-27;1105661;0;Lugu kadunud flöödimängijast;Saated;Jupiter > Video > Saated;https://s.err.ee/photo/crop/2020/06/25/791274h06c9t5.jpg;https://services.err.ee/api/v2/series/getSeriesData?type=video
2026-05-27;1105664;0;Estraaditähestik. Jaak Joala;Saated;Jupiter > Video > Saated;https://s.err.ee/photo/crop/2020/06/25/791276hb094t5.jpg;https://services.err.ee/api/v2/series/getSeriesData?type=video
2026-05-27;1106468;0;Eesti aja lood;Saated;Jupiter > Video > Saated;https://s.err.ee/photo/crop/2024/03/06/2297007h9bd1t5.jpg;https://services.err.ee/api/v2/series/getSeriesData?type=video
2026-05-27;1107566;0;Teatrietendus. Hiirelõks;Lavastused;Jupiter > Video > Saated > Lavastused;https://s.err.ee/photo/crop/2020/07/01/793001hdca6t5.jpg;https://services.err.ee/api/v2/series/getSeriesData?type=video
2026-05-27;1107789;0;Väikelinna detektiivid;Lastesaated ja -sarjad;Lasteekraan > Vaata ja kuula > Video > Sarjad > Lastesaated ja -sarjad;https://s.err.ee/photo/crop/2020/04/14/769967h7784t5.jpg;https://services.err.ee/api/v2/series/getSeriesData?type=video
2026-05-27;1108412;1595143200;Ringrada;Dokumentaalid;ETV > Dokumentaalid;;https://services.err.ee/api/v2/series/getSeriesData?type=video
2026-05-27;1108567;0;Paavo Järvi ja Eesti Festivaliorkester Pärnus 2019;Kontserdid;ETV2 > Kontserdid;https://s.err.ee/photo/crop/2022/05/12/1469464h83bat5.jpg;https://services.err.ee/api/v2/series/getSeriesData?type=video
2026-05-27;1108608;1768066500;Harilik kontsert;Lavastused;Jupiter > Video > Saated > Lavastused;https://s.err.ee/photo/crop/2026/01/14/3153946hee95t5.jpg;https://services.err.ee/api/v2/series/getSeriesData?type=video
2026-05-27;1108768;0;Teatrietendus. Mikumärdi;Lavastused;Jupiter > Video > Saated > Lavastused;https://s.err.ee/photo/crop/2020/07/02/793367hbe5et5.jpg;https://services.err.ee/api/v2/series/getSeriesData?type=video
2026-05-27;1108771;0;Teatrietendus. Ingel, ingel, vii mind taeva;Lavastused;Jupiter > Video > Saated > Lavastused;https://s.err.ee/photo/crop/2020/07/01/793005h14act5.jpg;https://services.err.ee/api/v2/series/getSeriesData?type=video
2026-05-27;1109119;0;Teatrietendus. Poiste sõidud;Lavastused;Jupiter > Video > Saated > Lavastused;https://s.err.ee/photo/crop/2020/07/01/793003h2014t5.jpg;https://services.err.ee/api/v2/series/getSeriesData?type=video
2026-05-27;1109795;0;Öised lood;Krimi;Jupiter > Video > Sarjad > Krimi;https://s.err.ee/photo/crop/2024/02/02/2241168h4b79t5.jpg;https://services.err.ee/api/v2/series/getSeriesData?type=video
2026-05-27;1109822;0;Üks koorilaul;Saated;Jupiter > Video > Saated;https://s.err.ee/photo/crop/2020/07/06/794974h4e56t5.jpg;https://services.err.ee/api/v2/series/getSeriesData?type=video
2026-05-27;1110039;0;Olümpiaregatt 1980;Saated;Jupiter > Video > Saated;https://s.err.ee/photo/crop/2020/07/09/796423h5321t5.jpg;https://services.err.ee/api/v2/series/getSeriesData?type=video
2026-05-27;1110388;0;Edulood;Saated;Jupiter > Video > Saated;https://s.err.ee/photo/crop/2024/02/01/2238081h86dft5.jpg;https://services.err.ee/api/v2/series/getSeriesData?type=video
2026-05-27;1110828;1595178000;ETV65. Eesti mäng;Meelelahutus;ETV > Meelelahutus;https://s.err.ee/photo/crop/2020/07/15/797787h4e61t5.jpg;https://services.err.ee/api/v2/series/getSeriesData?type=video
2026-05-27;1110830;1595183700;ETV65. ETV Kõige kõigemad;Meelelahutus;ETV > Meelelahutus;https://s.err.ee/photo/crop/2020/07/16/798356h4090t5.jpg;https://services.err.ee/api/v2/series/getSeriesData?type=video
2026-05-27;1110997;1595790300;Vanemuise suvekontsert;Kultuur;ETV > Kultuur;https://s.err.ee/photo/crop/2020/07/23/800446h2543t5.jpg;https://services.err.ee/api/v2/series/getSeriesData?type=video
2026-05-27;1112704;0;Lint;Saated;Jupiter > Video > Saated;https://s.err.ee/photo/crop/2020/07/15/797789ha44at5.jpg;https://services.err.ee/api/v2/series/getSeriesData?type=video
2026-05-27;1112735;0;Klassikatelevisioon;Saated;Jupiter > Video > Saated;https://s.err.ee/photo/crop/2020/07/17/798848h2b80t5.jpg;https://services.err.ee/api/v2/series/getSeriesData?type=video
2026-05-27;1113851;1596388500;Sünnipäevaintervjuu. Ülle Lichtfeldt;Teemaõhtud;ETV2 > Teemaõhtud;https://s.err.ee/photo/crop/2020/07/28/801661ha394t5.jpg;https://services.err.ee/api/v2/series/getSeriesData?type=video
2026-05-27;1114194;0;Lauluga maale;Kultuur;ETV > Kultuur;https://s.err.ee/photo/crop/2025/07/14/2941734h821et5.jpg;https://services.err.ee/api/v2/series/getSeriesData?type=video
2026-05-27;1114867;0;Meistrite meistrid;Saated;Jupiter > Video > Saated;https://s.err.ee/photo/crop/2024/06/12/2435333h53eft5.jpg;https://services.err.ee/api/v2/series/getSeriesData?type=video
2026-05-27;1115183;0;Kolm rubiini;Krimi;Jupiter > Video > Sarjad > Krimi;https://s.err.ee/photo/crop/2020/07/22/800202hfd9ft5.jpg;https://services.err.ee/api/v2/series/getSeriesData?type=video
2026-05-27;1115500;0;Olav Ehala. Kollektsioon;Saated;Jupiter > Video > Saated;https://s.err.ee/photo/crop/2020/07/22/800203hd83at5.jpg;https://services.err.ee/api/v2/series/getSeriesData?type=video
2026-05-27;1115851;1596448200;Pealtnägija intervjuu. Tiiu Randviir;Saated;ETV > Saated;;https://services.err.ee/api/v2/series/getSeriesData?type=video
2026-05-27;1118009;0;Rännud Žiguliga;Saated;Jupiter > Video > Saated;https://s.err.ee/photo/crop/2024/06/25/2451854h7304t5.jpg;https://services.err.ee/api/v2/series/getSeriesData?type=video
2026-05-27;1119936;0;Vera;Krimi;Jupiter > Video > Sarjad > Krimi;https://s.err.ee/photo/crop/2022/06/17/1514476h0f5et5.jpg;https://services.err.ee/api/v2/series/getSeriesData?type=video
2026-05-27;1120300;0;Veljo Tormis. Kollektsioon;Saated;Jupiter > Video > Saated;https://s.err.ee/photo/crop/2020/08/04/803951hc644t5.jpg;https://services.err.ee/api/v2/series/getSeriesData?type=video
2026-05-27;1120301;0;Veljo Tormis. Eesti ballaadid;Saated;Jupiter > Video > Saated;https://s.err.ee/photo/crop/2020/08/04/803954hd435t5.jpg;https://services.err.ee/api/v2/series/getSeriesData?type=video
2026-05-27;1120303;0;Veljo Tormis. Unustatud rahvad;Saated;Jupiter > Video > Saated;https://s.err.ee/photo/crop/2020/08/04/803957hb6c5t5.jpg;https://services.err.ee/api/v2/series/getSeriesData?type=video
2026-05-27;1121453;0;Miss Marple'i lood;Krimi;Jupiter > Video > Sarjad > Krimi;https://s.err.ee/photo/crop/2026/03/30/3283335h38ddt5.jpg;https://services.err.ee/api/v2/series/getSeriesData?type=video
2026-05-27;1122342;0;Disainer number üks;Dokumentaal;Jupiter > Video > Filmid > Dokumentaal;https://s.err.ee/photo/crop/2020/08/10/805360h652ft5.jpg;https://services.err.ee/api/v2/series/getSeriesData?type=video
2026-05-27;1122409;0;Andrus Kivirähki telehuumorit;Saated;Jupiter > Video > Saated;https://s.err.ee/photo/crop/2020/08/12/805792h0b77t5.jpg;https://services.err.ee/api/v2/series/getSeriesData?type=video
2026-05-27;1122625;0;Taavo Remmel Kumu auditooriumis;Kontserdid ja muusika;Jupiter > Video > Saated > Kontserdid ja muusika;https://s.err.ee/photo/crop/2020/08/12/805797h9058t5.jpg;https://services.err.ee/api/v2/series/getSeriesData?type=video
2026-05-27;1122629;0;Teatrietendus. Jalutuskäik vikerkaarel;Lavastused;Jupiter > Video > Saated > Lavastused;https://s.err.ee/photo/crop/2020/08/12/805795h3d7dt5.jpg;https://services.err.ee/api/v2/series/getSeriesData?type=video
2026-05-27;1122635;0;Eesti - Soome 200. Ooperigala;Kontserdid ja muusika;Jupiter > Video > Saated > Kontserdid ja muusika;https://s.err.ee/photo/crop/2020/08/12/805794h24d3t5.jpg;https://services.err.ee/api/v2/series/getSeriesData?type=video
2026-05-27;1123514;1598805000;Pardiralli 2020;Saated;ETV > Saated;https://s.err.ee/photo/crop/2020/08/25/810279ha8fbt5.jpg;https://services.err.ee/api/v2/series/getSeriesData?type=video
2026-05-27;1123674;1740380400;Väikelinna detektiivid ja Valge Daami saladus;Lastefilmid;ETV2 > Lastefilmid;https://s.err.ee/photo/crop/2024/06/17/2440187h25bbt5.jpg;https://services.err.ee/api/v2/series/getSeriesData?type=video
2026-05-27;1124722;0;Idapiiril;Dokumentaal;Jupiter > Video > Filmid > Dokumentaal;;https://services.err.ee/api/v2/series/getSeriesData?type=video
2026-05-27;1124736;0;Jaapan nõudmiseni;Dokumentaal;Jupiter > Video > Filmid > Dokumentaal;;https://services.err.ee/api/v2/series/getSeriesData?type=video
2026-05-27;1125666;1598982600;Vabariigi Presidendi tervitus kooliaasta alguse puhul;Saated;ETV > Saated;;https://services.err.ee/api/v2/series/getSeriesData?type=video
2026-05-27;1125746;1599406800;Suvekuninganna Marju Länik;Portreesaated;ETV > Portreesaated;;https://services.err.ee/api/v2/series/getSeriesData?type=video
2026-05-27;1125779;1598902500;ERKI moeshow 2020;Saated;ETV2 > Saated;https://s.err.ee/photo/crop/2020/08/31/812846h445dt5.jpg;https://services.err.ee/api/v2/series/getSeriesData?type=video
2026-05-27;1126205;0;Eesti Vabariigi presidendi vastuvõtt Kadrioru lossi roosiaias;Päevakajaline;Jupiter > Video > Saated > Päevakajaline;https://s.err.ee/photo/crop/2020/08/24/809873h0472t5.jpg;https://services.err.ee/api/v2/series/getSeriesData?type=video
2026-05-27;1126692;0;Köögikodanikud;Saated;Jupiter > Video > Saated;https://s.err.ee/photo/crop/2024/06/17/2439410h9ea4t5.jpg;https://services.err.ee/api/v2/series/getSeriesData?type=video
2026-05-27;1126696;0;Minu Eestimaa;Saated;Jupiter > Video > Saated;https://s.err.ee/photo/crop/2024/08/19/2512318h6a81t5.jpg;https://services.err.ee/api/v2/series/getSeriesData?type=video
2026-05-27;1127148;0;ÖÖ TV arhiivist;Saated;Jupiter > Video > Saated;https://s.err.ee/photo/crop/2020/08/25/810551h2b73t5.jpg;https://services.err.ee/api/v2/series/getSeriesData?type=video
2026-05-27;1127289;0;Eesti Filharmoonia Kammerkoor ja Daniel Reuss;Kontserdid ja muusika;Jupiter > Video > Saated > Kontserdid ja muusika;https://s.err.ee/photo/crop/2020/08/26/810818h8494t5.jpg;https://services.err.ee/api/v2/series/getSeriesData?type=video
2026-05-27;1127293;0;Jaak Lutsoja Kvintett teatris NO99;Kontserdid ja muusika;Jupiter > Video > Saated > Kontserdid ja muusika;https://s.err.ee/photo/crop/2020/08/26/810914h855ft5.jpg;https://services.err.ee/api/v2/series/getSeriesData?type=video
2026-05-27;1127621;0;Viiekümnendad;Saated;Jupiter > Video > Saated;https://s.err.ee/photo/crop/2025/10/08/3042735h9869t5.jpg;https://services.err.ee/api/v2/series/getSeriesData?type=video
2026-05-27;1127937;0;ÖÖ TV;Saated;Jupiter > Video > Saated;https://s.err.ee/photo/crop/2024/05/31/2420457h9577t5.jpg;https://services.err.ee/api/v2/series/getSeriesData?type=video
2026-05-27;1129389;1777821300;Al Pacino - staar vastu tahtmist;Dokumentaal;Jupiter > Video > Filmid > Dokumentaal;https://s.err.ee/photo/crop/2020/08/31/812603hd511t5.jpg;https://services.err.ee/api/v2/series/getSeriesData?type=video
2026-05-27;1129499;0;HeadRead;Saated;Jupiter > Video > Saated;https://s.err.ee/photo/crop/2020/08/31/812860h7c73t5.png;https://services.err.ee/api/v2/series/getSeriesData?type=video
2026-05-27;1129889;0;"""Ringvaade"" Eesti filmi- ja teleauhindade galal 2020";Saated;Jupiter > Video > Saated;;https://services.err.ee/api/v2/series/getSeriesData?type=video
2026-05-27;1130669;0;Elina helinad;Saated;Jupiter > Video > Saated;;https://services.err.ee/api/v2/series/getSeriesData?type=video
2026-05-27;1130687;1656785100;Sulev Nõmmik status quo;Saated;Jupiter > Video > Saated;https://s.err.ee/photo/crop/2020/10/01/824026hc962t5.jpg;https://services.err.ee/api/v2/series/getSeriesData?type=video
2026-05-27;1131222;0;Arvo Pärt. Kollektsioon;Kontserdid ja muusika;Jupiter > Video > Saated > Kontserdid ja muusika;https://s.err.ee/photo/crop/2025/09/08/3004362h9e20t5.jpg;https://services.err.ee/api/v2/series/getSeriesData?type=video
2026-05-27;1131424;0;Maailma kõige targem rahvas;Saated;Jupiter > Video > Saated;https://s.err.ee/photo/crop/2025/09/01/2995827h5533t5.jpg;https://services.err.ee/api/v2/series/getSeriesData?type=video
2026-05-27;1131426;0;Selge pilt;Saated;Jupiter > Video > Saated;https://s.err.ee/photo/crop/2024/02/16/2261346h7dbdt5.jpg;https://services.err.ee/api/v2/series/getSeriesData?type=video
2026-05-27;1131427;0;Reetur;Krimi;Jupiter > Video > Sarjad > Krimi;https://s.err.ee/photo/crop/2025/04/13/2822123hbc20t5.jpg;https://services.err.ee/api/v2/series/getSeriesData?type=video
2026-05-27;1132030;1767244200;TV oraakel;Saated;Jupiter > Video > Saated;https://s.err.ee/photo/crop/2024/12/31/2676673he580t5.jpg;https://services.err.ee/api/v2/series/getSeriesData?type=video
2026-05-27;1132129;1701019800;Elina helinad;Portreesaated;ETV > Portreesaated;https://s.err.ee/photo/crop/2023/11/21/2158369h84a8t5.jpg;https://services.err.ee/api/v2/series/getSeriesData?type=video
2026-05-27;1132484;0;Märt Avandi ja Ott Sepp. Filmiparoodiad;Saated;Jupiter > Video > Saated;https://s.err.ee/photo/crop/2020/09/08/815975h52a1t5.jpg;https://services.err.ee/api/v2/series/getSeriesData?type=video
2026-05-27;1132728;0;Surma ei otsinud keegi;Saated;Jupiter > Video > Saated;https://s.err.ee/photo/crop/2020/08/26/810826h8e40t5.jpg;https://services.err.ee/api/v2/series/getSeriesData?type=video
2026-05-27;1133171;0;Püramiidi tipus;Saated;Jupiter > Video > Saated;https://s.err.ee/photo/crop/2024/11/08/2609749h6f17t5.jpg;https://services.err.ee/api/v2/series/getSeriesData?type=video
2026-05-27;1133173;0;Riigimehed;Komöödia;Jupiter > Video > Sarjad > Komöödia;https://s.err.ee/photo/crop/2024/02/11/2254980h0c06t5.jpg;https://services.err.ee/api/v2/series/getSeriesData?type=video
2026-05-27;1133238;1663754400;Illusionist Aarne Üksküla;Saated;Jupiter > Video > Saated;https://s.err.ee/photo/crop/2022/09/15/1609648hd7c3t5.jpg;https://services.err.ee/api/v2/series/getSeriesData?type=video
2026-05-27;1133306;1601025000;Vana Toomas kõike teab;Dokumentaal;Jupiter > Video > Filmid > Dokumentaal;https://s.err.ee/photo/crop/2020/09/21/820685hbc08t5.jpg;https://services.err.ee/api/v2/series/getSeriesData?type=video
2026-05-27;1133307;1737819000;Kahe näoga mees;Portreesaated;ETV > Portreesaated;https://s.err.ee/photo/crop/2025/01/20/2696020h8b2ct5.jpg;https://services.err.ee/api/v2/series/getSeriesData?type=video
2026-05-27;1133326;1776627600;Kõhuhääl;Meelelahutus;ETV > Meelelahutus;https://s.err.ee/photo/crop/2026/04/13/3301240h208dt5.jpg;https://services.err.ee/api/v2/series/getSeriesData?type=video
2026-05-27;1133332;1643479200;Lavale loodud. Uku Suviste;Portreesaated;ETV > Portreesaated;https://s.err.ee/photo/crop/2020/05/13/778236h6dc8t5.jpg;https://services.err.ee/api/v2/series/getSeriesData?type=video
2026-05-27;1133333;1750623900;Jaak Joala laulude õhtu;Kontserdid ja muusika;Jupiter > Video > Saated > Kontserdid ja muusika;https://s.err.ee/photo/crop/2020/06/25/791286h2763t5.jpg;https://services.err.ee/api/v2/series/getSeriesData?type=video
2026-05-27;1134281;0;Normanni vallutused;Saated;Jupiter > Video > Saated;https://s.err.ee/photo/crop/2025/09/22/3024798h5287t5.jpg;https://services.err.ee/api/v2/series/getSeriesData?type=video
2026-05-27;1134544;0;27;Saated;ETV > Saated;https://s.err.ee/photo/crop/2023/06/12/1948409h202dt5.jpg;https://services.err.ee/api/v2/series/getSeriesData?type=video
2026-05-27;1134779;1702834200;Jan Uuspõld. Oma jope;Lavastused;Jupiter > Video > Saated > Lavastused;https://s.err.ee/photo/crop/2025/12/22/3134782h7d83t5.jpg;https://services.err.ee/api/v2/series/getSeriesData?type=video
2026-05-27;1135339;0;Kodune kontsert. Liisi Koikson ja Joel Remmel;Kontserdid ja muusika;Jupiter > Video > Saated > Kontserdid ja muusika;https://s.err.ee/photo/crop/2020/09/16/818749h83d5t5.jpg;https://services.err.ee/api/v2/series/getSeriesData?type=video
2026-05-27;1135348;0;Kaadris;Saated;Jupiter > Video > Saated;https://s.err.ee/photo/crop/2020/09/16/818747h1db3t5.jpg;https://services.err.ee/api/v2/series/getSeriesData?type=video
2026-05-27;1135367;0;Järvi festival. Viva! Mozart;Kontserdid ja muusika;Jupiter > Video > Saated > Kontserdid ja muusika;https://s.err.ee/photo/crop/2020/09/18/819387h2c6et5.jpg;https://services.err.ee/api/v2/series/getSeriesData?type=video
2026-05-27;1135648;0;Teatrietendus. Džinnimäng;Lavastused;Jupiter > Video > Saated > Lavastused;https://s.err.ee/photo/crop/2020/09/16/818746hfb9bt5.jpg;https://services.err.ee/api/v2/series/getSeriesData?type=video
2026-05-27;1135673;0;Sõbrad muusikas;Saated;Jupiter > Video > Saated;https://s.err.ee/photo/crop/2024/06/06/2428601h6736t5.jpg;https://services.err.ee/api/v2/series/getSeriesData?type=video
2026-05-27;1135791;0;Oma saar;Saated;Jupiter > Video > Saated;https://s.err.ee/photo/crop/2025/06/06/2892561hd459t5.jpg;https://services.err.ee/api/v2/series/getSeriesData?type=video
2026-05-27;1136144;0;Kahe sõbra lood;Komöödia;Jupiter > Video > Sarjad > Komöödia;https://s.err.ee/photo/crop/2024/03/25/2321817h5c8dt5.jpg;https://services.err.ee/api/v2/series/getSeriesData?type=video
2026-05-27;1136173;1742650200;Englas;Dokumentaalid;ETV > Dokumentaalid;https://s.err.ee/photo/crop/2025/03/17/2785448hae27t5.jpg;https://services.err.ee/api/v2/series/getSeriesData?type=video
2026-05-27;1136203;1771076700;Teadlaste öö: Armastuse valem;Eesti;Jupiter > Video > Filmid > Eesti;https://s.err.ee/photo/crop/2024/03/13/2305848h5064t5.jpg;https://services.err.ee/api/v2/series/getSeriesData?type=video
2026-05-27;1136227;1601571600;Rahvusvahelise muusikapäeva gala 2020;Kultuur;ETV > Kultuur;https://s.err.ee/photo/crop/2020/09/28/822945h09c7t5.jpg;https://services.err.ee/api/v2/series/getSeriesData?type=video
2026-05-27;1136256;1601739900;Aasta õpetaja gala 2020;Kultuur;ETV > Kultuur;https://s.err.ee/photo/crop/2020/09/29/823399h3f21t5.jpg;https://services.err.ee/api/v2/series/getSeriesData?type=video
2026-05-27;1136417;1621801200;Võtmeküsimus;Teemaõhtud;ETV2 > Teemaõhtud;https://s.err.ee/photo/crop/2020/10/02/824312h8d9dt5.jpg;https://services.err.ee/api/v2/series/getSeriesData?type=video
2026-05-27;1137376;0;Kirbuturu lood;Saated;Jupiter > Video > Saated;https://s.err.ee/photo/crop/2020/11/11/840157h17d8t5.jpg;https://services.err.ee/api/v2/series/getSeriesData?type=video
2026-05-27;1137996;0;Abistav käsi;Saated;Jupiter > Video > Saated;https://s.err.ee/photo/crop/2021/03/03/943366h737ct5.jpg;https://services.err.ee/api/v2/series/getSeriesData?type=video
2026-05-27;1138353;0;Eetriaastad. Artur Rinne;Saated;Jupiter > Video > Saated;;https://services.err.ee/api/v2/series/getSeriesData?type=video
2026-05-27;1138866;1602183900;Eesti parimad ettevõtted 2020;Saated;ETV > Saated;https://s.err.ee/photo/crop/2020/10/06/825224h88a0t5.jpg;https://services.err.ee/api/v2/series/getSeriesData?type=video
2026-05-27;1138887;1703890500;Giordano;Lühifilmid;Jupiter > Video > Filmid > Lühifilmid;https://s.err.ee/photo/crop/2020/10/06/825225h0287t5.jpg;https://services.err.ee/api/v2/series/getSeriesData?type=video
2026-05-27;1139046;1728837000;Järvidega Pärnus;Dokumentaalid;ETV2 > Dokumentaalid;https://s.err.ee/photo/crop/2024/10/08/2574568h4176t5.jpg;https://services.err.ee/api/v2/series/getSeriesData?type=video
2026-05-27;1140909;0;Ühe minuti filmid 2020 - Digikultuuriaasta;Lühifilmid;Jupiter > Video > Filmid > Lühifilmid;https://s.err.ee/photo/crop/2025/12/15/3125341h0b79t5.jpg;https://services.err.ee/api/v2/series/getSeriesData?type=video
2026-05-27;1140952;0;Kadri Voorand Quartet;Kontserdid ja muusika;Jupiter > Video > Saated > Kontserdid ja muusika;https://s.err.ee/photo/crop/2020/10/05/824973h5b09t5.jpg;https://services.err.ee/api/v2/series/getSeriesData?type=video
2026-05-27;1141748;1716022800;Ajakapslid. Meremuuseumi lugu;Saated;ETV > Saated;https://s.err.ee/photo/crop/2023/12/11/2179906h3a7dt5.jpg;https://services.err.ee/api/v2/series/getSeriesData?type=video
2026-05-27;1141764;1718089200;Eesti peaingli jälgedes;Saated;Jupiter > Video > Saated;https://s.err.ee/photo/crop/2024/04/17/2360979hf6b9t5.jpg;https://services.err.ee/api/v2/series/getSeriesData?type=video
2026-05-27;1141835;1637137800;Tartu Ülikooli mäetipu vallutamine. 30 aastat hiljem;Dokumentaalid;ETV2 > Dokumentaalid;;https://services.err.ee/api/v2/series/getSeriesData?type=video
2026-05-27;1141840;1753338300;Meemeistrite linn;Multikad;Lasteekraan > Vaata ja kuula > Video > Sarjad > Multikad;https://s.err.ee/photo/crop/2024/07/03/2460851h36d8t5.jpg;https://services.err.ee/api/v2/series/getSeriesData?type=video
2026-05-27;1142108;0;Heade mõtete suvi. Aivar Tommingas;Dokumentaal;Jupiter > Video > Filmid > Dokumentaal;;https://services.err.ee/api/v2/series/getSeriesData?type=video
2026-05-27;1142182;0;Hannes Hermaküla soovitab;Meelelahutus;Jupiter > Video > Teemad > Meelelahutus;https://s.err.ee/photo/crop/2020/10/05/824955h44bet5.jpg;https://services.err.ee/api/v2/series/getSeriesData?type=video
2026-05-27;1143195;0;Alla Pugatšova teater;Kultuur;Jupiter > Video > Teemad > Kultuur;https://s.err.ee/photo/crop/2024/01/04/2203204hda66t5.jpg;https://services.err.ee/api/v2/series/getSeriesData?type=video
2026-05-27;1143204;0;Mina, õpetaja;Portreesaated;ETV > Portreesaated;https://s.err.ee/photo/crop/2023/10/03/2097584h5e4bt5.jpg;https://services.err.ee/api/v2/series/getSeriesData?type=video
2026-05-27;1143229;0;Metslased;Saated;Jupiter > Video > Saated;https://s.err.ee/photo/crop/2024/09/05/2535782hfdd4t5.jpg;https://services.err.ee/api/v2/series/getSeriesData?type=video
2026-05-27;1144040;0;Hõimupäevad 2022;Saated;Jupiter > Video > Saated;https://s.err.ee/photo/crop/2022/09/29/1628851h3a9et5.png;https://services.err.ee/api/v2/series/getSeriesData?type=video
2026-05-27;1144506;1780782900;Disko ja tuumasõda;Dokumentaal;Jupiter > Video > Filmid > Dokumentaal;https://s.err.ee/photo/crop/2025/04/07/2815724h0f1ft5.jpg;https://services.err.ee/api/v2/series/getSeriesData?type=video
2026-05-27;1144521;1766621400;Need vanad armastuskirjad;Eesti;Jupiter > Video > Filmid > Eesti;https://s.err.ee/photo/crop/2023/10/06/2101736h3386t5.jpg;https://services.err.ee/api/v2/series/getSeriesData?type=video
2026-05-27;1144538;1694943900;Vanameeste paradiis;Eesti;Jupiter > Video > Filmid > Eesti;https://s.err.ee/photo/crop/2020/10/20/830884h7f88t5.jpg;https://services.err.ee/api/v2/series/getSeriesData?type=video
2026-05-27;1144597;1749016800;Väike nõid;Lastesaated;ETV2 > Lastesaated;https://s.err.ee/photo/crop/2023/04/28/1888058h52a0t5.jpg;https://services.err.ee/api/v2/series/getSeriesData?type=video
2026-05-27;1145892;0;Draamateater 100;Saated;Jupiter > Video > Saated;https://s.err.ee/photo/crop/2020/10/06/825392h3090t5.jpg;https://services.err.ee/api/v2/series/getSeriesData?type=video
2026-05-27;1146082;0;Maailm leekides;Draama;Jupiter > Video > Sarjad > Draama;https://s.err.ee/photo/crop/2024/02/26/2280441he231t5.jpg;https://services.err.ee/api/v2/series/getSeriesData?type=video
2026-05-27;1146416;0;Miks mitte?!;Draama;Jupiter > Video > Sarjad > Draama;https://s.err.ee/photo/crop/2020/04/09/768394h6f1ft5.jpg;https://services.err.ee/api/v2/series/getSeriesData?type=video
2026-05-27;1146755;0;Ühest priiuserüütlist. Peeter Jakobi;Dokumentaal;Jupiter > Video > Filmid > Dokumentaal;;https://services.err.ee/api/v2/series/getSeriesData?type=video
2026-05-27;1146881;0;Teatrietendus. Sügisõhtul;Lavastused;Jupiter > Video > Saated > Lavastused;https://s.err.ee/photo/crop/2020/10/14/828548h6f19t5.jpg;https://services.err.ee/api/v2/series/getSeriesData?type=video
2026-05-27;1147210;0;Rahvakunstnikud;Saated;Jupiter > Video > Saated;https://s.err.ee/photo/crop/2024/04/15/2356092h0540t5.jpg;https://services.err.ee/api/v2/series/getSeriesData?type=video
2026-05-27;1147377;1775073600;Sinine Kõrb;Portreesaated;ETV > Portreesaated;https://s.err.ee/photo/crop/2026/03/30/3283350h8dfet5.jpg;https://services.err.ee/api/v2/series/getSeriesData?type=video
2026-05-27;1147400;1778147100;"Raugematu ""Laine""";Kultuur;ETV > Kultuur;https://s.err.ee/photo/crop/2023/11/16/2153122h52b3t5.jpg;https://services.err.ee/api/v2/series/getSeriesData?type=video
2026-05-27;1147410;1703976600;Meestele;Dokumentaal;Jupiter > Video > Filmid > Dokumentaal;https://s.err.ee/photo/crop/2021/03/08/948856hd40at5.jpg;https://services.err.ee/api/v2/series/getSeriesData?type=video
2026-05-27;1148117;0;Hercule Poirot;Krimi;Jupiter > Video > Sarjad > Krimi;https://s.err.ee/photo/crop/2023/12/19/2188048h635dt5.jpg;https://services.err.ee/api/v2/series/getSeriesData?type=video
2026-05-27;1148897;0;Telelavastus. Äkki juhtub midagi;Lavastused;Jupiter > Video > Saated > Lavastused;https://s.err.ee/photo/crop/2020/10/22/832966h2f31t5.jpg;https://services.err.ee/api/v2/series/getSeriesData?type=video
2026-05-27;1149965;1762344900;Vello Salo. Igapäevaelu müstika;Dokumentaal;Jupiter > Video > Filmid > Dokumentaal;https://s.err.ee/photo/crop/2023/10/31/2131852hcfbbt5.jpg;https://services.err.ee/api/v2/series/getSeriesData?type=video
2026-05-27;1149969;1723406400;Stereo;Lühifilmid;Jupiter > Video > Filmid > Lühifilmid;https://s.err.ee/photo/crop/2024/08/05/2500261haac8t5.jpg;https://services.err.ee/api/v2/series/getSeriesData?type=video
2026-05-27;1149985;1604754900;Ervin;Saated;ETV > Saated;https://s.err.ee/photo/crop/2020/11/03/837411ha9act5.jpg;https://services.err.ee/api/v2/series/getSeriesData?type=video
2026-05-27;1150003;1775443500;Isad ja pojad. Ivo, Robert ja Albert Linna;Saated;Jupiter > Video > Saated;https://s.err.ee/photo/crop/2024/02/11/2254962hae56t5.jpg;https://services.err.ee/api/v2/series/getSeriesData?type=video
2026-05-27;1150007;1754243400;Olav Ehala 70. Juubelikontsert;Meelelahutus;ETV > Meelelahutus;https://s.err.ee/photo/crop/2020/09/28/822944hdc17t5.jpg;https://services.err.ee/api/v2/series/getSeriesData?type=video
2026-05-27;1151889;0;Teatrietendus. Juudit;Lavastused;Jupiter > Video > Saated > Lavastused;https://s.err.ee/photo/crop/2026/03/24/3274299h6416t5.jpg;https://services.err.ee/api/v2/series/getSeriesData?type=video
2026-05-27;1152245;0;Kuulsuste lahing;Saated;Jupiter > Video > Saated;https://s.err.ee/photo/crop/2024/04/09/2345274h99bat5.jpg;https://services.err.ee/api/v2/series/getSeriesData?type=video
2026-05-27;1152537;0;Eesti lipp ümber...;Saated;Jupiter > Video > Saated;https://s.err.ee/photo/crop/2025/10/13/3048279h53f9t5.jpg;https://services.err.ee/api/v2/series/getSeriesData?type=video
2026-05-27;1152659;1777982100;Aja jälg kivis. Pariisi kunstikohvikud;Saated;Jupiter > Video > Saated;https://s.err.ee/photo/crop/2025/03/31/2806709h1a52t5.jpg;https://services.err.ee/api/v2/series/getSeriesData?type=video
2026-05-27;1152708;1773663900;Pildipüüdjad;Saated;Jupiter > Video > Saated;https://s.err.ee/photo/crop/2024/10/30/2599540h1ff5t5.jpg;https://services.err.ee/api/v2/series/getSeriesData?type=video
2026-05-27;1152740;1742064600;Trollifännid;Dokumentaalid;ETV > Dokumentaalid;https://s.err.ee/photo/crop/2020/11/11/840163h2ff1t5.jpg;https://services.err.ee/api/v2/series/getSeriesData?type=video
2026-05-27;1153321;0;Kriisirulett 2020;Saated;ETV > Saated;https://s.err.ee/photo/crop/2020/12/10/859258h3f95t5.jpg;https://services.err.ee/api/v2/series/getSeriesData?type=video
2026-05-27;1153398;0;ETV huumori kuld;Saated;Jupiter > Video > Saated;https://s.err.ee/photo/crop/2020/12/02/852307h8ac3t5.jpg;https://services.err.ee/api/v2/series/getSeriesData?type=video
2026-05-27;1154390;0;Isad ja pojad;Saated;Jupiter > Video > Saated;https://s.err.ee/photo/crop/2023/11/06/2138632hd1b7t5.jpg;https://services.err.ee/api/v2/series/getSeriesData?type=video
2026-05-27;1154517;0;Fookuses fotograaf;Saated;Jupiter > Video > Saated;https://s.err.ee/photo/crop/2020/11/04/837940h1264t5.jpg;https://services.err.ee/api/v2/series/getSeriesData?type=video
2026-05-27;1154968;1718387100;Konstantin Vassiljev. Kastist väljas;Dokumentaalid;ETV2 > Dokumentaalid;https://s.err.ee/photo/crop/2021/09/22/1158458h4416t5.jpg;https://services.err.ee/api/v2/series/getSeriesData?type=video
2026-05-27;1155243;0;Teatrietendus. Teatridirektor;Lavastused;Jupiter > Video > Saated > Lavastused;https://s.err.ee/photo/crop/2020/11/05/838117hbac2t5.jpg;https://services.err.ee/api/v2/series/getSeriesData?type=video
2026-05-27;1155259;0;Roosid lõunast;Filmid;Jupiter > Video > Filmid;https://s.err.ee/photo/crop/2020/11/05/838112hecaft5.jpg;https://services.err.ee/api/v2/series/getSeriesData?type=video
2026-05-27;1155261;0;Anu Kaal operetis;Saated;Jupiter > Video > Saated;https://s.err.ee/photo/crop/2020/11/04/837939hf4bbt5.jpg;https://services.err.ee/api/v2/series/getSeriesData?type=video
2026-05-27;1155361;0;Vahemäng juulis;Dokumentaal;Jupiter > Video > Filmid > Dokumentaal;https://s.err.ee/photo/crop/2020/11/05/838181hbd0ct5.jpg;https://services.err.ee/api/v2/series/getSeriesData?type=video
2026-05-27;1155395;1766061000;Aja jälg kivis. Meie raadiomajad;Dokumentaalid;ETV > Dokumentaalid;https://s.err.ee/photo/crop/2024/09/11/2542874h32e8t5.jpg;https://services.err.ee/api/v2/series/getSeriesData?type=video
2026-05-27;1155477;1769348400;Ring ümber Ruja;Meelelahutus;ETV > Meelelahutus;https://s.err.ee/photo/crop/2023/11/24/2161918h80cet5.jpg;https://services.err.ee/api/v2/series/getSeriesData?type=video
2026-05-27;1155847;0;Noor meister;Saated;Jupiter > Video > Saated;https://s.err.ee/photo/crop/2025/01/06/2680351h1e67t5.jpg;https://services.err.ee/api/v2/series/getSeriesData?type=video
2026-05-27;1157706;0;Lemmikraamat. Janno Põldma;Saated;Jupiter > Video > Saated;https://s.err.ee/photo/crop/2025/11/06/3078348h48b7t5.jpg;https://services.err.ee/api/v2/series/getSeriesData?type=video
2026-05-27;1158132;1777757400;Tulivesi;Draama;Jupiter > Video > Filmid > Draama;https://s.err.ee/photo/crop/2024/07/24/2484517h7cdbt5.jpg;https://services.err.ee/api/v2/series/getSeriesData?type=video
2026-05-27;1158149;1606563900;Viiest viis. MK-sarja uus hooaeg;Sport;ETV > Sport;https://s.err.ee/photo/crop/2020/11/24/845064h44b6t5.jpg;https://services.err.ee/api/v2/series/getSeriesData?type=video
2026-05-27;1158175;1606668300;Jõuluootus Tartus;Saated;ETV > Saated;https://s.err.ee/photo/crop/2020/11/24/845073h5d44t5.jpg;https://services.err.ee/api/v2/series/getSeriesData?type=video
2026-05-27;1158232;1648398600;Meie sõbrad nukud;Lastesaated;ETV2 > Lastesaated;https://s.err.ee/photo/crop/2020/11/23/844832hbed2t5.jpg;https://services.err.ee/api/v2/series/getSeriesData?type=video
2026-05-27;1158322;1761913200;Konrad Mägi eluloofilm. Kunst on ainuke pääsetee;Dokumentaalid;ETV2 > Dokumentaalid;https://s.err.ee/photo/crop/2024/10/30/2599618h401ct5.jpg;https://services.err.ee/api/v2/series/getSeriesData?type=video
2026-05-27;1158813;0;Eesti Laul 2021. Videod ja etteasted;Saated;Jupiter > Video > Saated;https://s.err.ee/photo/crop/2021/02/18/927937h863ft5.jpg;https://services.err.ee/api/v2/series/getSeriesData?type=video
2026-05-27;1159682;0;"Vaiko Eplik ja Eliit ""Varielu""";Kontserdid ja muusika;Jupiter > Video > Saated > Kontserdid ja muusika;https://s.err.ee/photo/crop/2020/11/19/843772h82bet5.jpg;https://services.err.ee/api/v2/series/getSeriesData?type=video
2026-05-27;1159921;0;Las mind vaata tagasi... Voldemar Panso;Saated;Jupiter > Video > Saated;https://s.err.ee/photo/crop/2020/11/19/843770h812ft5.jpg;https://services.err.ee/api/v2/series/getSeriesData?type=video
2026-05-27;1160823;1764678000;Martin Veinmann. Elu keset teatrit;Kultuur;ETV > Kultuur;https://s.err.ee/photo/crop/2025/12/01/3109344hb95bt5.jpg;https://services.err.ee/api/v2/series/getSeriesData?type=video
2026-05-27;1160839;1767177300;Aga miks ka mitte. Kuldne Trio;Meelelahutus;ETV > Meelelahutus;https://s.err.ee/photo/crop/2020/12/02/852301hc016t5.jpg;https://services.err.ee/api/v2/series/getSeriesData?type=video
2026-05-27;1160856;1615472700;Lugu tuleb või?;Saated;ETV > Saated;;https://services.err.ee/api/v2/series/getSeriesData?type=video
2026-05-27;1160989;1752128700;Europop '96;Lastele;ETV2 > Lastele;https://s.err.ee/photo/crop/2025/07/08/2933076h966ft5.jpg;https://services.err.ee/api/v2/series/getSeriesData?type=video
2026-05-27;1162228;0;Plekktrummi raamatud;Saated;ETV2 > Saated;https://s.err.ee/photo/crop/2021/01/07/883018ha543t5.png;https://services.err.ee/api/v2/series/getSeriesData?type=video
2026-05-27;1162245;0;Laskesuusatamise MK etapid;Sport;Jupiter > Video > Teemad > Sport;https://s.err.ee/photo/crop/2024/11/28/2636179hb132t5.jpg;https://services.err.ee/api/v2/series/getSeriesData?type=video
2026-05-27;1162615;0;Teatrietendus. Kullervo;Lavastused;Jupiter > Video > Saated > Lavastused;https://s.err.ee/photo/crop/2020/11/25/845851hae97t5.jpg;https://services.err.ee/api/v2/series/getSeriesData?type=video
2026-05-27;1163581;0;Üle noatera;Saated;Jupiter > Video > Saated;https://s.err.ee/photo/crop/2020/11/30/850030h888bt5.jpg;https://services.err.ee/api/v2/series/getSeriesData?type=video
2026-05-27;1170892;0;Shetland;Krimi;Jupiter > Video > Sarjad > Krimi;https://s.err.ee/photo/crop/2026/02/09/3194357h5c04t5.jpg;https://services.err.ee/api/v2/series/getSeriesData?type=video
2026-05-27;1191106;1772971800;Koma;Dokumentaal;Jupiter > Video > Filmid > Dokumentaal;https://s.err.ee/photo/crop/2026/03/03/3236567hdda9t5.jpg;https://services.err.ee/api/v2/series/getSeriesData?type=video
2026-05-27;1191109;1607632500;Aasta arhitektuuripreemiad 2020;Kultuur;ETV > Kultuur;https://s.err.ee/photo/crop/2020/12/07/856927h27f8t5.jpg;https://services.err.ee/api/v2/series/getSeriesData?type=video
2026-05-27;1191253;1607805000;Eesti Kunstimuuseum 100;Dokumentaalid;ETV2 > Dokumentaalid;https://s.err.ee/photo/crop/2020/12/07/856939h89e6t5.jpg;https://services.err.ee/api/v2/series/getSeriesData?type=video
2026-05-27;1194586;1764764700;Maagiline Kaljo Kiisk;Saated;Jupiter > Video > Saated;https://s.err.ee/photo/crop/2025/12/01/3110322hc0aat5.jpg;https://services.err.ee/api/v2/series/getSeriesData?type=video
2026-05-27;1194853;1756813800;Quando, Quando;Saated;Jupiter > Video > Saated;https://s.err.ee/photo/crop/2024/06/04/2425880h4335t5.jpg;https://services.err.ee/api/v2/series/getSeriesData?type=video
2026-05-27;1194922;1657216800;Sõmerpalu magnet. Leokite dünastia;Dokumentaal;Jupiter > Video > Filmid > Dokumentaal;https://s.err.ee/photo/crop/2020/06/15/788664h7924t5.jpg;https://services.err.ee/api/v2/series/getSeriesData?type=video
2026-05-27;1195369;1766709900;Lammaste jõulud;Dokumentaalid;ETV2 > Dokumentaalid;https://s.err.ee/photo/crop/2025/12/22/3134821h7934t5.jpg;https://services.err.ee/api/v2/series/getSeriesData?type=video
2026-05-27;1199989;0;Meenutades Heljo Mändi;Saated;Jupiter > Video > Saated;https://s.err.ee/photo/crop/2020/12/08/858073hd90dt5.jpg;https://services.err.ee/api/v2/series/getSeriesData?type=video
2026-05-27;1200169;1766315100;Einari Koppel rollideprismas;Dokumentaal;Jupiter > Video > Filmid > Dokumentaal;https://s.err.ee/photo/crop/2025/12/15/3125284hf1e9t5.jpg;https://services.err.ee/api/v2/series/getSeriesData?type=video
2026-05-27;1200199;1766322900;Meloodia 68;Kontserdid ja muusika;Jupiter > Video > Saated > Kontserdid ja muusika;https://s.err.ee/photo/crop/2024/04/05/2339952h8c34t5.jpg;https://services.err.ee/api/v2/series/getSeriesData?type=video
2026-05-27;1202740;1734847200;Flamenko ja hapukapsad;Dokumentaalid;ETV > Dokumentaalid;https://s.err.ee/photo/crop/2021/12/07/1270457h92f1t5.jpg;https://services.err.ee/api/v2/series/getSeriesData?type=video
2026-05-27;1202812;1608665400;Intervjuu president Kersti Kaljulaidiga 2020;Saated;ETV > Saated;https://s.err.ee/photo/crop/2020/12/22/871159h73aet5.jpg;https://services.err.ee/api/v2/series/getSeriesData?type=video
2026-05-27;1202821;1766530500;Kaitseinglid;Dokumentaalid;ETV > Dokumentaalid;https://s.err.ee/photo/crop/2022/12/23/1723525hcea1t5.jpg;https://services.err.ee/api/v2/series/getSeriesData?type=video
2026-05-27;1202827;1767001500;Telelavastus. Pisuhänd;Lavastused;Jupiter > Video > Saated > Lavastused;https://s.err.ee/photo/crop/2021/04/27/992593h4067t5.jpg;https://services.err.ee/api/v2/series/getSeriesData?type=video
2026-05-27;1202881;1751125500;Nalja nabani 2019;Meelelahutus;ETV > Meelelahutus;https://s.err.ee/photo/crop/2024/06/17/2440217h960at5.jpg;https://services.err.ee/api/v2/series/getSeriesData?type=video
2026-05-27;1202893;1735133400;Jõulupuu ehtimise lugu;Saated;ETV > Saated;https://s.err.ee/photo/crop/2024/12/23/2669608hebf5t5.jpg;https://services.err.ee/api/v2/series/getSeriesData?type=video
2026-05-27;1202911;1735035900;Jõulud teleringis;Meelelahutus;ETV > Meelelahutus;https://s.err.ee/photo/crop/2020/12/17/866377hcf7dt5.jpg;https://services.err.ee/api/v2/series/getSeriesData?type=video
2026-05-27;1202929;1766766000;Imeline jõuluaeg. Laulavad Maarja-Liis Ilus, Ott Lepland ja Noorkuu;Meelelahutus;ETV > Meelelahutus;https://s.err.ee/photo/crop/2022/12/21/1721167h8dfat5.jpg;https://services.err.ee/api/v2/series/getSeriesData?type=video
2026-05-27;1202947;1703586600;Jõuluime;Kultuur;ETV > Kultuur;https://s.err.ee/photo/crop/2022/12/22/1722292hfadat5.jpg;https://services.err.ee/api/v2/series/getSeriesData?type=video
2026-05-27;1202956;1742754600;Georg Otsa laulude õhtu - Valter Soosalu, Marko Matvere, Jassi Zahharov ja Märt Avandi;Kontserdid ja muusika;Jupiter > Video > Saated > Kontserdid ja muusika;https://s.err.ee/photo/crop/2025/03/17/2785487h27b1t5.jpg;https://services.err.ee/api/v2/series/getSeriesData?type=video
2026-05-27;1202980;1766610900;Dave Bentoni jõulukontsert;Meelelahutus;ETV > Meelelahutus;https://s.err.ee/photo/crop/2020/12/16/865366h8b2et5.jpg;https://services.err.ee/api/v2/series/getSeriesData?type=video
2026-05-27;1202986;1734893100;Muinaslugu sinilinnust;Kontserdid ja muusika;Jupiter > Video > Saated > Kontserdid ja muusika;https://s.err.ee/photo/crop/2024/12/16/2657632h3389t5.jpg;https://services.err.ee/api/v2/series/getSeriesData?type=video
2026-05-27;1202992;1766698500;Jõulusokk;Meelelahutus;ETV > Meelelahutus;https://s.err.ee/photo/crop/2022/12/23/1723531h5670t5.jpg;https://services.err.ee/api/v2/series/getSeriesData?type=video
2026-05-27;1203004;1749888900;Eri Klas. Õnnelik inimene;Saated;Jupiter > Video > Saated;https://s.err.ee/photo/crop/2024/06/05/2427011hab41t5.jpg;https://services.err.ee/api/v2/series/getSeriesData?type=video
2026-05-27;1203034;1716703200;Vseviov;Dokumentaalid;ETV > Dokumentaalid;https://s.err.ee/photo/crop/2024/05/24/2410527hcb59t5.jpg;https://services.err.ee/api/v2/series/getSeriesData?type=video
2026-05-27;1203046;1656262500;Leelo Tungal. Hea lapse usku;Saated;Jupiter > Video > Saated;https://s.err.ee/photo/crop/2022/06/21/1517458h0c35t5.jpg;https://services.err.ee/api/v2/series/getSeriesData?type=video
2026-05-27;1203055;1766667300;Kaunimad jõululaulud;Meelelahutus;ETV > Meelelahutus;https://s.err.ee/photo/crop/2025/12/15/3124720h76b9t5.jpg;https://services.err.ee/api/v2/series/getSeriesData?type=video
2026-05-27;1203064;1703075400;Jõulud tulid ikka;Dokumentaalid;ETV > Dokumentaalid;https://s.err.ee/photo/crop/2023/12/18/2188018hf552t5.jpg;https://services.err.ee/api/v2/series/getSeriesData?type=video
2026-05-27;1203082;1766717400;Vallatud Vestid ja sõbrad;Meelelahutus;ETV > Meelelahutus;https://s.err.ee/photo/crop/2025/09/29/3033693h74eat5.jpg;https://services.err.ee/api/v2/series/getSeriesData?type=video
2026-05-27;1203106;1766208600;Pööripäev;Saated;Jupiter > Video > Saated;https://s.err.ee/photo/crop/2025/12/19/3130948h2d21t5.jpg;https://services.err.ee/api/v2/series/getSeriesData?type=video
2026-05-27;1203109;1754852400;Veljo Tormis 90. Tormis ja tuules;Dokumentaalid;ETV2 > Dokumentaalid;https://s.err.ee/photo/crop/2025/07/31/2962890h130ft5.jpg;https://services.err.ee/api/v2/series/getSeriesData?type=video
2026-05-27;1203112;1767153900;Suuri näitlejaid: Jan Uuspõld;Portreesaated;ETV2 > Portreesaated;https://s.err.ee/photo/crop/2024/12/16/2657635he259t5.jpg;https://services.err.ee/api/v2/series/getSeriesData?type=video
2026-05-27;1203154;1771448100;Jaan Kross. Köielkõndija;Saated;Jupiter > Video > Saated;https://s.err.ee/photo/crop/2025/02/17/2740103h4b74t5.jpg;https://services.err.ee/api/v2/series/getSeriesData?type=video
2026-05-27;1203169;1608622200;Valguse säras. Lasteekraani Muusikastuudio 25;Lastele;ETV2 > Lastele;https://s.err.ee/photo/crop/2020/12/22/871189h87dct5.png;https://services.err.ee/api/v2/series/getSeriesData?type=video
2026-05-27;1203184;1780218900;Uno Loop. Armastuse värvid;Saated;Jupiter > Video > Saated;https://s.err.ee/photo/crop/2025/05/26/2878347h77bbt5.jpg;https://services.err.ee/api/v2/series/getSeriesData?type=video
2026-05-27;1203268;1755440100;Sünnipäevaintervjuu. Andrus Kivirähk;Dokumentaalid;ETV2 > Dokumentaalid;https://s.err.ee/photo/crop/2025/08/12/2971638h87b7t5.jpg;https://services.err.ee/api/v2/series/getSeriesData?type=video
2026-05-27;1203271;1608727800;Jõulutähed. Saara Pius, Stig Rästa ja Victor Crone;Kontserdid ja muusika;Jupiter > Video > Saated > Kontserdid ja muusika;https://s.err.ee/photo/crop/2021/12/20/1284461h0a92t5.jpg;https://services.err.ee/api/v2/series/getSeriesData?type=video
2026-05-27;1203313;1640453400;Eesti Filharmoonia Kammerkoor. Jõul;Kontserdid;ETV2 > Kontserdid;https://s.err.ee/photo/crop/2020/12/21/870745h7157t5.jpg;https://services.err.ee/api/v2/series/getSeriesData?type=video
2026-05-27;1203340;1742751000;Georg Ots. Tavaline inimene;Saated;Jupiter > Video > Saated;https://s.err.ee/photo/crop/2024/03/18/2312877hdcc5t5.jpg;https://services.err.ee/api/v2/series/getSeriesData?type=video
2026-05-27;1203415;1753905900;Olav Ehala. Helide redelil;Saated;Jupiter > Video > Saated;https://s.err.ee/photo/crop/2024/07/29/2490973ha633t5.jpg;https://services.err.ee/api/v2/series/getSeriesData?type=video
2026-05-27;1203511;1777813200;Perekonnata;Lastefilmid;ETV2 > Lastefilmid;https://s.err.ee/photo/crop/2023/11/23/2160676h68b9t5.jpg;https://services.err.ee/api/v2/series/getSeriesData?type=video
2026-05-27;1204204;0;Vahur Kersna. Jäljed tähetolmus;Portreesaated;ETV > Portreesaated;https://s.err.ee/photo/crop/2024/04/15/2356071hb2fft5.jpg;https://services.err.ee/api/v2/series/getSeriesData?type=video
2026-05-27;1205863;0;Teatrietendus. Leekrüübe;Lavastused;Jupiter > Video > Saated > Lavastused;https://s.err.ee/photo/crop/2020/12/09/858895hd6a4t5.jpg;https://services.err.ee/api/v2/series/getSeriesData?type=video
2026-05-27;1207234;0;Teatrietendus. Arkaadia;Lavastused;Jupiter > Video > Saated > Lavastused;https://s.err.ee/photo/crop/2026/03/24/3274611hd252t5.jpg;https://services.err.ee/api/v2/series/getSeriesData?type=video
2026-05-27;1207261;0;Pühadeks valmis retrostiilis;Saated;Jupiter > Video > Saated;https://s.err.ee/photo/crop/2020/12/15/864961he2edt5.jpg;https://services.err.ee/api/v2/series/getSeriesData?type=video
2026-05-27;1207540;0;Uued õed;Draama;Jupiter > Video > Sarjad > Draama;https://s.err.ee/photo/crop/2023/03/08/1819811hcf09t5.jpg;https://services.err.ee/api/v2/series/getSeriesData?type=video
2026-05-27;1210276;0;Eesti korvpall 90;Saated;Jupiter > Video > Saated;;https://services.err.ee/api/v2/series/getSeriesData?type=video
2026-05-27;1210627;0;Retromultikad;Filmid;Jupiter > Video > Filmid;https://s.err.ee/photo/crop/2020/12/26/874291h9225t5.jpg;https://services.err.ee/api/v2/series/getSeriesData?type=video
2026-05-27;1210816;1723316400;Telelavastus. Kallid külalised;Lavastused;Jupiter > Video > Saated > Lavastused;https://s.err.ee/photo/crop/2020/12/21/870607h81a7t5.jpg;https://services.err.ee/api/v2/series/getSeriesData?type=video
2026-05-27;1210849;1609183800;2020 Aktuaalses kaameras;Saated;ETV > Saated;https://s.err.ee/photo/crop/2020/12/21/870478hbef0t5.jpg;https://services.err.ee/api/v2/series/getSeriesData?type=video
2026-05-27;1210852;1753641000;Olümpiatuli Tallinnas. 40 aastat hiljem;Sport;ETV > Sport;https://s.err.ee/photo/crop/2020/08/17/806985h4fb0t5.jpg;https://services.err.ee/api/v2/series/getSeriesData?type=video
2026-05-27;1210867;1735811400;"Hortensia ütles ""P...sse!""";Meelelahutus;ETV > Meelelahutus;https://s.err.ee/photo/crop/2021/08/10/1105584hfdbft5.jpg;https://services.err.ee/api/v2/series/getSeriesData?type=video
2026-05-27;1210870;1719147300;FIX 50;Kultuur;ETV > Kultuur;https://s.err.ee/photo/crop/2024/06/20/2443478h2afat5.jpg;https://services.err.ee/api/v2/series/getSeriesData?type=video
2026-05-27;1210879;1750645800;Kelle laul on lauldud. Paroodiad Linnateatri näitlejatelt;Saated;Jupiter > Video > Saated;https://s.err.ee/photo/crop/2025/06/21/2907654h2486t5.jpg;https://services.err.ee/api/v2/series/getSeriesData?type=video
2026-05-27;1210891;1718794500;Manitski maailm. Marko Reikopi intervjuu Jaan Manitskiga;Saated;Jupiter > Video > Saated;https://s.err.ee/photo/crop/2024/06/17/2439437ha20at5.jpg;https://services.err.ee/api/v2/series/getSeriesData?type=video
2026-05-27;1210912;1753778700;Oleg Sõlg - naised ja muusika!;Portreesaated;ETV > Portreesaated;https://s.err.ee/photo/crop/2021/07/19/1078932h14b0t5.png;https://services.err.ee/api/v2/series/getSeriesData?type=video
2026-05-27;1210915;1772964900;Elusäde;Portreesaated;ETV > Portreesaated;https://s.err.ee/photo/crop/2024/12/23/2667934h90bft5.jpg;https://services.err.ee/api/v2/series/getSeriesData?type=video
2026-05-27;1210921;1675083000;Meri on, meri jääb. Kihnu Virve;Portreesaated;ETV > Portreesaated;https://s.err.ee/photo/crop/2023/01/20/1755656h4d7ct5.jpg;https://services.err.ee/api/v2/series/getSeriesData?type=video
2026-05-27;1210927;1767342600;Eesti muusikute salajutud;Meelelahutus;ETV > Meelelahutus;https://s.err.ee/photo/crop/2024/08/05/2500219h773dt5.jpg;https://services.err.ee/api/v2/series/getSeriesData?type=video
2026-05-27;1210930;1740943200;Telelavastus. Vigased pruudid;Lavastused;Jupiter > Video > Saated > Lavastused;https://s.err.ee/photo/crop/2024/07/24/2484598hcccat5.jpg;https://services.err.ee/api/v2/series/getSeriesData?type=video
2026-05-27;1210933;1609321800;Lumekuninganna;Etendused;Lasteekraan > Vaata ja kuula > Video > Etendused;https://s.err.ee/photo/crop/2024/01/02/2201228h48fat5.jpg;https://services.err.ee/api/v2/series/getSeriesData?type=video
2026-05-27;1210936;1609332300;Teatrietendus. Kremli ööbikud;Meelelahutus;ETV > Meelelahutus;https://s.err.ee/photo/crop/2020/12/21/870373h18bbt5.jpg;https://services.err.ee/api/v2/series/getSeriesData?type=video
2026-05-27;1210948;1642259100;Gurmeeintervjuu. Dmitri Demjanov;Saated;Jupiter > Video > Saated;https://s.err.ee/photo/crop/2020/12/28/876025h1c96t5.jpg;https://services.err.ee/api/v2/series/getSeriesData?type=video
2026-05-27;1210954;1778317200;Eve Kivi. Diivana elatud elu;Saated;Jupiter > Video > Saated;https://s.err.ee/photo/crop/2024/05/07/2383011h0e80t5.jpg;https://services.err.ee/api/v2/series/getSeriesData?type=video
2026-05-27;1210963;1609356600;Suur aastalõpuviktoriin 2020;Meelelahutus;ETV > Meelelahutus;https://s.err.ee/photo/crop/2020/12/25/873817h5778t5.jpg;https://services.err.ee/api/v2/series/getSeriesData?type=video
2026-05-27;1210972;1751840700;Karl-Erik Taukar Saku Suurhallis;Kontserdid ja muusika;Jupiter > Video > Saated > Kontserdid ja muusika;https://s.err.ee/photo/crop/2024/06/18/2441099h9677t5.jpg;https://services.err.ee/api/v2/series/getSeriesData?type=video
2026-05-27;1210978;1775406900;Igihaljas vaatemäng;Lavastused;Jupiter > Video > Saated > Lavastused;https://s.err.ee/photo/crop/2024/04/01/2333484h2989t5.jpg;https://services.err.ee/api/v2/series/getSeriesData?type=video
2026-05-27;1210981;1753544700;Eksklusiivintervjuu Reet Ojaga;Portreesaated;ETV > Portreesaated;https://s.err.ee/photo/crop/2025/07/21/2954427hfa64t5.jpg;https://services.err.ee/api/v2/series/getSeriesData?type=video
2026-05-27;1210984;1766667000;Kaamera käib! Võte!!!;Saated;Jupiter > Video > Saated;https://s.err.ee/photo/crop/2025/01/02/2678329h92d9t5.jpg;https://services.err.ee/api/v2/series/getSeriesData?type=video
2026-05-27;1210993;1778864400;12 punkti! Eurovisiooni hitid;Saated;Jupiter > Video > Saated;https://s.err.ee/photo/crop/2024/02/09/2250813h65edt5.jpg;https://services.err.ee/api/v2/series/getSeriesData?type=video
2026-05-27;1211002;1753644600;Tallinna Olümpiaregatt 40. Olümpiamuusika kontsert;Saated;ETV > Saated;https://s.err.ee/photo/crop/2020/08/04/804022h9994t5.jpg;https://services.err.ee/api/v2/series/getSeriesData?type=video
2026-05-27;1211005;1767234000;Tujurikkuja parimad palad;Meelelahutus;ETV > Meelelahutus;;https://services.err.ee/api/v2/series/getSeriesData?type=video
2026-05-27;1211008;1704048600;Rahvasaadik Pius;Meelelahutus;ETV > Meelelahutus;https://s.err.ee/photo/crop/2023/12/27/2196400h32c1t5.jpg;https://services.err.ee/api/v2/series/getSeriesData?type=video
2026-05-27;1211029;1640811600;Otse eetrist 2020;Saated;ETV > Saated;https://s.err.ee/photo/crop/2020/12/30/877678h0088t5.jpg;https://services.err.ee/api/v2/series/getSeriesData?type=video
2026-05-27;1211071;1640814000;Amarillo. Tarmo Pihlapi kustumatud hitid;Kontserdid ja muusika;Jupiter > Video > Saated > Kontserdid ja muusika;https://s.err.ee/photo/crop/2020/12/25/873787h2431t5.jpg;https://services.err.ee/api/v2/series/getSeriesData?type=video
2026-05-27;1211086;1767228900;Tantsumaraton;Kultuur;ETV > Kultuur;https://s.err.ee/photo/crop/2025/12/22/3134785h8ab4t5.jpg;https://services.err.ee/api/v2/series/getSeriesData?type=video
2026-05-27;1211092;1768481400;Ahvatluste tund;Filmid;Jupiter > Video > Filmid;https://s.err.ee/photo/crop/2025/03/31/2807534hf461t5.jpg;https://services.err.ee/api/v2/series/getSeriesData?type=video
2026-05-27;1211098;1750927500;Teisikud;Eesti;Jupiter > Video > Filmid > Eesti;https://s.err.ee/photo/crop/2024/04/26/2371524h1142t5.jpg;https://services.err.ee/api/v2/series/getSeriesData?type=video
2026-05-27;1211107;1768069800;Siin me oleme!;Eesti;Jupiter > Video > Filmid > Eesti;https://s.err.ee/photo/crop/2023/11/06/2138644h51c3t5.jpg;https://services.err.ee/api/v2/series/getSeriesData?type=video
2026-05-27;1211119;1609520400;Eesti Kontserdi uusaastakontsert;Kultuur;ETV > Kultuur;;https://services.err.ee/api/v2/series/getSeriesData?type=video
2026-05-27;1211131;1768421100;Sulev Nõmmik. Rohkem kui Ärni;Portreesaated;ETV > Portreesaated;https://s.err.ee/photo/crop/2020/12/25/873814h7076t5.jpg;https://services.err.ee/api/v2/series/getSeriesData?type=video
2026-05-27;1211149;1777621200;Viimne reliikvia;Eesti;Jupiter > Video > Filmid > Eesti;https://s.err.ee/photo/crop/2020/04/27/773637ha710t5.jpg;https://services.err.ee/api/v2/series/getSeriesData?type=video
2026-05-27;1211155;1767132900;Võidab see, kellel on kõige hullem mees;Kultuur;ETV > Kultuur;https://s.err.ee/photo/crop/2025/12/19/3131626h4ebet5.jpg;https://services.err.ee/api/v2/series/getSeriesData?type=video
2026-05-27;1211170;1750960500;Jaak Joala 70. Juubelikontsert Naerata;Meelelahutus;ETV > Meelelahutus;https://s.err.ee/photo/crop/2024/02/23/2273430h6062t5.jpg;https://services.err.ee/api/v2/series/getSeriesData?type=video
2026-05-27;1211179;1750679100;Teatrietendus. Säärane mulk ehk Sada vakka tangusoola;Lavastused;Jupiter > Video > Saated > Lavastused;https://s.err.ee/photo/crop/2022/05/18/1478074h8b4ct5.jpg;https://services.err.ee/api/v2/series/getSeriesData?type=video
2026-05-27;1211236;1687626900;Olav Ehala 70. Juubelikontsert;Kontserdid ja muusika;Jupiter > Video > Saated > Kontserdid ja muusika;;https://services.err.ee/api/v2/series/getSeriesData?type=video
2026-05-27;1211257;1761995100;Merle Palmiste. Elulaval;Saated;ETV2 > Saated;https://s.err.ee/photo/crop/2025/10/29/3068922h45cdt5.jpg;https://services.err.ee/api/v2/series/getSeriesData?type=video
2026-05-27;1211299;1679775600;Cabaret Siberia;Lavastused;ETV2 > Lavastused;https://s.err.ee/photo/crop/2020/12/21/870394h1a47t5.jpg;https://services.err.ee/api/v2/series/getSeriesData?type=video
2026-05-27;1211311;1737898800;Laanetaguse suvi;Lastefilmid;Lasteekraan > Vaata ja kuula > Video > Filmid > Lastefilmid;https://s.err.ee/photo/crop/2024/07/29/2490985h89d7t5.jpg;https://services.err.ee/api/v2/series/getSeriesData?type=video
2026-05-27;1211350;1777650600;Kunksmoor;Vanad lemmikud;Lasteekraan > Vaata ja kuula > Teemad > Vanad lemmikud;https://s.err.ee/photo/crop/2024/06/10/2432069h4466t5.jpg;https://services.err.ee/api/v2/series/getSeriesData?type=video
2026-05-27;1211374;1775346300;Telelavastus. Pulmatragöödia;Lavastused;Jupiter > Video > Saated > Lavastused;https://s.err.ee/photo/crop/2025/01/02/2678260he9c0t5.jpg;https://services.err.ee/api/v2/series/getSeriesData?type=video
2026-05-27;1211401;1780817100;Jussikese seitse sõpra;Multikad;ETV2 > Multikad;https://s.err.ee/photo/crop/2024/07/19/2478901h20d8t5.jpg;https://services.err.ee/api/v2/series/getSeriesData?type=video
2026-05-27;1211467;1771974000;Meri ja Orav;Lavastused;ETV2 > Lavastused;https://s.err.ee/photo/crop/2025/03/24/2798342h7658t5.jpg;https://services.err.ee/api/v2/series/getSeriesData?type=video
2026-05-27;1211473;1771910700;Eesti Vabariigi hümn;Saated;ETV2 > Saated;;https://services.err.ee/api/v2/series/getSeriesData?type=video
2026-05-27;1211509;1766347200;Mari Lill. Jääda heaks;Saated;Jupiter > Video > Saated;https://s.err.ee/photo/crop/2020/12/18/868075he18ft5.jpg;https://services.err.ee/api/v2/series/getSeriesData?type=video
2026-05-27;1211518;1765027500;Telelavastus. Kuulsuse narrid;Lavastused;Jupiter > Video > Saated > Lavastused;https://s.err.ee/photo/crop/2024/04/05/2339910h96d1t5.jpg;https://services.err.ee/api/v2/series/getSeriesData?type=video
2026-05-27;1211596;1767459900;Hei, kelgule!;Lastesaated;ETV2 > Lastesaated;https://s.err.ee/photo/crop/2024/12/26/2671957h8edet5.jpg;https://services.err.ee/api/v2/series/getSeriesData?type=video
2026-05-27;1212076;0;Kodukäijad;Saated;Jupiter > Video > Saated;https://s.err.ee/photo/crop/2024/06/06/2428484h67dbt5.jpg;https://services.err.ee/api/v2/series/getSeriesData?type=video
2026-05-27;1212085;0;Aasta säravaimad tähed;Pühad ETV-ga;ETV > Pühad ETV-ga;https://s.err.ee/photo/crop/2020/12/23/872869h4bd4t5.jpg;https://services.err.ee/api/v2/series/getSeriesData?type=video
2026-05-27;1213225;0;Kümnendite jõulumuusika;Kontserdid ja muusika;Jupiter > Video > Saated > Kontserdid ja muusika;https://s.err.ee/photo/crop/2020/12/18/868627h182et5.jpg;https://services.err.ee/api/v2/series/getSeriesData?type=video
2026-05-27;1214758;0;Suus sulav Eesti. Jõulud;Saated;Jupiter > Video > Saated;https://s.err.ee/photo/crop/2020/12/17/866383ha576t5.jpg;https://services.err.ee/api/v2/series/getSeriesData?type=video
2026-05-27;1215130;1769856000;Dave Benton. Natukene eestlane;Portreesaated;ETV > Portreesaated;;https://services.err.ee/api/v2/series/getSeriesData?type=video
2026-05-27;1215286;0;Namaste;Saated;Jupiter > Video > Saated;https://s.err.ee/photo/crop/2024/09/04/2534624hd866t5.jpg;https://services.err.ee/api/v2/series/getSeriesData?type=video
2026-05-27;1216390;1770849000;Prazdnik;Dokumentaal;Jupiter > Video > Filmid > Dokumentaal;https://s.err.ee/photo/crop/2026/02/09/3194024he78ct5.jpg;https://services.err.ee/api/v2/series/getSeriesData?type=video
2026-05-27;1217113;0;Teatrietendus. Kolm korda üle õla;Lavastused;Jupiter > Video > Saated > Lavastused;https://s.err.ee/photo/crop/2026/04/24/3397609hd93ct5.jpg;https://services.err.ee/api/v2/series/getSeriesData?type=video
2026-05-27;1217929;1690060200;Gloria, endine Pariis;Saated;Jupiter > Video > Saated;https://s.err.ee/photo/crop/2021/07/06/1062414h379at5.jpg;https://services.err.ee/api/v2/series/getSeriesData?type=video
2026-05-27;1218010;1735776600;Koleilus 2020;Kultuur;ETV > Kultuur;https://s.err.ee/photo/crop/2024/12/31/2676694h260dt5.jpg;https://services.err.ee/api/v2/series/getSeriesData?type=video
2026-05-27;1218025;1676495400;Marju Lepajõe. Päevade sõnad;Portreesaated;ETV > Portreesaated;https://s.err.ee/photo/crop/2026/01/14/3154018h7994t5.jpg;https://services.err.ee/api/v2/series/getSeriesData?type=video
2026-05-27;1218127;1691006700;Leonhard Lapin. Protsess;Dokumentaal;Jupiter > Video > Filmid > Dokumentaal;https://s.err.ee/photo/crop/2021/01/04/881137hfadft5.jpg;https://services.err.ee/api/v2/series/getSeriesData?type=video
2026-05-27;1218220;1776677400;Arvo Kruusement. Filmirežissöör;Saated;Jupiter > Video > Saated;https://s.err.ee/photo/crop/2020/12/17/866374hcce6t5.jpg;https://services.err.ee/api/v2/series/getSeriesData?type=video
2026-05-27;1218343;1701348000;Minu hajameelne keha;Elu - ja haridusssaated;ETV2 > Elu - ja haridusssaated;https://s.err.ee/photo/crop/2021/01/06/882289h3687t5.jpg;https://services.err.ee/api/v2/series/getSeriesData?type=video
2026-05-27;1218478;1609960200;Noortebänd 2020;Kontserdid;ETV2 > Kontserdid;https://s.err.ee/photo/crop/2021/01/06/882442haaa2t5.jpg;https://services.err.ee/api/v2/series/getSeriesData?type=video
2026-05-27;1218508;1735565400;Sipsiku laulud;Lastesaated;ETV2 > Lastesaated;https://s.err.ee/photo/crop/2020/12/29/876694h25e2t5.png;https://services.err.ee/api/v2/series/getSeriesData?type=video
2026-05-27;1218670;1610227800;Kodused kontserdid. Liina Saar;Kontserdid;ETV2 > Kontserdid;https://s.err.ee/photo/crop/2021/01/05/881959h0458t5.jpg;https://services.err.ee/api/v2/series/getSeriesData?type=video
2026-05-27;1219450;0;Laulu lugu;Kultuur;ETV > Kultuur;https://s.err.ee/photo/crop/2023/12/11/2180278h968dt5.jpg;https://services.err.ee/api/v2/series/getSeriesData?type=video
2026-05-27;1224265;1777025400;Tõde ja õigus. Filmi lugu;Saated;Jupiter > Video > Saated;https://s.err.ee/photo/crop/2024/04/16/2359257h6c68t5.jpg;https://services.err.ee/api/v2/series/getSeriesData?type=video
2026-05-27;1224298;1760789100;Lauri Vasar. Bariton maailmalaval;Portreesaated;ETV > Portreesaated;https://s.err.ee/photo/crop/2025/10/13/3049377h3328t5.jpg;https://services.err.ee/api/v2/series/getSeriesData?type=video
2026-05-27;1224313;1751134500;Kuldsed hääled;Filmid;ETV > Filmid;https://s.err.ee/photo/crop/2024/01/19/2221605h3067t5.jpg;https://services.err.ee/api/v2/series/getSeriesData?type=video
2026-05-27;1224337;1705778700;Tõnu Aav. Ilma naljata;Portreesaated;ETV > Portreesaated;https://s.err.ee/photo/crop/2023/01/03/1731661h0cb0t5.jpg;https://services.err.ee/api/v2/series/getSeriesData?type=video
2026-05-27;1225594;0;Täna 30 aastat tagasi;Saated;ETV > Saated;https://s.err.ee/photo/crop/2021/01/13/888673hbda2t5.jpg;https://services.err.ee/api/v2/series/getSeriesData?type=video
2026-05-27;1227565;0;Intervjuu peaminister Jüri Ratasega;Saated;Jupiter > Video > Saated;https://s.err.ee/photo/crop/2021/01/04/881191hdcdbt5.jpg;https://services.err.ee/api/v2/series/getSeriesData?type=video
2026-05-27;1228528;0;Mark Soosaar. Kollektsioon;Dokumentaal;Jupiter > Video > Filmid > Dokumentaal;https://s.err.ee/photo/crop/2021/01/08/884140h0059t5.jpg;https://services.err.ee/api/v2/series/getSeriesData?type=video
2026-05-27;1229758;0;Homme saabub paradiis;Dokumentaal;Jupiter > Video > Filmid > Dokumentaal;https://s.err.ee/photo/crop/2021/01/11/886249h2081t5.jpg;https://services.err.ee/api/v2/series/getSeriesData?type=video
2026-05-27;1229797;0;Sulev Nõmmik;Dokumentaal;Jupiter > Video > Filmid > Dokumentaal;https://s.err.ee/photo/crop/2021/01/06/882544h66aft5.jpg;https://services.err.ee/api/v2/series/getSeriesData?type=video
2026-05-27;1230838;1768214100;Mees Manijast;Portreesaated;ETV > Portreesaated;https://s.err.ee/photo/crop/2026/01/12/3151447hce97t5.jpg;https://services.err.ee/api/v2/series/getSeriesData?type=video
2026-05-27;1230919;1738137600;Rakett 69. Kümme aastat teadusorbiidil;Saated;ETV > Saated;https://s.err.ee/photo/crop/2024/02/19/2265480h07b7t5.jpg;https://services.err.ee/api/v2/series/getSeriesData?type=video
2026-05-27;1230961;1686594600;Maailma dirigent Neeme Järvi;Kultuur;ETV > Kultuur;https://s.err.ee/photo/crop/2023/06/12/1948406h5708t5.jpg;https://services.err.ee/api/v2/series/getSeriesData?type=video
2026-05-27;1231414;1766908800;Naksitrallid;Multikad;Lasteekraan > Vaata ja kuula > Video > Sarjad > Multikad;https://s.err.ee/photo/crop/2024/12/30/2676241h7dbet5.jpg;https://services.err.ee/api/v2/series/getSeriesData?type=video
2026-05-27;1232803;0;Tanel ja kanad;Saated;Jupiter > Video > Saated;https://s.err.ee/photo/crop/2024/12/04/2643340hc57ct5.jpg;https://services.err.ee/api/v2/series/getSeriesData?type=video
2026-05-27;1234564;1658591100;Telelavastus. Elavad surnud;Lavastused;Jupiter > Video > Saated > Lavastused;https://s.err.ee/photo/crop/2020/07/04/794657h6d78t5.jpg;https://services.err.ee/api/v2/series/getSeriesData?type=video
2026-05-27;1234567;1771539300;Noor pensionär;Eesti;Jupiter > Video > Filmid > Eesti;https://s.err.ee/photo/crop/2024/03/25/2321601h7b61t5.jpg;https://services.err.ee/api/v2/series/getSeriesData?type=video
2026-05-27;1234573;0;Burattino;Lastesaated ja -sarjad;Lasteekraan > Vaata ja kuula > Video > Sarjad > Lastesaated ja -sarjad;https://s.err.ee/photo/crop/2024/01/02/2201234h71f5t5.jpg;https://services.err.ee/api/v2/series/getSeriesData?type=video
2026-05-27;1234585;1767247200;Meie Uduvere;Lühifilmid;Jupiter > Video > Filmid > Lühifilmid;https://s.err.ee/photo/crop/2024/06/25/2452414hf2f7t5.jpg;https://services.err.ee/api/v2/series/getSeriesData?type=video
2026-05-27;1234600;0;Ellujäämise kunst;Dokumentaalid;ETV2 > Dokumentaalid;https://s.err.ee/photo/crop/2024/10/08/2574790hddf5t5.jpg;https://services.err.ee/api/v2/series/getSeriesData?type=video
2026-05-27;1234606;0;Tähelaev;Saated;Jupiter > Video > Saated;https://s.err.ee/photo/crop/2024/05/24/2410533h2075t5.jpg;https://services.err.ee/api/v2/series/getSeriesData?type=video
2026-05-27;1234612;1768158300;Mees ja naine;Filmid;ETV2 > Filmid;https://s.err.ee/photo/crop/2024/03/07/2297982hfe78t5.jpg;https://services.err.ee/api/v2/series/getSeriesData?type=video
2026-05-27;1234657;0;Teatriaasta 12 kuud;Lavastused;ETV2 > Lavastused;https://s.err.ee/photo/crop/2023/10/31/2131882hb453t5.jpg;https://services.err.ee/api/v2/series/getSeriesData?type=video
2026-05-27;1234813;0;TEDx Tallinn;Saated;ETV2 > Saated;;https://services.err.ee/api/v2/series/getSeriesData?type=video
2026-05-27;1234885;0;Jõulutunneli laulud;Saated;ETV > Saated;https://s.err.ee/photo/crop/2024/12/23/2667982hff38t5.jpg;https://services.err.ee/api/v2/series/getSeriesData?type=video
2026-05-27;1235005;0;Eesti mäng. Aastavahetuse eri;Meelelahutus;ETV > Meelelahutus;https://s.err.ee/photo/crop/2023/12/29/2199001h95cct5.jpg;https://services.err.ee/api/v2/series/getSeriesData?type=video
2026-05-27;1235047;0;Teemaõhtu kommentaarid;Kultuur;ETV > Kultuur;;https://services.err.ee/api/v2/series/getSeriesData?type=video
2026-05-27;1235062;1657181700;Ariundelgeri nägemine;Dokumentaal;Jupiter > Video > Filmid > Dokumentaal;https://s.err.ee/photo/crop/2020/10/13/828131hc1f5t5.jpg;https://services.err.ee/api/v2/series/getSeriesData?type=video
2026-05-27;1235164;0;Eesti Laul 2022;Saated;Jupiter > Video > Saated;https://s.err.ee/photo/crop/2021/11/16/1246397h4f4et5.jpg;https://services.err.ee/api/v2/series/getSeriesData?type=video
2026-05-27;1235419;0;Rahvuspargid;Dokumentaalid;ETV2 > Dokumentaalid;;https://services.err.ee/api/v2/series/getSeriesData?type=video
2026-05-27;1235458;0;Riigikogu ülekanded;Saated;ETV2 > Saated;;https://services.err.ee/api/v2/series/getSeriesData?type=video
2026-05-27;1235920;0;Planeedipäästjad;Saated;Jupiter > Video > Saated;https://s.err.ee/photo/crop/2024/06/03/2423945he37ft5.jpg;https://services.err.ee/api/v2/series/getSeriesData?type=video
2026-05-27;1236040;0;Käsipalli valikmängud;Sport;ETV2 > Sport;https://s.err.ee/photo/crop/2026/01/07/3146995h3e4bt5.png;https://services.err.ee/api/v2/series/getSeriesData?type=video
2026-05-27;1236055;1769688600;Maria Klenskaja. Naine, kes ei räägi iseendast;Saated;Jupiter > Video > Saated;https://s.err.ee/photo/crop/2025/01/27/2703488ha2d6t5.jpg;https://services.err.ee/api/v2/series/getSeriesData?type=video
2026-05-27;1608069601;1777626600;Hääled küngaste taga;Dokumentaal;Jupiter > Video > Filmid > Dokumentaal;https://s.err.ee/photo/crop/2024/05/09/2386362hfac0t5.jpg;https://services.err.ee/api/v2/series/getSeriesData?type=video
2026-05-27;1608072145;1760808900;Mängupalavik;Euroopa kino;Jupiter > Video > Filmid > Euroopa kino;https://s.err.ee/photo/crop/2024/07/01/2458760h1151t5.jpg;https://services.err.ee/api/v2/series/getSeriesData?type=video
2026-05-27;1608072310;1753785300;Kalevi Suursõit 50;Dokumentaal;Jupiter > Video > Filmid > Dokumentaal;https://s.err.ee/photo/crop/2025/07/28/2960310h5611t5.jpg;https://services.err.ee/api/v2/series/getSeriesData?type=video
2026-05-27;1608072601;0;Harju 1-50;Saated;Jupiter > Video > Saated;https://s.err.ee/photo/crop/2025/08/07/2968101h4920t5.jpg;https://services.err.ee/api/v2/series/getSeriesData?type=video
2026-05-27;1608074431;0;Tugitooliteater;Lavastused;ETV2 > Lavastused;https://s.err.ee/photo/crop/2024/10/02/2565941hf878t5.jpg;https://services.err.ee/api/v2/series/getSeriesData?type=video
2026-05-27;1608074437;1769774700;Armastusest palju laule loodud... Sirje ja Väino Puura;Teemaõhtu: Väino Puura 70;ETV2 > Saated > Teemaõhtu: Väino Puura 70;https://s.err.ee/photo/crop/2026/01/26/3165590h7f59t5.jpg;https://services.err.ee/api/v2/series/getSeriesData?type=video
2026-05-27;1608074440;1646602800;Sa oled mu majakas;Teemaõhtud;ETV2 > Teemaõhtud;https://s.err.ee/photo/crop/2021/01/27/903178h5c6et5.jpg;https://services.err.ee/api/v2/series/getSeriesData?type=video
2026-05-27;1608074506;1732105500;Ühe unistuse maja;Dokumentaalid;ETV > Dokumentaalid;https://s.err.ee/photo/crop/2024/11/14/2619157h7e27t5.jpg;https://services.err.ee/api/v2/series/getSeriesData?type=video
2026-05-27;1608075085;1770237600;Väino Puura. Krutskitega romantik;Portreesaated;ETV2 > Portreesaated;https://s.err.ee/photo/crop/2021/01/28/903628h270at5.jpg;https://services.err.ee/api/v2/series/getSeriesData?type=video
2026-05-27;1608075094;1764498900;Torm;Filmid;ETV > Filmid;https://s.err.ee/photo/crop/2024/05/17/2400534h0991t5.jpg;https://services.err.ee/api/v2/series/getSeriesData?type=video
2026-05-27;1608077122;0;Kasuemad;Dokumentaal;Jupiter > Video > Filmid > Dokumentaal;https://s.err.ee/photo/crop/2021/01/18/893014hd8aat5.jpg;https://services.err.ee/api/v2/series/getSeriesData?type=video
2026-05-27;1608077182;0;Teatrietendus. Häda mõistuse pärast;Lavastused;Jupiter > Video > Saated > Lavastused;https://s.err.ee/photo/crop/2021/01/20/895288h7007t5.jpg;https://services.err.ee/api/v2/series/getSeriesData?type=video
2026-05-27;1608077401;0;Teatrietendus. Kõrboja peremees;Lavastused;Jupiter > Video > Saated > Lavastused;https://s.err.ee/photo/crop/2026/01/28/3169346hde43t5.jpg;https://services.err.ee/api/v2/series/getSeriesData?type=video
2026-05-27;1608077509;0;Estraaditähestik;Saated;Jupiter > Video > Saated;https://s.err.ee/photo/crop/2024/06/14/2436797he98ft5.jpg;https://services.err.ee/api/v2/series/getSeriesData?type=video
2026-05-27;1608078412;0;Rutikud;Saated;Jupiter > Video > Saated;https://s.err.ee/photo/crop/2021/01/27/902941h1d5dt5.jpg;https://services.err.ee/api/v2/series/getSeriesData?type=video
2026-05-27;1608079708;0;Teatrietendus. Nukumaja;Lavastused;Jupiter > Video > Saated > Lavastused;https://s.err.ee/photo/crop/2021/01/20/895300h54bet5.jpg;https://services.err.ee/api/v2/series/getSeriesData?type=video
2026-05-27;1608081277;0;Anima tsoon;Saated;ETV2 > Saated;https://s.err.ee/photo/crop/2025/10/13/3048273h22ebt5.jpg;https://services.err.ee/api/v2/series/getSeriesData?type=video
2026-05-27;1608081283;1755461700;Teeme Tee Vee magusaks;Saated;Jupiter > Video > Saated;https://s.err.ee/photo/crop/2025/08/12/2971656h3659t5.jpg;https://services.err.ee/api/v2/series/getSeriesData?type=video
2026-05-27;1608081292;1710076200;Palusalu;Portreesaated;ETV > Portreesaated;https://s.err.ee/photo/crop/2024/03/08/2299242h7f17t5.jpg;https://services.err.ee/api/v2/series/getSeriesData?type=video
2026-05-27;1608081535;0;Joanna Lumley Indias;Dokumentaalid;ETV > Dokumentaalid;https://s.err.ee/photo/crop/2026/04/20/3345214h9c2ct5.jpg;https://services.err.ee/api/v2/series/getSeriesData?type=video
2026-05-27;1608081610;1777629600;Mari Kalkun. Õunaaia album;Kontserdid;ETV2 > Kontserdid;https://s.err.ee/photo/crop/2025/05/05/2848931h6e0ct5.jpg;https://services.err.ee/api/v2/series/getSeriesData?type=video
2026-05-27;1608081817;1770197400;Piret Kalda. Sõprus ja armastus;Portreesaated;ETV2 > Portreesaated;https://s.err.ee/photo/crop/2026/02/02/3175964hec32t5.jpg;https://services.err.ee/api/v2/series/getSeriesData?type=video
2026-05-27;1608085498;0;Murust;Dokumentaal;Jupiter > Video > Filmid > Dokumentaal;https://s.err.ee/photo/crop/2021/01/25/900001h1431t5.jpg;https://services.err.ee/api/v2/series/getSeriesData?type=video
2026-05-27;1608085729;0;Teatrietendus. Kõik aias;Lavastused;Jupiter > Video > Saated > Lavastused;https://s.err.ee/photo/crop/2021/01/27/902950h5395t5.jpg;https://services.err.ee/api/v2/series/getSeriesData?type=video
2026-05-27;1608085738;0;Esto TV;Saated;Jupiter > Video > Saated;https://s.err.ee/photo/crop/2025/02/05/2719793h37a8t5.jpg;https://services.err.ee/api/v2/series/getSeriesData?type=video
2026-05-27;1608085765;0;2000.ee;Saated;Jupiter > Video > Saated;https://s.err.ee/photo/crop/2022/01/05/1298039hb033t5.jpg;https://services.err.ee/api/v2/series/getSeriesData?type=video
2026-05-27;1608086035;0;Teatrietendus. Palju õnne argipäevaks;Lavastused;ETV2 > Lavastused;https://s.err.ee/photo/crop/2021/02/04/910891hbb3ct5.jpg;https://services.err.ee/api/v2/series/getSeriesData?type=video
2026-05-27;1608086407;0;Teatrietendus. Pianoola ehk mehhaaniline klaver;Lavastused;Jupiter > Video > Saated > Lavastused;https://s.err.ee/photo/crop/2021/01/27/903028hd512t5.jpg;https://services.err.ee/api/v2/series/getSeriesData?type=video
2026-05-27;1608089158;0;Grantchester;Draama;Jupiter > Video > Sarjad > Draama;https://s.err.ee/photo/crop/2024/11/25/2633200he9fft5.jpg;https://services.err.ee/api/v2/series/getSeriesData?type=video
2026-05-27;1608089401;1774473300;Ballettmeister. Mai Murdmaa;Dokumentaal;Jupiter > Video > Filmid > Dokumentaal;https://s.err.ee/photo/crop/2026/04/27/3399493h7b3dt5.jpg;https://services.err.ee/api/v2/series/getSeriesData?type=video
2026-05-27;1608090142;0;Teater laulab;Kontserdid ja muusika;Jupiter > Video > Saated > Kontserdid ja muusika;https://s.err.ee/photo/crop/2024/03/22/2318280h4063t5.jpg;https://services.err.ee/api/v2/series/getSeriesData?type=video
2026-05-27;1608090154;1613043900;Folklooriansambel Leegajus;Kontserdid;ETV2 > Kontserdid;;https://services.err.ee/api/v2/series/getSeriesData?type=video
2026-05-27;1608090157;1771362600;Lia Laats omas mahlas;Teemaõhtud;ETV2 > Teemaõhtud;https://s.err.ee/photo/crop/2026/02/09/3192560he762t5.jpg;https://services.err.ee/api/v2/series/getSeriesData?type=video
2026-05-27;1608090160;1771781400;Teatrihetked Lia Laatsiga;Teemaõhtud;ETV2 > Teemaõhtud;https://s.err.ee/photo/crop/2026/02/09/3192548hfcf8t5.jpg;https://services.err.ee/api/v2/series/getSeriesData?type=video
2026-05-27;1608090172;1707078000;Elutants. Näitleja Laine Mägi;Elusaated;ETV > Elusaated;https://s.err.ee/photo/crop/2024/02/01/2238489h7bdft5.jpg;https://services.err.ee/api/v2/series/getSeriesData?type=video
2026-05-27;1608090265;0;Dünastiad;Dokumentaalid;ETV2 > Dokumentaalid;https://s.err.ee/photo/crop/2019/10/19/699786hdbe3t5.jpg;https://services.err.ee/api/v2/series/getSeriesData?type=video
2026-05-27;1608090697;0;Laskesuusatamise MM Lenzerheides;Sport;ETV2 > Sport;https://s.err.ee/photo/crop/2025/02/11/2727983ha45ft5.jpg;https://services.err.ee/api/v2/series/getSeriesData?type=video
2026-05-27;1608093850;0;Muusika, mida ma veel ei tea;Dokumentaal;Jupiter > Video > Filmid > Dokumentaal;https://s.err.ee/photo/crop/2021/02/01/907927h282et5.jpg;https://services.err.ee/api/v2/series/getSeriesData?type=video
2026-05-27;1608095170;1771784700;Õnnelind flamingo;Eesti;Jupiter > Video > Filmid > Eesti;https://s.err.ee/photo/crop/2020/04/29/774602h9b1dt5.jpg;https://services.err.ee/api/v2/series/getSeriesData?type=video
2026-05-27;1608095173;1762605300;Küljetuul;Eesti;Jupiter > Video > Filmid > Eesti;https://s.err.ee/photo/crop/2024/05/29/2417052h5344t5.jpg;https://services.err.ee/api/v2/series/getSeriesData?type=video
2026-05-27;1608095176;1704140700;Võlg;Eesti;Jupiter > Video > Filmid > Eesti;https://s.err.ee/photo/crop/2025/08/21/2981697h546ft5.jpg;https://services.err.ee/api/v2/series/getSeriesData?type=video
2026-05-27;1608095179;1741417200;Kevad südames;Lastefilmid;Lasteekraan > Vaata ja kuula > Video > Filmid > Lastefilmid;https://s.err.ee/photo/crop/2024/06/04/2425856hbb11t5.jpg;https://services.err.ee/api/v2/series/getSeriesData?type=video
2026-05-27;1608095182;1750572000;Keskpäev;Eesti;Jupiter > Video > Filmid > Eesti;https://s.err.ee/photo/crop/2025/08/21/2981718h606ct5.jpg;https://services.err.ee/api/v2/series/getSeriesData?type=video
2026-05-27;1608095209;1663530000;Ühe suve akvarellid;Eesti;Jupiter > Video > Filmid > Eesti;https://s.err.ee/photo/crop/2021/03/16/956884h4761t5.jpg;https://services.err.ee/api/v2/series/getSeriesData?type=video
2026-05-27;1608095212;1764438000;Näitleja Joller;Eesti;Jupiter > Video > Filmid > Eesti;https://s.err.ee/photo/crop/2025/07/14/2942244h4188t5.jpg;https://services.err.ee/api/v2/series/getSeriesData?type=video
2026-05-27;1608095227;1739961600;Kolme katku vahel;Eesti;Jupiter > Video > Filmid > Eesti;https://s.err.ee/photo/crop/2024/03/28/2328900h58d8t5.jpg;https://services.err.ee/api/v2/series/getSeriesData?type=video
2026-05-27;1608095230;1774734600;Põrgupõhja uus Vanapagan;Eesti;Jupiter > Video > Filmid > Eesti;https://s.err.ee/photo/crop/2025/01/27/2703410h7177t5.jpg;https://services.err.ee/api/v2/series/getSeriesData?type=video
2026-05-27;1608095233;1740947100;Külmale maale;Eesti;Jupiter > Video > Filmid > Eesti;https://s.err.ee/photo/crop/2024/05/24/2410134hdf17t5.jpg;https://services.err.ee/api/v2/series/getSeriesData?type=video
2026-05-27;1608095251;0;Tants aurukatla ümber;Eesti;Jupiter > Video > Filmid > Eesti;https://s.err.ee/photo/crop/2024/07/30/2492284h0d01t5.jpg;https://services.err.ee/api/v2/series/getSeriesData?type=video
2026-05-27;1608097459;1626516300;Telelavastus. Mäng tulega;Lavastused;Jupiter > Video > Saated > Lavastused;https://s.err.ee/photo/crop/2021/02/08/916381h7da3t5.jpg;https://services.err.ee/api/v2/series/getSeriesData?type=video
2026-05-27;1608097462;1748124300;Külla tuli;Eesti;Jupiter > Video > Filmid > Eesti;https://s.err.ee/photo/crop/2024/12/16/2657833h9c86t5.jpg;https://services.err.ee/api/v2/series/getSeriesData?type=video
2026-05-27;1608097465;0;Teatrietendus. Hamlet;Lavastused;Jupiter > Video > Saated > Lavastused;https://s.err.ee/photo/crop/2026/03/24/3274605h6789t5.jpg;https://services.err.ee/api/v2/series/getSeriesData?type=video
2026-05-27;1608097468;0;Mees ja mänd;Eesti;Jupiter > Video > Filmid > Eesti;;https://services.err.ee/api/v2/series/getSeriesData?type=video
2026-05-27;1608097471;0;Tädi Rose;Eesti;Jupiter > Video > Filmid > Eesti;https://s.err.ee/photo/crop/2021/03/10/950692he808t5.jpg;https://services.err.ee/api/v2/series/getSeriesData?type=video
2026-05-27;1608097474;1713130200;Kann allikal;Eesti;Jupiter > Video > Filmid > Eesti;https://s.err.ee/photo/crop/2024/04/10/2347137hf49ct5.jpg;https://services.err.ee/api/v2/series/getSeriesData?type=video
2026-05-27;1608097480;1753346700;Telelavastus. Püha Susanna ehk Meistrite kool;Lavastused;Jupiter > Video > Saated > Lavastused;https://s.err.ee/photo/crop/2024/08/13/2508109h9555t5.jpg;https://services.err.ee/api/v2/series/getSeriesData?type=video
2026-05-27;1608097507;0;Teatrietendus. Valge tee kutse;Lavastused;Jupiter > Video > Saated > Lavastused;https://s.err.ee/photo/crop/2023/11/13/2149048h3a09t5.jpg;https://services.err.ee/api/v2/series/getSeriesData?type=video
2026-05-27;1608098350;1773526500;Jüri Rumm;Filmid;ETV2 > Filmid;https://s.err.ee/photo/crop/2024/06/17/2440205h0043t5.jpg;https://services.err.ee/api/v2/series/getSeriesData?type=video
2026-05-27;1608098353;0;Näitleja;Saated;Jupiter > Video > Saated;https://s.err.ee/photo/crop/2024/02/05/2244810hefect5.jpg;https://services.err.ee/api/v2/series/getSeriesData?type=video
2026-05-27;1608098422;1771349400;Vastlad;Saated;ETV > Saated;https://s.err.ee/photo/crop/2024/02/12/2256564h1a77t5.jpg;https://services.err.ee/api/v2/series/getSeriesData?type=video
2026-05-27;1608098425;0;Ürgne maa Siber;Saated;Jupiter > Video > Saated;https://s.err.ee/photo/crop/2021/02/17/925816h35ebt5.jpg;https://services.err.ee/api/v2/series/getSeriesData?type=video
2026-05-27;1608098440;1684871400;Rein Taagepera - kahemõtteline Eesti;Dokumentaal;Jupiter > Video > Filmid > Dokumentaal;https://s.err.ee/photo/crop/2021/02/15/923428hb0a7t5.jpg;https://services.err.ee/api/v2/series/getSeriesData?type=video
2026-05-27;1608098443;1699531800;Pärand. Anu Raud;Saated;Jupiter > Video > Saated;https://s.err.ee/photo/crop/2023/11/06/2139676hc88bt5.jpg;https://services.err.ee/api/v2/series/getSeriesData?type=video
2026-05-27;1608098836;1621452900;Staarid Eurovisiooni punasel vaibal;Kultuur;ETV > Kultuur;https://s.err.ee/photo/crop/2021/02/15/923431h44c0t5.jpg;https://services.err.ee/api/v2/series/getSeriesData?type=video
2026-05-27;1608099373;0;Terasratsanik;Dokumentaal;Jupiter > Video > Filmid > Dokumentaal;https://s.err.ee/photo/crop/2021/02/10/918451h420dt5.jpg;https://services.err.ee/api/v2/series/getSeriesData?type=video
2026-05-27;1608099394;0;Eesti rahvakalender;Saated;Jupiter > Video > Saated;https://s.err.ee/photo/crop/2025/12/15/3124714h4b6ft5.jpg;https://services.err.ee/api/v2/series/getSeriesData?type=video
2026-05-27;1608099556;0;Kultuurkapitali aastapreemiad 2020;Saated;Jupiter > Video > Saated;https://s.err.ee/photo/crop/2021/02/03/910399hd1d1t5.jpg;https://services.err.ee/api/v2/series/getSeriesData?type=video
2026-05-27;1608101710;0;Käärid;Dokumentaal;Jupiter > Video > Filmid > Dokumentaal;https://s.err.ee/photo/crop/2021/02/15/923587h8851t5.jpg;https://services.err.ee/api/v2/series/getSeriesData?type=video
2026-05-27;1608102139;0;Lil Eesti;Dokumentaal;Jupiter > Video > Filmid > Dokumentaal;https://s.err.ee/photo/crop/2021/02/08/915802he3a4t5.jpg;https://services.err.ee/api/v2/series/getSeriesData?type=video
2026-05-27;1608102307;1640605800;Rein Oja. Teatridirektor, ilma lipsuta;Teemaõhtud;ETV2 > Teemaõhtud;https://s.err.ee/photo/crop/2021/02/17/926011h4f08t5.jpg;https://services.err.ee/api/v2/series/getSeriesData?type=video
2026-05-27;1608103195;1637520000;Milarepa laulud;Eesti;Jupiter > Video > Filmid > Eesti;https://s.err.ee/photo/crop/2021/04/22/988408h0d7ft5.jpg;https://services.err.ee/api/v2/series/getSeriesData?type=video
2026-05-27;1608103198;1777837500;Sensatsioon;Eesti;Jupiter > Video > Filmid > Eesti;https://s.err.ee/photo/crop/2026/04/27/3399649h0d41t5.jpg;https://services.err.ee/api/v2/series/getSeriesData?type=video
2026-05-27;1608103201;0;Foorum;Eesti;Jupiter > Video > Filmid > Eesti;;https://services.err.ee/api/v2/series/getSeriesData?type=video
2026-05-27;1608103204;0;Meie Artur;Dokumentaal;Jupiter > Video > Filmid > Dokumentaal;https://s.err.ee/photo/crop/2020/09/16/818772h945ct5.jpg;https://services.err.ee/api/v2/series/getSeriesData?type=video
2026-05-27;1608103207;0;Colas Breugnon;Eesti;Jupiter > Video > Filmid > Eesti;;https://services.err.ee/api/v2/series/getSeriesData?type=video
2026-05-27;1608103210;1754048700;Võtmeke;Kontserdid ja muusika;Jupiter > Video > Saated > Kontserdid ja muusika;https://s.err.ee/photo/crop/2025/07/28/2960901h4610t5.jpg;https://services.err.ee/api/v2/series/getSeriesData?type=video
2026-05-27;1608103213;1721385900;Peegliahv;Eesti;Jupiter > Video > Filmid > Eesti;https://s.err.ee/photo/crop/2025/08/21/2981685h50e8t5.jpg;https://services.err.ee/api/v2/series/getSeriesData?type=video
2026-05-27;1608103222;0;Teeme ise!;Saated;Jupiter > Video > Saated;https://s.err.ee/photo/crop/2021/03/03/943162h6364t5.jpg;https://services.err.ee/api/v2/series/getSeriesData?type=video
2026-05-27;1608106192;1614533400;Sügiskuld;Teemaõhtud;ETV2 > Teemaõhtud;;https://services.err.ee/api/v2/series/getSeriesData?type=video
2026-05-27;1608106195;1772197200;Leia mind tuhandete seast. Anne Veski;Teemaõhtud;ETV2 > Teemaõhtud;https://s.err.ee/photo/crop/2026/02/25/3230294h9ffet5.jpg;https://services.err.ee/api/v2/series/getSeriesData?type=video
2026-05-27;1608106204;1614548700;Tuli ja vesi. Anne Veski;Teemaõhtud;ETV2 > Teemaõhtud;;https://services.err.ee/api/v2/series/getSeriesData?type=video
2026-05-27;1608106207;1772408400;Tänan Teid. Laulab Anne Veski;Teemaõhtud;ETV2 > Teemaõhtud;;https://services.err.ee/api/v2/series/getSeriesData?type=video
2026-05-27;1608106210;1614547200;Anne Veski;Kontserdid ja muusika;Jupiter > Video > Saated > Kontserdid ja muusika;https://s.err.ee/photo/crop/2022/06/20/1517026h3d0dt5.jpg;https://services.err.ee/api/v2/series/getSeriesData?type=video
2026-05-27;1608106213;1614550500;Anne Veski 10;Teemaõhtud;ETV2 > Teemaõhtud;;https://services.err.ee/api/v2/series/getSeriesData?type=video
2026-05-27;1608106222;1770895800;Tormi vennad;Dokumentaal;Jupiter > Video > Filmid > Dokumentaal;https://s.err.ee/photo/crop/2021/04/23/989062h82dat5.jpg;https://services.err.ee/api/v2/series/getSeriesData?type=video
2026-05-27;1608106264;1779564600;Seltsimees laps;Draama;Jupiter > Video > Filmid > Draama;https://s.err.ee/photo/crop/2025/02/23/2752163h225et5.jpg;https://services.err.ee/api/v2/series/getSeriesData?type=video
2026-05-27;1608106285;1708946400;Presidendid;Saated;ETV > Saated;https://s.err.ee/photo/crop/2021/02/17/926212hbc44t5.jpg;https://services.err.ee/api/v2/series/getSeriesData?type=video
2026-05-27;1608106297;1779570600;Seltsimees laps. Filmi lugu;Saated;Jupiter > Video > Saated;https://s.err.ee/photo/crop/2023/11/03/2134831h6e4bt5.jpg;https://services.err.ee/api/v2/series/getSeriesData?type=video
2026-05-27;1608106303;1772369400;Anne Veski. 40 aastat laval;Kultuur;ETV > Kultuur;https://s.err.ee/photo/crop/2022/12/31/1729432hd996t5.jpg;https://services.err.ee/api/v2/series/getSeriesData?type=video
2026-05-27;1608106318;1772194800;Hea tuju maaletooja. Anne Veski;Portreesaated;ETV > Portreesaated;https://s.err.ee/photo/crop/2025/02/24/2754566h03eft5.jpg;https://services.err.ee/api/v2/series/getSeriesData?type=video
2026-05-27;1608106360;1637443500;Betti Alver. Ilmauks on irvakil;Elu - ja haridusssaated;ETV2 > Elu - ja haridusssaated;https://s.err.ee/photo/crop/2021/02/12/920938h40fet5.jpg;https://services.err.ee/api/v2/series/getSeriesData?type=video
2026-05-27;1608106375;1771921500;Aasta tähtsaim pidu;Saated;ETV > Saated;https://s.err.ee/photo/crop/2024/02/22/2271624h2ee1t5.jpg;https://services.err.ee/api/v2/series/getSeriesData?type=video
2026-05-27;1608106492;0;Taanimaa imeline taltsutamata loodus;Dokumentaal;Jupiter > Video > Filmid > Dokumentaal;https://s.err.ee/photo/crop/2026/04/13/3300754hb606t5.jpg;https://services.err.ee/api/v2/series/getSeriesData?type=video
2026-05-27;1608106825;1629477000;Köögikodanikud. Pidupäeva eri;Elu - ja haridusssaated;ETV2 > Elu - ja haridusssaated;https://s.err.ee/photo/crop/2021/02/24/937126h4134t5.jpg;https://services.err.ee/api/v2/series/getSeriesData?type=video
2026-05-27;1608106852;1614283500;Riigi preemiad parimatele;Saated;ETV > Saated;https://s.err.ee/photo/crop/2021/02/17/925888hb050t5.jpg;https://services.err.ee/api/v2/series/getSeriesData?type=video
2026-05-27;1608110329;0;Minemine;Saated;Jupiter > Video > Saated;https://s.err.ee/photo/crop/2021/03/31/971392hebeet5.jpg;https://services.err.ee/api/v2/series/getSeriesData?type=video
2026-05-27;1608110458;0;Lahutus Läti moodi;Draama;Jupiter > Video > Sarjad > Draama;https://s.err.ee/photo/crop/2021/05/10/1004560hdc41t5.jpg;https://services.err.ee/api/v2/series/getSeriesData?type=video
2026-05-27;1608111571;0;Yves Montand'i laulud;Saated;Jupiter > Video > Saated;https://s.err.ee/photo/crop/2021/03/03/943381h33bet5.jpg;https://services.err.ee/api/v2/series/getSeriesData?type=video
2026-05-27;1608112954;0;Suur seikleja. Hannes Hermaküla intervjuu Simon Reeve'iga;Saated;Jupiter > Video > Saated;https://s.err.ee/photo/crop/2021/02/17/926425h5f9at5.jpg;https://services.err.ee/api/v2/series/getSeriesData?type=video
2026-05-27;1608114130;0;Paradiis;Dokumentaal;Jupiter > Video > Filmid > Dokumentaal;https://s.err.ee/photo/crop/2021/02/08/915805h55b9t5.jpg;https://services.err.ee/api/v2/series/getSeriesData?type=video
2026-05-27;1608114472;0;Eesti Laul 2021;Saated;Jupiter > Video > Saated;https://s.err.ee/photo/crop/2020/12/02/852340h5465t5.jpg;https://services.err.ee/api/v2/series/getSeriesData?type=video
2026-05-27;1608114937;1755946800;23.08.1989 Balti kett Eestis, Lätis, Leedus;Teemaõhtud;ETV2 > Teemaõhtud;https://s.err.ee/photo/crop/2025/08/18/2978061h0873t5.jpg;https://services.err.ee/api/v2/series/getSeriesData?type=video
2026-05-27;1608114946;1772912700;Oksjon;Teemaõhtud;ETV2 > Teemaõhtud;https://s.err.ee/photo/crop/2026/03/03/3236597hc697t5.jpg;https://services.err.ee/api/v2/series/getSeriesData?type=video
2026-05-27;1608114952;1672549200;Ei meelest läe mul iial. Eesti filmilaulud;Saated;ETV2 > Saated;https://s.err.ee/photo/crop/2025/06/16/2901255heccbt5.jpg;https://services.err.ee/api/v2/series/getSeriesData?type=video
2026-05-27;1608115000;1772397900;Täiuslikud võõrad;Filmid;ETV > Filmid;https://s.err.ee/photo/crop/2025/05/05/2848967ha54ft5.jpg;https://services.err.ee/api/v2/series/getSeriesData?type=video
2026-05-27;1608115504;1772656800;Heinz Valk. Võidumees;Saated;Jupiter > Video > Saated;https://s.err.ee/photo/crop/2024/08/12/2507650h4026t5.jpg;https://services.err.ee/api/v2/series/getSeriesData?type=video
2026-05-27;1608115525;0;Jalgpalli Premium Liiga;Sport;ETV2 > Sport;https://s.err.ee/photo/crop/2024/03/01/2290317h98b2t5.jpg;https://services.err.ee/api/v2/series/getSeriesData?type=video
2026-05-27;1608115546;0;Sisekergejõustiku MM Torunis;Sport;ETV2 > Sport;https://s.err.ee/photo/crop/2026/03/16/3260300hfef4t5.jpg;https://services.err.ee/api/v2/series/getSeriesData?type=video
2026-05-27;1608116317;0;Sündis inimene;Dokumentaal;Jupiter > Video > Filmid > Dokumentaal;https://s.err.ee/photo/crop/2026/05/04/3498652h9828t5.jpg;https://services.err.ee/api/v2/series/getSeriesData?type=video
2026-05-27;1608116353;0;Aastad;Dokumentaal;Jupiter > Video > Filmid > Dokumentaal;https://s.err.ee/photo/crop/2026/05/25/3595501h1ae2t5.jpg;https://services.err.ee/api/v2/series/getSeriesData?type=video
2026-05-27;1608119329;0;EV103. Vabariigi aastapäev;Saated;Jupiter > Video > Saated;https://s.err.ee/photo/crop/2021/02/22/933127hfff1t5.jpg;https://services.err.ee/api/v2/series/getSeriesData?type=video
2026-05-27;1608119701;1771977300;Pidulik merelaulude kontsert Vana madrus;Kontserdid ja muusika;Jupiter > Video > Saated > Kontserdid ja muusika;https://s.err.ee/photo/crop/2025/02/23/2752367he678t5.jpg;https://services.err.ee/api/v2/series/getSeriesData?type=video
2026-05-27;1608120190;0;Armuavaldus;Eesti;Jupiter > Video > Filmid > Eesti;https://s.err.ee/photo/crop/2023/07/11/1992377h42d2t5.png;https://services.err.ee/api/v2/series/getSeriesData?type=video
2026-05-27;1608120301;0;Teatrietendus. Aruanne;Lavastused;Jupiter > Video > Saated > Lavastused;;https://services.err.ee/api/v2/series/getSeriesData?type=video
2026-05-27;1608120304;0;Kalapäev;Eesti;Jupiter > Video > Filmid > Eesti;https://s.err.ee/photo/crop/2021/06/02/1027464h3014t5.jpg;https://services.err.ee/api/v2/series/getSeriesData?type=video
2026-05-27;1608120325;1689460200;Öine navigatsioon;Eesti;Jupiter > Video > Filmid > Eesti;https://s.err.ee/photo/crop/2026/05/25/3595831hb2e6t5.jpg;https://services.err.ee/api/v2/series/getSeriesData?type=video
2026-05-27;1608120328;1701639000;Imelugu;Eesti;Jupiter > Video > Filmid > Eesti;https://s.err.ee/photo/crop/2023/12/02/2170789h8ab4t5.jpg;https://services.err.ee/api/v2/series/getSeriesData?type=video
2026-05-27;1608120331;0;Ta-ram, ta-ram;Eesti;Jupiter > Video > Filmid > Eesti;;https://services.err.ee/api/v2/series/getSeriesData?type=video
2026-05-27;1608120334;1766886300;Elu täis roose;Dokumentaal;Jupiter > Video > Filmid > Dokumentaal;https://s.err.ee/photo/crop/2021/03/01/941254he21bt5.jpg;https://services.err.ee/api/v2/series/getSeriesData?type=video
2026-05-27;1608121696;0;Teatrietendus. Mägede iluduskuninganna;Lavastused;Jupiter > Video > Saated > Lavastused;;https://services.err.ee/api/v2/series/getSeriesData?type=video
2026-05-27;1608122050;0;Vaga vesi;Draama;Jupiter > Video > Sarjad > Draama;https://s.err.ee/photo/crop/2024/12/23/2668009he3fdt5.jpg;https://services.err.ee/api/v2/series/getSeriesData?type=video
2026-05-27;1608122299;0;Teatrietendus. Rakvere romanss;Lavastused;Jupiter > Video > Saated > Lavastused;https://s.err.ee/photo/crop/2021/03/03/943396h62a0t5.jpg;https://services.err.ee/api/v2/series/getSeriesData?type=video
2026-05-27;1608122305;0;Teatrietendus. Kes aevastas?;Lavastused;Jupiter > Video > Saated > Lavastused;https://s.err.ee/photo/crop/2024/11/14/2618923hb176t5.jpg;https://services.err.ee/api/v2/series/getSeriesData?type=video
2026-05-27;1608122644;1770728400;Mida täiskasvanud mängivad?;Filmid;ETV2 > Filmid;https://s.err.ee/photo/crop/2024/03/01/2290107h5c2dt5.jpg;https://services.err.ee/api/v2/series/getSeriesData?type=video
2026-05-27;1608122686;1756050900;Koolitants esitleb. Jäljed;Noortele;ETV2 > Noortele;https://s.err.ee/photo/crop/2022/01/19/1316738h6d13t5.jpg;https://services.err.ee/api/v2/series/getSeriesData?type=video
2026-05-27;1608123655;1772996400;Griša;Portreesaated;ETV > Portreesaated;https://s.err.ee/photo/crop/2021/03/08/948916haf42t5.jpg;https://services.err.ee/api/v2/series/getSeriesData?type=video
2026-05-27;1608123700;1725193800;Aasta õpetaja gala 2019 keelenaljad;Saated;ETV > Saated;;https://services.err.ee/api/v2/series/getSeriesData?type=video
2026-05-27;1608123892;0;Kihnu lapsed ning...;Dokumentaal;Jupiter > Video > Filmid > Dokumentaal;https://s.err.ee/photo/crop/2022/01/10/1301573h095ft5.jpg;https://services.err.ee/api/v2/series/getSeriesData?type=video
2026-05-27;1608123901;0;Tõnis Mägi 40 - 20;Kontserdid ja muusika;Jupiter > Video > Saated > Kontserdid ja muusika;;https://services.err.ee/api/v2/series/getSeriesData?type=video
2026-05-27;1608127987;0;Pärast eesriide langemist;Saated;Jupiter > Video > Saated;https://s.err.ee/photo/crop/2025/06/21/2907639hc34ct5.jpg;https://services.err.ee/api/v2/series/getSeriesData?type=video
2026-05-27;1608128065;0;Muusikarüütel;Dokumentaal;Jupiter > Video > Filmid > Dokumentaal;https://s.err.ee/photo/crop/2021/04/23/989020he93et5.jpg;https://services.err.ee/api/v2/series/getSeriesData?type=video
2026-05-27;1608128068;1635706200;Laulab Margarita Voites;Filmid;Jupiter > Video > Filmid;;https://services.err.ee/api/v2/series/getSeriesData?type=video
2026-05-27;1608128071;0;Siin on mu kodu;Dokumentaal;Jupiter > Video > Filmid > Dokumentaal;;https://services.err.ee/api/v2/series/getSeriesData?type=video
2026-05-27;1608128077;0;Telelavastus. Musta katuse all;Lavastused;Jupiter > Video > Saated > Lavastused;https://s.err.ee/photo/crop/2021/03/17/958285hd51bt5.jpg;https://services.err.ee/api/v2/series/getSeriesData?type=video
2026-05-27;1608128080;0;Veel on aega;Dokumentaal;Jupiter > Video > Filmid > Dokumentaal;;https://services.err.ee/api/v2/series/getSeriesData?type=video
2026-05-27;1608130138;0;Eesti Laul 2021. Vaheklipid;Saated;Jupiter > Video > Saated;https://s.err.ee/photo/crop/2021/03/04/944488h0d26t5.jpg;https://services.err.ee/api/v2/series/getSeriesData?type=video
2026-05-27;1608130585;1774604400;Pobeda;Eesti;Jupiter > Video > Filmid > Eesti;https://s.err.ee/photo/crop/2023/10/27/2127520h4a95t5.jpg;https://services.err.ee/api/v2/series/getSeriesData?type=video
2026-05-27;1608130753;1774025100;Kilplased;Filmid;ETV2 > Filmid;https://s.err.ee/photo/crop/2023/06/05/1941043hd304t5.jpg;https://services.err.ee/api/v2/series/getSeriesData?type=video
2026-05-27;1608131323;1737211500;Miks sa liigud?;Dokumentaalid;ETV2 > Dokumentaalid;https://s.err.ee/photo/crop/2024/12/16/2657968hd8e2t5.jpg;https://services.err.ee/api/v2/series/getSeriesData?type=video
2026-05-27;1608131389;1685359500;Tuleviku ülikool;Saated;ETV > Saated;https://s.err.ee/photo/crop/2021/03/15/955777hb567t5.jpg;https://services.err.ee/api/v2/series/getSeriesData?type=video
2026-05-27;1608131425;1741550100;Olev Subbi. Elu kuues peatükis;Dokumentaal;Jupiter > Video > Filmid > Dokumentaal;https://s.err.ee/photo/crop/2025/03/01/2763842h7f39t5.jpg;https://services.err.ee/api/v2/series/getSeriesData?type=video
2026-05-27;1608134896;0;Matz;Dokumentaal;Jupiter > Video > Filmid > Dokumentaal;https://s.err.ee/photo/crop/2021/03/09/950050h3adat5.jpg;https://services.err.ee/api/v2/series/getSeriesData?type=video
2026-05-27;1608135997;0;Ob-la-di, Ob-la-da;Saated;Jupiter > Video > Saated;https://s.err.ee/photo/crop/2025/11/17/3091668h5564t5.jpg;https://services.err.ee/api/v2/series/getSeriesData?type=video
2026-05-27;1608136612;0;Priitahtlikud;Saated;Jupiter > Video > Saated;https://s.err.ee/photo/crop/2021/03/16/956965h98f5t5.jpg;https://services.err.ee/api/v2/series/getSeriesData?type=video
2026-05-27;1608137098;0;AK 65;Saated;Jupiter > Video > Saated;https://s.err.ee/photo/crop/2025/07/14/2942022he63at5.jpg;https://services.err.ee/api/v2/series/getSeriesData?type=video
2026-05-27;1608137149;0;Aktuaalne Kaamera 55;Saated;Jupiter > Video > Saated;;https://services.err.ee/api/v2/series/getSeriesData?type=video
2026-05-27;1608137278;0;Teatrietendus. Bernarda Alba maja;Lavastused;Jupiter > Video > Saated > Lavastused;https://s.err.ee/photo/crop/2021/03/16/957730h9a0bt5.jpg;https://services.err.ee/api/v2/series/getSeriesData?type=video
2026-05-27;1608137299;0;Elu, armastan sind;Dokumentaal;Jupiter > Video > Filmid > Dokumentaal;https://s.err.ee/photo/crop/2021/06/02/1027698hd818t5.jpg;https://services.err.ee/api/v2/series/getSeriesData?type=video
2026-05-27;1608137302;0;Eha fenomen;Dokumentaal;Jupiter > Video > Filmid > Dokumentaal;;https://services.err.ee/api/v2/series/getSeriesData?type=video
2026-05-27;1608137320;0;Ärge laske mul surra!;Dokumentaal;Jupiter > Video > Filmid > Dokumentaal;;https://services.err.ee/api/v2/series/getSeriesData?type=video
2026-05-27;1608137323;0;Inimene ja kompuuter;Dokumentaal;Jupiter > Video > Filmid > Dokumentaal;;https://services.err.ee/api/v2/series/getSeriesData?type=video
2026-05-27;1608137326;0;Sügishooaeg;Dokumentaal;Jupiter > Video > Filmid > Dokumentaal;https://s.err.ee/photo/crop/2025/10/23/3062685haf92t5.jpg;https://services.err.ee/api/v2/series/getSeriesData?type=video
2026-05-27;1608137344;0;Tarmo album;Kontserdid ja muusika;Jupiter > Video > Saated > Kontserdid ja muusika;https://s.err.ee/photo/crop/2026/02/10/3196262h89edt5.jpg;https://services.err.ee/api/v2/series/getSeriesData?type=video
2026-05-27;1608138448;0;Pailapsiin;Lastesaated ja -sarjad;Lasteekraan > Vaata ja kuula > Video > Sarjad > Lastesaated ja -sarjad;https://s.err.ee/photo/crop/2021/04/09/977917h84det5.png;https://services.err.ee/api/v2/series/getSeriesData?type=video
2026-05-27;1608138805;0;Elustiilid;Saated;Jupiter > Video > Saated;https://s.err.ee/photo/crop/2021/03/16/956830h2947t5.jpg;https://services.err.ee/api/v2/series/getSeriesData?type=video
2026-05-27;1608139135;1616952300;Priimabaleriin Kaie Kõrb;Teemaõhtud;ETV2 > Teemaõhtud;https://s.err.ee/photo/crop/2021/03/23/965209h244dt5.jpg;https://services.err.ee/api/v2/series/getSeriesData?type=video
2026-05-27;1608139138;1616960400;P. Tšaikovski - Pas de deux balletist Uinuv kaunitar;Teemaõhtud;ETV2 > Teemaõhtud;;https://services.err.ee/api/v2/series/getSeriesData?type=video
2026-05-27;1608139141;1616955900;P. Tšaikovski - Pas de deux balletist Luikede järv;Teemaõhtud;ETV2 > Teemaõhtud;;https://services.err.ee/api/v2/series/getSeriesData?type=video
2026-05-27;1608139144;0;Balletiminutid;Saated;Jupiter > Video > Saated;https://s.err.ee/photo/crop/2026/04/27/3399508hda40t5.jpg;https://services.err.ee/api/v2/series/getSeriesData?type=video
2026-05-27;1608139150;1759077900;Telelavastus. Teatrifantoom;Filmid;ETV > Filmid;https://s.err.ee/photo/crop/2025/09/22/3024891he919t5.jpg;https://services.err.ee/api/v2/series/getSeriesData?type=video
2026-05-27;1608139543;0;Salapärased saared Vaikses ookeanis;Saated;Jupiter > Video > Saated;https://s.err.ee/photo/crop/2025/04/07/2815487h29ddt5.jpg;https://services.err.ee/api/v2/series/getSeriesData?type=video
2026-05-27;1608139654;0;Eesti jalgpalliklubide mängud Euroopas;Sport;ETV2 > Sport;;https://services.err.ee/api/v2/series/getSeriesData?type=video
2026-05-27;1608139735;0;Iluuisutamise MM Prahas;Sport;ETV2 > Sport;https://s.err.ee/photo/crop/2026/03/23/3273441h841at5.jpg;https://services.err.ee/api/v2/series/getSeriesData?type=video
2026-05-27;1608139762;1616873700;Teatri aastaauhinnad;Kultuur;ETV > Kultuur;https://s.err.ee/photo/crop/2021/03/26/967606h62cdt5.jpg;https://services.err.ee/api/v2/series/getSeriesData?type=video
2026-05-27;1608139768;0;Kool minu kodus;Saated;ETV > Saated;https://s.err.ee/photo/crop/2021/03/24/965866ha857t5.jpg;https://services.err.ee/api/v2/series/getSeriesData?type=video
2026-05-27;1608139780;0;Jalgpalli MM valikmängud;Sport;ETV2 > Sport;https://s.err.ee/photo/crop/2025/09/11/3009180hed47t5.jpg;https://services.err.ee/api/v2/series/getSeriesData?type=video
2026-05-27;1608140425;1760162400;Kunksmoor;Etendused;Lasteekraan > Vaata ja kuula > Video > Etendused;https://s.err.ee/photo/crop/2025/10/08/3042786h02dct5.jpg;https://services.err.ee/api/v2/series/getSeriesData?type=video
2026-05-27;1608141868;0;Mis tunne on?!;Sport;Jupiter > Video > Teemad > Sport;https://s.err.ee/photo/crop/2024/05/06/2381493h71e7t5.jpg;https://services.err.ee/api/v2/series/getSeriesData?type=video
2026-05-27;1608142660;1775218200;Vahimehed suure järve rannal;Dokumentaal;Jupiter > Video > Filmid > Dokumentaal;https://s.err.ee/photo/crop/2024/03/28/2328753ha143t5.jpg;https://services.err.ee/api/v2/series/getSeriesData?type=video
2026-05-27;1608142939;1685785500;Varastatud kohtumine;Eesti;Jupiter > Video > Filmid > Eesti;https://s.err.ee/photo/crop/2021/03/17/957976hf1fbt5.jpg;https://services.err.ee/api/v2/series/getSeriesData?type=video
2026-05-27;1608145498;0;Kivikasukas;Dokumentaal;Jupiter > Video > Filmid > Dokumentaal;;https://services.err.ee/api/v2/series/getSeriesData?type=video
2026-05-27;1608145639;0;Meie klass;Dokumentaal;Jupiter > Video > Filmid > Dokumentaal;https://s.err.ee/photo/crop/2021/06/02/1027707h968et5.jpg;https://services.err.ee/api/v2/series/getSeriesData?type=video
2026-05-27;1608145642;0;Linn ja maa;Dokumentaal;Jupiter > Video > Filmid > Dokumentaal;;https://services.err.ee/api/v2/series/getSeriesData?type=video
2026-05-27;1608145651;1757678100;Inimeselt inimesele;Filmid;Jupiter > Video > Filmid;https://s.err.ee/photo/crop/2025/09/08/3004677h95fbt5.jpg;https://services.err.ee/api/v2/series/getSeriesData?type=video
2026-05-27;1608145654;0;Valikuvõimalus;Dokumentaal;Jupiter > Video > Filmid > Dokumentaal;;https://services.err.ee/api/v2/series/getSeriesData?type=video
2026-05-27;1608145657;0;Aino Talvi;Dokumentaal;Jupiter > Video > Filmid > Dokumentaal;;https://services.err.ee/api/v2/series/getSeriesData?type=video
2026-05-27;1608147730;0;Teatrietendus. Silme ees läheb mustaks;Lavastused;Jupiter > Video > Saated > Lavastused;https://s.err.ee/photo/crop/2021/03/24/966208h443ft5.jpg;https://services.err.ee/api/v2/series/getSeriesData?type=video
2026-05-27;1608147775;1691958000;Olete te õnnelik, Ita Ever?;Teemaõhtud;ETV2 > Teemaõhtud;https://s.err.ee/photo/crop/2026/03/30/3283725hcd34t5.jpg;https://services.err.ee/api/v2/series/getSeriesData?type=video
2026-05-27;1608147778;0;Teatrietendus. Roosiaed;Lavastused;Jupiter > Video > Saated > Lavastused;https://s.err.ee/photo/crop/2026/03/30/3283524h8f37t5.jpg;https://services.err.ee/api/v2/series/getSeriesData?type=video
2026-05-27;1608147784;1617553800;Ita forEver;Teemaõhtud;ETV2 > Teemaõhtud;;https://services.err.ee/api/v2/series/getSeriesData?type=video
2026-05-27;1608147787;1726950300;Edgar Valter - viimane kohtumine;Portreesaated;ETV > Portreesaated;https://s.err.ee/photo/crop/2024/09/17/2548765h445ct5.jpg;https://services.err.ee/api/v2/series/getSeriesData?type=video
2026-05-27;1608147790;1775070600;Everiga ja Ever Ita;Portreesaated;ETV > Portreesaated;https://s.err.ee/photo/crop/2024/04/01/2333865ha672t5.jpg;https://services.err.ee/api/v2/series/getSeriesData?type=video
2026-05-27;1608147814;1769796000;Pöide, vaikiv tunnistaja;Dokumentaalid;ETV > Dokumentaalid;https://s.err.ee/photo/crop/2023/06/21/1962131hc420t5.jpg;https://services.err.ee/api/v2/series/getSeriesData?type=video
2026-05-27;1608147862;1775196000;100 aastat elu;Saated;ETV > Saated;https://s.err.ee/photo/crop/2024/02/21/2269533h928ft5.jpg;https://services.err.ee/api/v2/series/getSeriesData?type=video
2026-05-27;1608147865;1775233800;Via Dolorosa;Saated;Jupiter > Video > Saated;https://s.err.ee/photo/crop/2024/03/28/2328882hb703t5.jpg;https://services.err.ee/api/v2/series/getSeriesData?type=video
2026-05-27;1608148408;0;Jalgpalli maavõistlused;Sport;ETV2 > Sport;https://s.err.ee/photo/crop/2024/06/03/2424296h77e3t5.jpg;https://services.err.ee/api/v2/series/getSeriesData?type=video
2026-05-27;1608148456;0;Joanna Lumley Suurbritannia avastusretk;Dokumentaal;Jupiter > Video > Filmid > Dokumentaal;https://s.err.ee/photo/crop/2024/07/05/2463449h8ecct5.jpg;https://services.err.ee/api/v2/series/getSeriesData?type=video
2026-05-27;1608149131;0;Märtsiküüditamise mälestused;Saated;ETV > Saated;https://s.err.ee/photo/crop/2024/03/25/2321847hb5c0t5.jpg;https://services.err.ee/api/v2/series/getSeriesData?type=video
2026-05-27;1608152287;0;Filminäitleja;Saated;Jupiter > Video > Saated;https://s.err.ee/photo/crop/2025/06/26/2911689h8fe3t5.jpg;https://services.err.ee/api/v2/series/getSeriesData?type=video
2026-05-27;1608152332;0;Maskiga ja maskita. Ita Ever;Saated;Jupiter > Video > Saated;;https://services.err.ee/api/v2/series/getSeriesData?type=video
2026-05-27;1608152335;0;Meie videoteegist;Saated;Jupiter > Video > Saated;https://s.err.ee/photo/crop/2021/04/23/989041h19eft5.jpg;https://services.err.ee/api/v2/series/getSeriesData?type=video
2026-05-27;1608154285;1711732500;Kevadine kärbes;Vanad lemmikud;Lasteekraan > Vaata ja kuula > Teemad > Vanad lemmikud;https://s.err.ee/photo/crop/2024/03/28/2328897h19a7t5.jpg;https://services.err.ee/api/v2/series/getSeriesData?type=video
2026-05-27;1608154762;0;Teatrietendus. Mees, naine ja kontsert;Lavastused;Jupiter > Video > Saated > Lavastused;https://s.err.ee/photo/crop/2024/06/14/2436845h0b79t5.jpg;https://services.err.ee/api/v2/series/getSeriesData?type=video
2026-05-27;1608155044;0;Meie hõimlased;Saated;Jupiter > Video > Saated;https://s.err.ee/photo/crop/2023/09/21/2085062hbe26t5.jpg;https://services.err.ee/api/v2/series/getSeriesData?type=video
2026-05-27;1608155974;1775511900;Luigeluum;Dokumentaal;Jupiter > Video > Filmid > Dokumentaal;https://s.err.ee/photo/crop/2026/04/03/3289014h92b9t5.jpg;https://services.err.ee/api/v2/series/getSeriesData?type=video
2026-05-27;1608155983;1617876300;Regilaul - laulud õhust;Kultuur;ETV > Kultuur;https://s.err.ee/photo/crop/2026/02/09/3193568h4964t5.jpg;https://services.err.ee/api/v2/series/getSeriesData?type=video
2026-05-27;1608155986;1618133400;Mati Talvik - mees televisioonist;Portreesaated;ETV > Portreesaated;;https://services.err.ee/api/v2/series/getSeriesData?type=video
2026-05-27;1608156106;0;Eesti ÜRO Julgeolekunõukogus;Saated;ETV > Saated;https://s.err.ee/photo/crop/2021/09/20/1155464h1f48t5.jpg;https://services.err.ee/api/v2/series/getSeriesData?type=video
2026-05-27;1608159880;0;Vista. Vivita start-up videod;Saated;Jupiter > Video > Saated;https://s.err.ee/photo/crop/2021/04/12/980743hb4adt5.jpg;https://services.err.ee/api/v2/series/getSeriesData?type=video
2026-05-27;1608160357;0;Teatrietendus. Kolm õde;Lavastused;Jupiter > Video > Saated > Lavastused;https://s.err.ee/photo/crop/2026/03/30/3283920h35fet5.jpg;https://services.err.ee/api/v2/series/getSeriesData?type=video
2026-05-27;1608160423;0;Keskkonnake;Saated;Jupiter > Video > Saated;https://s.err.ee/photo/crop/2021/03/31/970918h6148t5.jpg;https://services.err.ee/api/v2/series/getSeriesData?type=video
2026-05-27;1608160456;0;MuinasTeeVee;Saated;Jupiter > Video > Saated;https://s.err.ee/photo/crop/2021/03/31/970924h98ddt5.jpg;https://services.err.ee/api/v2/series/getSeriesData?type=video
2026-05-27;1608160549;0;Teadus kolme minutiga;Saated;Jupiter > Video > Saated;https://s.err.ee/photo/crop/2021/03/31/970942h87e7t5.jpg;https://services.err.ee/api/v2/series/getSeriesData?type=video
2026-05-27;1608161944;1645985700;Teatrietendus. Polkovniku lesk;Lavastused;Jupiter > Video > Saated > Lavastused;https://s.err.ee/photo/crop/2021/09/21/1156838hf454t5.jpg;https://services.err.ee/api/v2/series/getSeriesData?type=video
2026-05-27;1608163123;1776639600;Morgani kohtumine organitega. Melonovell;Teemaõhtud;ETV2 > Teemaõhtud;https://s.err.ee/photo/crop/2026/04/13/3301270h4db5t5.jpg;https://services.err.ee/api/v2/series/getSeriesData?type=video
2026-05-27;1608163132;1618777800;Lennujaam;Teemaõhtud;ETV2 > Teemaõhtud;https://s.err.ee/photo/crop/2021/04/14/981898h283bt5.jpg;https://services.err.ee/api/v2/series/getSeriesData?type=video
2026-05-27;1608163135;0;Vastutuult;Saated;Jupiter > Video > Saated;https://s.err.ee/photo/crop/2021/04/22/988411h82b6t5.jpg;https://services.err.ee/api/v2/series/getSeriesData?type=video
2026-05-27;1608163141;1743077400;Libahundi needus;Eesti;Jupiter > Video > Filmid > Eesti;https://s.err.ee/photo/crop/2024/02/28/2285589h0709t5.jpg;https://services.err.ee/api/v2/series/getSeriesData?type=video
2026-05-27;1608163198;0;Areeni varjus;Dokumentaalid;ETV > Dokumentaalid;https://s.err.ee/photo/crop/2021/09/22/1157999h069at5.jpg;https://services.err.ee/api/v2/series/getSeriesData?type=video
2026-05-27;1608163213;1744887600;Peep Puksi lugu;Saated;Jupiter > Video > Saated;https://s.err.ee/photo/crop/2025/04/14/2823278hce88t5.jpg;https://services.err.ee/api/v2/series/getSeriesData?type=video
2026-05-27;1608163243;1713695100;Arne Mikk. Rahvuselt estoonlane;Saated;Jupiter > Video > Saated;https://s.err.ee/photo/crop/2024/04/17/2360250h1d7at5.jpg;https://services.err.ee/api/v2/series/getSeriesData?type=video
2026-05-27;1608166057;0;Teatrivara;Saated;Jupiter > Video > Saated;https://s.err.ee/photo/crop/2025/11/10/3083187h2826t5.jpg;https://services.err.ee/api/v2/series/getSeriesData?type=video
2026-05-27;1608166171;1775893500;Talvik, Eesti Televisioonist;Saated;Jupiter > Video > Saated;https://s.err.ee/photo/crop/2025/06/09/2894892h4b6ft5.jpg;https://services.err.ee/api/v2/series/getSeriesData?type=video
2026-05-27;1608168109;0;Inimeseloomake;Saated;Jupiter > Video > Saated;https://s.err.ee/photo/crop/2021/04/14/982447h9735t5.jpg;https://services.err.ee/api/v2/series/getSeriesData?type=video
2026-05-27;1608168136;0;Õpiõu!;Saated;Jupiter > Video > Saated;https://s.err.ee/photo/crop/2021/04/14/982501hb469t5.jpg;https://services.err.ee/api/v2/series/getSeriesData?type=video
2026-05-27;1608168235;0;Meediapädevuse õppevideod;Saated;Jupiter > Video > Saated;https://s.err.ee/photo/crop/2023/12/27/2196334hfcc1t5.jpg;https://services.err.ee/api/v2/series/getSeriesData?type=video
2026-05-27;1608170581;0;Tartu muusikapäevad;Kategooriata saated;Jupiter > Kategooriata saated;;https://services.err.ee/api/v2/series/getSeriesData?type=video
2026-05-27;1608170596;0;Noortemuusika;Saated;ETV2 > Saated;https://s.err.ee/photo/crop/2026/04/21/3345367hc48ct5.jpg;https://services.err.ee/api/v2/series/getSeriesData?type=video
2026-05-27;1608170602;0;Ahvatlev ettepanek;Saated;ETV2 > Saated;https://s.err.ee/photo/crop/2023/06/21/1961186h4523t5.jpg;https://services.err.ee/api/v2/series/getSeriesData?type=video
2026-05-27;1608170608;1777239300;Mattiiseni õpilased;Teemaõhtud;ETV2 > Teemaõhtud;https://s.err.ee/photo/crop/2026/04/20/3345217ha85dt5.jpg;https://services.err.ee/api/v2/series/getSeriesData?type=video
2026-05-27;1608170614;1777221300;Volikiri Alo Mattiisenile;Teemaõhtud;ETV2 > Teemaõhtud;https://s.err.ee/photo/crop/2021/04/15/983818h10e5t5.jpg;https://services.err.ee/api/v2/series/getSeriesData?type=video
2026-05-27;1608170617;0;Eestimaa kuulsad inimesed;Portreesaated;ETV > Portreesaated;https://s.err.ee/photo/crop/2024/09/09/2539676hf573t5.jpg;https://services.err.ee/api/v2/series/getSeriesData?type=video
2026-05-27;1608170626;1779042300;Kümme aastat hiljem. Eurovisioon Tallinnas;Kultuur;ETV > Kultuur;https://s.err.ee/photo/crop/2025/05/05/2848928ha26ct5.jpg;https://services.err.ee/api/v2/series/getSeriesData?type=video
2026-05-27;1608170653;1740432000;Kodumaa karjed;Lavastused;ETV2 > Lavastused;https://s.err.ee/photo/crop/2025/02/23/2752349h77d2t5.jpg;https://services.err.ee/api/v2/series/getSeriesData?type=video
2026-05-27;1608170668;1762709700;Koeratüdruk Lotte lugu;Lastesaated ja -sarjad;Lasteekraan > Vaata ja kuula > Video > Sarjad > Lastesaated ja -sarjad;https://s.err.ee/photo/crop/2025/11/06/3078417h7bfet5.jpg;https://services.err.ee/api/v2/series/getSeriesData?type=video
2026-05-27;1608170674;1776884700;Alo. Surematu;Saated;Jupiter > Video > Saated;https://s.err.ee/photo/crop/2024/08/19/2512285hf577t5.jpg;https://services.err.ee/api/v2/series/getSeriesData?type=video
2026-05-27;1608170740;1741695000;Nutineedus. Vahur Kersna vestleb aju-uurija Jaan Aruga;Saated;Jupiter > Video > Saated;https://s.err.ee/photo/crop/2025/03/10/2773745haea2t5.jpg;https://services.err.ee/api/v2/series/getSeriesData?type=video
2026-05-27;1608171268;1618859700;Vaktsiin - uus maailmavaluuta;Dokumentaalid;ETV > Dokumentaalid;https://s.err.ee/photo/crop/2021/04/16/984817hbfabt5.jpg;https://services.err.ee/api/v2/series/getSeriesData?type=video
2026-05-27;1608174967;0;Eurolaulud 2020 eesti viipekeeles;Saated;Jupiter > Video > Saated;;https://services.err.ee/api/v2/series/getSeriesData?type=video
2026-05-27;1608176008;0;Klass: elu pärast;Draama;Jupiter > Video > Sarjad > Draama;https://s.err.ee/photo/crop/2023/10/06/2101064h6e70t5.jpg;https://services.err.ee/api/v2/series/getSeriesData?type=video
2026-05-27;1608176110;1778069700;Väljasuremine: faktid;Dokumentaal;Jupiter > Video > Filmid > Dokumentaal;https://s.err.ee/photo/crop/2024/03/13/2305164h30c3t5.jpg;https://services.err.ee/api/v2/series/getSeriesData?type=video
2026-05-27;1608176191;1684695900;KLASS;Eesti;Jupiter > Video > Filmid > Eesti;https://s.err.ee/photo/crop/2022/01/21/1319141h9628t5.jpg;https://services.err.ee/api/v2/series/getSeriesData?type=video
2026-05-27;1608178357;0;Unustamatu;Krimi;Jupiter > Video > Sarjad > Krimi;https://s.err.ee/photo/crop/2026/01/26/3165659hb2c5t5.jpg;https://services.err.ee/api/v2/series/getSeriesData?type=video
2026-05-27;1608179158;1717239900;Kevadmängud;Muusika;Lasteekraan > Vaata ja kuula > Teemad > Muusika, teater ja tants > Muusika;https://s.err.ee/photo/crop/2022/05/26/1488385h47c6t5.jpg;https://services.err.ee/api/v2/series/getSeriesData?type=video
2026-05-27;1608179161;0;Tsirkus Maksimus;Kontserdid;ETV2 > Kontserdid;https://s.err.ee/photo/crop/2021/04/28/993952h15d7t5.jpg;https://services.err.ee/api/v2/series/getSeriesData?type=video
2026-05-27;1608179170;1777222500;Alo laulud;Kontserdid;ETV2 > Kontserdid;https://s.err.ee/photo/crop/2026/04/20/3345352h5465t5.jpg;https://services.err.ee/api/v2/series/getSeriesData?type=video
2026-05-27;1608179173;1619988000;Silvi ja So What;Teemaõhtud;ETV2 > Teemaõhtud;;https://services.err.ee/api/v2/series/getSeriesData?type=video
2026-05-27;1608179176;1777825800;Silvi Vrait;Teemaõhtud;ETV2 > Teemaõhtud;https://s.err.ee/photo/crop/2026/04/27/3399658h8dfct5.jpg;https://services.err.ee/api/v2/series/getSeriesData?type=video
2026-05-27;1608179293;1751098500;Tulekandjad;Saated;Jupiter > Video > Saated;https://s.err.ee/photo/crop/2024/06/26/2452457h92c9t5.jpg;https://services.err.ee/api/v2/series/getSeriesData?type=video
2026-05-27;1608179836;0;Lastekirjandusministeerium;Lastesaated ja -sarjad;Lasteekraan > Vaata ja kuula > Video > Sarjad > Lastesaated ja -sarjad;https://s.err.ee/photo/crop/2025/09/01/2996334h74b8t5.jpg;https://services.err.ee/api/v2/series/getSeriesData?type=video
2026-05-27;1608184120;0;Armastus kolme apelsini vastu. Lõpuetendus;Lavastused;Jupiter > Video > Saated > Lavastused;https://s.err.ee/photo/crop/2021/04/23/989089h8f29t5.jpg;https://services.err.ee/api/v2/series/getSeriesData?type=video
2026-05-27;1608184567;0;Avastamata Aasia;Dokumentaal;Jupiter > Video > Filmid > Dokumentaal;https://s.err.ee/photo/crop/2024/06/25/2451803h12fat5.jpg;https://services.err.ee/api/v2/series/getSeriesData?type=video
2026-05-27;1608184738;0;Jane Eyre;Draama;Jupiter > Video > Sarjad > Draama;https://s.err.ee/photo/crop/2020/06/08/786604h0f88t5.jpg;https://services.err.ee/api/v2/series/getSeriesData?type=video
2026-05-27;1608185836;0;Jaan Kross 100. Eesti avastamine;Saated;Jupiter > Video > Saated;;https://services.err.ee/api/v2/series/getSeriesData?type=video
2026-05-27;1608187396;1778399100;Õnneseen;Muusika;Lasteekraan > Vaata ja kuula > Teemad > Muusika, teater ja tants > Muusika;https://s.err.ee/photo/crop/2020/10/14/828817hf64bt5.png;https://services.err.ee/api/v2/series/getSeriesData?type=video
2026-05-27;1608187669;1652027700;Teatrietendus. Emadepäev;Lavastused;ETV2 > Lavastused;https://s.err.ee/photo/crop/2026/05/04/3498649hd789t5.jpg;https://services.err.ee/api/v2/series/getSeriesData?type=video
2026-05-27;1608187996;0;Pinge 2032;Soovitame;ETV > Soovitame;https://s.err.ee/photo/crop/2022/05/03/1457419ha4d6t5.jpg;https://services.err.ee/api/v2/series/getSeriesData?type=video
2026-05-27;1608188038;0;Puit arhitektuuris;Saated;Jupiter > Video > Saated;https://s.err.ee/photo/crop/2024/06/04/2425433h006at5.jpg;https://services.err.ee/api/v2/series/getSeriesData?type=video
2026-05-27;1608188083;0;Õpe ei lõpe;Saated;Jupiter > Video > Saated;https://s.err.ee/photo/crop/2025/04/09/2817956h5c39t5.jpg;https://services.err.ee/api/v2/series/getSeriesData?type=video
2026-05-27;1608188089;1746956700;Soovikontsert emadele;Saated;Jupiter > Video > Saated;https://s.err.ee/photo/crop/2025/05/05/2848919h7ce0t5.jpg;https://services.err.ee/api/v2/series/getSeriesData?type=video
2026-05-27;1608191524;0;Ornitoloogiaühing 100;Saated;Jupiter > Video > Saated;https://s.err.ee/photo/crop/2021/04/26/991651hffe8t5.jpg;https://services.err.ee/api/v2/series/getSeriesData?type=video
2026-05-27;1608191947;1775657100;Intervjuu Ago-Endrik Kergega;Portreesaated;ETV > Portreesaated;https://s.err.ee/photo/crop/2026/04/03/3289035h916bt5.jpg;https://services.err.ee/api/v2/series/getSeriesData?type=video
2026-05-27;1608192730;1733618100;Nuta või naera;Saated;Jupiter > Video > Saated;;https://services.err.ee/api/v2/series/getSeriesData?type=video
2026-05-27;1608195403;1754046900;Kapsapea;Teemaõhtud;ETV2 > Teemaõhtud;https://s.err.ee/photo/crop/2025/08/04/2965743h9fd9t5.jpg;https://services.err.ee/api/v2/series/getSeriesData?type=video
2026-05-27;1608195445;1750806300;Kreisiraadio tänutuur;Kultuur;ETV > Kultuur;https://s.err.ee/photo/crop/2021/05/12/1006828h7671t5.jpg;https://services.err.ee/api/v2/series/getSeriesData?type=video
2026-05-27;1608195511;1683983100;Aarne Rannamäe. Ajakirjaniku ajastu;Portreesaated;ETV > Portreesaated;https://s.err.ee/photo/crop/2021/05/10/1004710hc1cbt5.jpg;https://services.err.ee/api/v2/series/getSeriesData?type=video
2026-05-27;1608195526;1736580900;President Arnold Rüütel. Intervjuu;Portreesaated;ETV > Portreesaated;https://s.err.ee/photo/crop/2025/01/09/2684218h924dt5.jpg;https://services.err.ee/api/v2/series/getSeriesData?type=video
2026-05-27;1608195571;1770924000;Raskused viivad tippu. Jaan Talts;Saated;Jupiter > Video > Saated;https://s.err.ee/photo/crop/2024/05/13/2393121h1f5dt5.jpg;https://services.err.ee/api/v2/series/getSeriesData?type=video
2026-05-27;1608195952;0;Osoon: Virumaa veed puhtaks;Saated;Jupiter > Video > Saated;https://s.err.ee/photo/crop/2024/09/30/2563129h2cc5t5.jpg;https://services.err.ee/api/v2/series/getSeriesData?type=video
2026-05-27;1608199498;0;Peeter Pihel soovitab;Saated;Jupiter > Video > Saated;https://s.err.ee/photo/crop/2021/05/03/998038h14a2t5.jpg;https://services.err.ee/api/v2/series/getSeriesData?type=video
2026-05-27;1608200986;0;Riho Undi joonisfilmid;Animatsioon;Jupiter > Video > Filmid > Animatsioon;https://s.err.ee/photo/crop/2021/05/12/1006444h5fd3t5.jpg;https://services.err.ee/api/v2/series/getSeriesData?type=video
2026-05-27;1608201184;0;Loomaaiast loodusesse;Saated;Jupiter > Video > Saated;;https://services.err.ee/api/v2/series/getSeriesData?type=video
2026-05-27;1608203731;1763276400;Röövlirahnu Martin;Lastefilmid;Lasteekraan > Vaata ja kuula > Video > Filmid > Lastefilmid;https://s.err.ee/photo/crop/2024/07/29/2490475h5747t5.jpg;https://services.err.ee/api/v2/series/getSeriesData?type=video
2026-05-27;1608203734;0;Imet tabamas;Saated;Jupiter > Video > Saated;https://s.err.ee/photo/crop/2024/04/02/2335722had19t5.jpg;https://services.err.ee/api/v2/series/getSeriesData?type=video
2026-05-27;1608203740;0;Kitsas king;Saated;Jupiter > Video > Saated;https://s.err.ee/photo/crop/2025/06/26/2911596hd0cet5.jpg;https://services.err.ee/api/v2/series/getSeriesData?type=video
2026-05-27;1608203752;0;Teatrietendus. ...mina pean teed juua saama!;Lavastused;ETV2 > Lavastused;https://s.err.ee/photo/crop/2021/05/19/1012738hf2ect5.jpg;https://services.err.ee/api/v2/series/getSeriesData?type=video
2026-05-27;1608203800;1652300700;10 aastat Eesti Laulu;Saated;Jupiter > Video > Saated;https://s.err.ee/photo/crop/2022/05/11/1468900h194ft5.jpg;https://services.err.ee/api/v2/series/getSeriesData?type=video
2026-05-27;1608204256;0;Jäähoki MM;Sport;ETV2 > Sport;https://s.err.ee/photo/crop/2024/05/09/2386629ha9d0t5.jpg;https://services.err.ee/api/v2/series/getSeriesData?type=video
2026-05-27;1608204376;1780074000;Reklaamiklubi naeratus;Saated;Jupiter > Video > Saated;https://s.err.ee/photo/crop/2023/11/16/2152879h6d01t5.jpg;https://services.err.ee/api/v2/series/getSeriesData?type=video
2026-05-27;1608204844;0;Eesti Laul. Parimad (vahe)palad;Saated;Jupiter > Video > Saated;https://s.err.ee/photo/crop/2026/02/09/3194492hb86ct5.jpg;https://services.err.ee/api/v2/series/getSeriesData?type=video
2026-05-27;1608205114;0;Homo sapiens;Saated;Jupiter > Video > Saated;https://s.err.ee/photo/crop/2021/05/11/1005460h36bat5.jpg;https://services.err.ee/api/v2/series/getSeriesData?type=video
2026-05-27;1608205228;0;Tudengiloss;Saated;Jupiter > Video > Saated;;https://services.err.ee/api/v2/series/getSeriesData?type=video
2026-05-27;1608206062;0;Kutsikate ja kassipoegade imeline maailm;Lastesaated ja -sarjad;Lasteekraan > Vaata ja kuula > Video > Sarjad > Lastesaated ja -sarjad;https://s.err.ee/photo/crop/2026/02/09/3193541hf3d0t5.jpg;https://services.err.ee/api/v2/series/getSeriesData?type=video
2026-05-27;1608211315;0;Eurolaulud 2021 eesti viipekeeles;Saated;Jupiter > Video > Saated;https://s.err.ee/photo/crop/2021/05/17/1010764h57aat5.jpg;https://services.err.ee/api/v2/series/getSeriesData?type=video
2026-05-27;1608211696;1780182300;Kuldne 3;Saated;Jupiter > Video > Saated;https://s.err.ee/photo/crop/2021/05/26/1020745h4a3dt5.jpg;https://services.err.ee/api/v2/series/getSeriesData?type=video
2026-05-27;1608211699;1780176600;Kuldne Trio. Hõbepulm;Teemaõhtud;ETV2 > Teemaõhtud;https://s.err.ee/photo/crop/2021/05/26/1020976h7956t5.jpg;https://services.err.ee/api/v2/series/getSeriesData?type=video
2026-05-27;1608211702;1622282100;Telelavastus. Ebajumal;Lavastused;ETV2 > Lavastused;https://s.err.ee/photo/crop/2021/05/25/1019530hb309t5.jpg;https://services.err.ee/api/v2/series/getSeriesData?type=video
2026-05-27;1608211708;1780147800;Oh valu ja vaev. Kuldne Trio;Saated;Jupiter > Video > Saated;https://s.err.ee/photo/crop/2021/05/26/1021000h74eat5.jpg;https://services.err.ee/api/v2/series/getSeriesData?type=video
2026-05-27;1608211711;1752042300;On meie keskel suvi;Muusika;Lasteekraan > Vaata ja kuula > Teemad > Muusika, teater ja tants > Muusika;https://s.err.ee/photo/crop/2024/06/04/2425859h3763t5.jpg;https://services.err.ee/api/v2/series/getSeriesData?type=video
2026-05-27;1608211789;1753698600;Kalevipoja kangelasjooks;Dokumentaal;Jupiter > Video > Filmid > Dokumentaal;https://s.err.ee/photo/crop/2025/07/28/2960250hb697t5.jpg;https://services.err.ee/api/v2/series/getSeriesData?type=video
2026-05-27;1608212338;1779993000;Sepo 50;Teemaõhtud;ETV2 > Teemaõhtud;https://s.err.ee/photo/crop/2024/07/29/2490391ha4b8t5.jpg;https://services.err.ee/api/v2/series/getSeriesData?type=video
2026-05-27;1608213439;1641808800;Ester Mägi. Kadents ja teema;Portreesaated;ETV > Portreesaated;https://s.err.ee/photo/crop/2026/03/03/3236198hfc69t5.jpg;https://services.err.ee/api/v2/series/getSeriesData?type=video
2026-05-27;1608215110;0;Eurovisiooni lauluvõistlus 2021;Saated;Jupiter > Video > Saated;https://s.err.ee/photo/crop/2021/05/17/1010980ha963t5.jpg;https://services.err.ee/api/v2/series/getSeriesData?type=video
2026-05-27;1608215182;0;Spotlight;Saated;Jupiter > Video > Saated;https://s.err.ee/photo/crop/2021/05/19/1012747h8e40t5.jpg;https://services.err.ee/api/v2/series/getSeriesData?type=video
2026-05-27;1608219241;0;Ela sajaga;Saated;Jupiter > Video > Saated;;https://services.err.ee/api/v2/series/getSeriesData?type=video
2026-05-27;1608219247;1780517700;Reet Linna: Elame veel!;Portreesaated;ETV > Portreesaated;https://s.err.ee/photo/crop/2024/05/29/2417223h7c67t5.jpg;https://services.err.ee/api/v2/series/getSeriesData?type=video
2026-05-27;1608219724;1622562300;Lastega ja lastele 2021;Saated;ETV > Saated;https://s.err.ee/photo/crop/2021/05/31/1025787h0bfat5.jpg;https://services.err.ee/api/v2/series/getSeriesData?type=video
2026-05-27;1608219733;1622565000;Pardiralli 2021;Saated;ETV > Saated;https://s.err.ee/photo/crop/2021/05/31/1025796h7380t5.jpg;https://services.err.ee/api/v2/series/getSeriesData?type=video
2026-05-27;1608219736;0;Pealtnägija tähed;Saated;ETV > Saated;;https://services.err.ee/api/v2/series/getSeriesData?type=video
2026-05-27;1608219745;1622831700;Eesti tänab. Riiklike teenetemärkide üleandmine;Saated;ETV > Saated;https://s.err.ee/photo/crop/2021/06/01/1026678h6e56t5.jpg;https://services.err.ee/api/v2/series/getSeriesData?type=video
2026-05-27;1608227161;1623498000;Guido Kangur. Kodukoht;Dokumentaalid;ETV2 > Dokumentaalid;https://s.err.ee/photo/crop/2021/06/08/1033185h6ffdt5.jpg;https://services.err.ee/api/v2/series/getSeriesData?type=video
2026-05-27;1608227221;1780849800;Kohtumine Ingo Normetiga;Saated;Jupiter > Video > Saated;https://s.err.ee/photo/crop/2022/09/09/1602481h4d16t5.jpg;https://services.err.ee/api/v2/series/getSeriesData?type=video
2026-05-27;1608227650;1623173400;Üllar Jörbergi armastus;Portreesaated;ETV > Portreesaated;https://s.err.ee/photo/crop/2024/04/30/2375889h65a0t5.jpg;https://services.err.ee/api/v2/series/getSeriesData?type=video
2026-05-27;1608227662;1780767000;Kutsutud külaline. Enn Eesmaa;Portreesaated;ETV > Portreesaated;https://s.err.ee/photo/crop/2025/06/06/2892396hb3b2t5.jpg;https://services.err.ee/api/v2/series/getSeriesData?type=video
2026-05-27;1608227668;1749369600;Guido Kangur. Elu ilusaim aeg;Portreesaated;ETV > Portreesaated;https://s.err.ee/photo/crop/2024/07/19/2478448h10c3t5.jpg;https://services.err.ee/api/v2/series/getSeriesData?type=video
2026-05-27;1608232566;0;Vladivostok;Saated;Jupiter > Video > Saated;https://s.err.ee/photo/crop/2024/08/05/2500138hbf9et5.jpg;https://services.err.ee/api/v2/series/getSeriesData?type=video
2026-05-27;1608234315;1624134000;Aeg armastada;Kultuur;ETV > Kultuur;https://s.err.ee/photo/crop/2021/06/16/1041273hbc21t5.jpg;https://services.err.ee/api/v2/series/getSeriesData?type=video
2026-05-27;1608234318;1673610600;Mälestuste maja;Filmid;ETV2 > Filmid;https://s.err.ee/photo/crop/2021/06/15/1039740haa4ft5.jpg;https://services.err.ee/api/v2/series/getSeriesData?type=video
2026-05-27;1608234324;1718451600;Aegumatu;Dokumentaalid;ETV > Dokumentaalid;https://s.err.ee/photo/crop/2024/06/13/2435861ha6c4t5.jpg;https://services.err.ee/api/v2/series/getSeriesData?type=video
2026-05-27;1608234420;1749892800;Kommunismiohvrite Memoriaal;Saated;Jupiter > Video > Saated;https://s.err.ee/photo/crop/2025/06/06/2892669h62cdt5.jpg;https://services.err.ee/api/v2/series/getSeriesData?type=video
2026-05-27;1608234435;1750275900;Roman Toi - tagasi kodus;Dokumentaal;Jupiter > Video > Filmid > Dokumentaal;https://s.err.ee/photo/crop/2025/06/16/2901051hce7et5.jpg;https://services.err.ee/api/v2/series/getSeriesData?type=video
2026-05-27;1608234795;1705763100;Üks ja ainus. Tallinna Balletikool;Dokumentaalid;ETV > Dokumentaalid;https://s.err.ee/photo/crop/2024/01/18/2219379hf9ect5.jpg;https://services.err.ee/api/v2/series/getSeriesData?type=video
2026-05-27;1608234798;1624221600;Kass kukub käppadele: Pauli laululaegas;Filmid;ETV2 > Filmid;https://s.err.ee/photo/crop/2021/06/15/1039773hd390t5.jpg;https://services.err.ee/api/v2/series/getSeriesData?type=video
2026-05-27;1608234801;1754304900;Patarei;Dokumentaalid;ETV2 > Dokumentaalid;https://s.err.ee/photo/crop/2024/02/23/2274126h3c3et5.jpg;https://services.err.ee/api/v2/series/getSeriesData?type=video
2026-05-27;1608234807;1724265000;Ain Anger. Väikesaarelt maailma tippu;Saated;Jupiter > Video > Saated;https://s.err.ee/photo/crop/2024/06/17/2439359hc117t5.jpg;https://services.err.ee/api/v2/series/getSeriesData?type=video
2026-05-27;1608234819;0;Jah, härra peaminister;Saated;Jupiter > Video > Saated;https://s.err.ee/photo/crop/2021/06/18/1042872h48a7t5.jpg;https://services.err.ee/api/v2/series/getSeriesData?type=video
2026-05-27;1608234864;0;OP lood;Kultuur;ETV > Kultuur;https://s.err.ee/photo/crop/2023/08/15/2034077h01a3t5.jpg;https://services.err.ee/api/v2/series/getSeriesData?type=video
2026-05-27;1608235815;0;Maaletulek;Eesti;Jupiter > Video > Filmid > Eesti;https://s.err.ee/photo/crop/2025/12/01/3110262h99d0t5.jpg;https://services.err.ee/api/v2/series/getSeriesData?type=video
2026-05-27;1608238488;0;Telelavastus. Armastuse ja juhuse mäng;Lavastused;Jupiter > Video > Saated > Lavastused;https://s.err.ee/photo/crop/2021/06/08/1033191hdb91t5.jpg;https://services.err.ee/api/v2/series/getSeriesData?type=video
2026-05-27;1608239169;0;Kadunud tsivilisatsiooni jälgedel;Saated;Jupiter > Video > Saated;https://s.err.ee/photo/crop/2021/06/09/1034085h58e8t5.jpg;https://services.err.ee/api/v2/series/getSeriesData?type=video
2026-05-27;1608239211;0;Kalamehe jutud;Saated;Jupiter > Video > Saated;https://s.err.ee/photo/crop/2023/11/23/2160895h1de4t5.jpg;https://services.err.ee/api/v2/series/getSeriesData?type=video
2026-05-27;1608239526;0;Teatrietendus. Lollid;Lavastused;Jupiter > Video > Saated > Lavastused;https://s.err.ee/photo/crop/2021/06/16/1041294ha8d8t5.jpg;https://services.err.ee/api/v2/series/getSeriesData?type=video
2026-05-27;1608240534;0;Öökull;Krimi;Jupiter > Video > Sarjad > Krimi;https://s.err.ee/photo/crop/2022/02/21/1364645h4979t5.jpg;https://services.err.ee/api/v2/series/getSeriesData?type=video
2026-05-27;1608240885;0;Rock Summer;Kontserdid ja muusika;Jupiter > Video > Saated > Kontserdid ja muusika;https://s.err.ee/photo/crop/2021/07/02/1057497hd5bdt5.jpg;https://services.err.ee/api/v2/series/getSeriesData?type=video
2026-05-27;1608240930;0;Rock Summer 25;Saated;Jupiter > Video > Saated;https://s.err.ee/photo/crop/2024/10/21/2588881h9cfat5.jpg;https://services.err.ee/api/v2/series/getSeriesData?type=video
2026-05-27;1608240957;0;Joanna Lumley Siiditee seiklus;Dokumentaalid;ETV > Dokumentaalid;https://s.err.ee/photo/crop/2026/03/16/3260144h920at5.jpg;https://services.err.ee/api/v2/series/getSeriesData?type=video
2026-05-27;1608242427;1756274400;Telelavastus. Üle linna Vinski;Etendused;Lasteekraan > Vaata ja kuula > Video > Etendused;https://s.err.ee/photo/crop/2024/06/25/2452321h4687t5.jpg;https://services.err.ee/api/v2/series/getSeriesData?type=video
2026-05-27;1608242439;0;Kõverpeegli klassikat;Kultuur;ETV > Kultuur;https://s.err.ee/photo/crop/2023/05/12/1910642h025ft5.jpg;https://services.err.ee/api/v2/series/getSeriesData?type=video
2026-05-27;1608242445;1773561600;Telelavastus. Meie maja tsirkus;Etendused;Lasteekraan > Vaata ja kuula > Video > Etendused;https://s.err.ee/photo/crop/2026/03/09/3247970ha096t5.jpg;https://services.err.ee/api/v2/series/getSeriesData?type=video
2026-05-27;1608242448;1624500600;Küte! Parim muusika 2000-2010;Kultuur;ETV > Kultuur;https://s.err.ee/photo/crop/2021/06/21/1045806h3522t5.jpg;https://services.err.ee/api/v2/series/getSeriesData?type=video
2026-05-27;1608242454;0;Tagamõtsa;Draama;Jupiter > Video > Sarjad > Draama;https://s.err.ee/photo/crop/2025/11/03/3074517hbad3t5.jpg;https://services.err.ee/api/v2/series/getSeriesData?type=video
2026-05-27;1608242478;0;Perepidu;Saated;Jupiter > Video > Saated;https://s.err.ee/photo/crop/2025/07/28/2960280h723bt5.jpg;https://services.err.ee/api/v2/series/getSeriesData?type=video
2026-05-27;1608242532;1757592900;Arvo Pärt. Neli lastelaulu;Muusika;Lasteekraan > Vaata ja kuula > Teemad > Muusika, teater ja tants > Muusika;https://s.err.ee/photo/crop/2025/09/08/3004344ha3eat5.jpg;https://services.err.ee/api/v2/series/getSeriesData?type=video
2026-05-27;1608242592;1716886800;"XXVII laulupidu ""Minu arm"". Kaunid hetked";Kultuur;ETV > Kultuur;https://s.err.ee/photo/crop/2024/05/27/2414268h486dt5.jpg;https://services.err.ee/api/v2/series/getSeriesData?type=video
2026-05-27;1608242715;1750722300;Terve Eesti jaaniõhtu. Videodisko;Kultuur;ETV > Kultuur;https://s.err.ee/photo/crop/2023/06/21/1961177hdc48t5.jpg;https://services.err.ee/api/v2/series/getSeriesData?type=video
2026-05-27;1608242934;1624434900;Võidupüha paraad 2021;Saated;ETV > Saated;https://s.err.ee/photo/crop/2021/06/21/1045566hd0bdt5.jpg;https://services.err.ee/api/v2/series/getSeriesData?type=video
2026-05-27;1608247254;0;Terve Eesti jaaniõhtu;Saated;Jupiter > Video > Saated;https://s.err.ee/photo/crop/2021/06/21/1045809h7b8bt5.jpg;https://services.err.ee/api/v2/series/getSeriesData?type=video
2026-05-27;1608247278;0;Teatrietendus. Tagahoovis;Lavastused;Jupiter > Video > Saated > Lavastused;https://s.err.ee/photo/crop/2021/06/21/1045578h14b4t5.jpg;https://services.err.ee/api/v2/series/getSeriesData?type=video
2026-05-27;1608249324;1625420100;Teatrietendus. Rästiku pihtimus;Lavastused;ETV2 > Lavastused;https://s.err.ee/photo/crop/2021/06/28/1052685h38bbt5.jpg;https://services.err.ee/api/v2/series/getSeriesData?type=video
2026-05-27;1608249390;1780038000;Peata oma sõbrad;Lühifilmid;Jupiter > Video > Filmid > Lühifilmid;https://s.err.ee/photo/crop/2025/06/21/2907642h994bt5.jpg;https://services.err.ee/api/v2/series/getSeriesData?type=video
2026-05-27;1608249480;1779870600;David Vseviov. Mineviku mõtestaja;Saated;Jupiter > Video > Saated;https://s.err.ee/photo/crop/2022/06/15/1512382hf5eft5.jpg;https://services.err.ee/api/v2/series/getSeriesData?type=video
2026-05-27;1608249780;1686649500;Võimlemispidu Kingitus;Soovitame;ETV > Soovitame;https://s.err.ee/photo/crop/2021/06/29/1054158h76d5t5.jpg;https://services.err.ee/api/v2/series/getSeriesData?type=video
2026-05-27;1608251610;0;Üksinda ookeanil;Saated;Jupiter > Video > Saated;https://s.err.ee/photo/crop/2021/06/30/1054509hf602t5.jpg;https://services.err.ee/api/v2/series/getSeriesData?type=video
2026-05-27;1608255387;0;Avatud toimik;Saated;Jupiter > Video > Saated;;https://services.err.ee/api/v2/series/getSeriesData?type=video
2026-05-27;1608255858;1700656200;Ruja. Need ei vaata tagasi?;Saated;Jupiter > Video > Saated;https://s.err.ee/photo/crop/2021/07/05/1061835h63e4t5.jpg;https://services.err.ee/api/v2/series/getSeriesData?type=video
2026-05-27;1608255861;0;Telelavastus. Tema majesteet komödiant;Lavastused;Jupiter > Video > Saated > Lavastused;https://s.err.ee/photo/crop/2024/06/14/2436863hbf1at5.jpg;https://services.err.ee/api/v2/series/getSeriesData?type=video
2026-05-27;1608255903;1755358800;Suvelõpp Viljandis;Muusika;Lasteekraan > Vaata ja kuula > Teemad > Muusika, teater ja tants > Muusika;https://s.err.ee/photo/crop/2023/08/21/2043584h32d1t5.jpg;https://services.err.ee/api/v2/series/getSeriesData?type=video
2026-05-27;1608256077;0;Pärnu Muusikafestival 50;Kontserdid ja muusika;Jupiter > Video > Saated > Kontserdid ja muusika;https://s.err.ee/photo/crop/2020/07/21/799859h0c65t5.jpg;https://services.err.ee/api/v2/series/getSeriesData?type=video
2026-05-27;1608256245;0;Ajalugu viie minutiga;Lastesaated ja -sarjad;Lasteekraan > Vaata ja kuula > Video > Sarjad > Lastesaated ja -sarjad;https://s.err.ee/photo/crop/2021/08/10/1105812h14bdt5.png;https://services.err.ee/api/v2/series/getSeriesData?type=video
2026-05-27;1608259971;0;Ainult kümme aastat;Saated;Jupiter > Video > Saated;https://s.err.ee/photo/crop/2024/04/26/2371518h9722t5.jpg;https://services.err.ee/api/v2/series/getSeriesData?type=video
2026-05-27;1608260268;0;Teatrietendus. Hommikusöök tundmatutega;Lavastused;Jupiter > Video > Saated > Lavastused;https://s.err.ee/photo/crop/2021/06/30/1054518hd557t5.jpg;https://services.err.ee/api/v2/series/getSeriesData?type=video
2026-05-27;1608264885;1626642900;Telelavastus. Juhtum seoses A. Trapeeži teisikuga;Lavastused;Jupiter > Video > Saated > Lavastused;;https://services.err.ee/api/v2/series/getSeriesData?type=video
2026-05-27;1608264888;0;Kõige suurem sõber;Lastesaated ja -sarjad;Lasteekraan > Vaata ja kuula > Video > Sarjad > Lastesaated ja -sarjad;https://s.err.ee/photo/crop/2023/03/17/1833071h40a5t5.jpg;https://services.err.ee/api/v2/series/getSeriesData?type=video
2026-05-27;1608264903;1626627300;Mitme näoga mees - Hendrik Toompere;Saated;Jupiter > Video > Saated;https://s.err.ee/photo/crop/2021/07/13/1071816hb4c0t5.jpg;https://services.err.ee/api/v2/series/getSeriesData?type=video
2026-05-27;1608264906;0;Teatrietendus. Gulliver ja Gulliver;Lavastused;Jupiter > Video > Saated > Lavastused;https://s.err.ee/photo/crop/2026/03/24/3274278h246bt5.jpg;https://services.err.ee/api/v2/series/getSeriesData?type=video
2026-05-27;1608271239;1627230600;Katedraal iseendas. Ervin Õunapuu;Saated;Jupiter > Video > Saated;https://s.err.ee/photo/crop/2021/07/14/1072347hb498t5.jpg;https://services.err.ee/api/v2/series/getSeriesData?type=video
2026-05-27;1608271248;1627241100;Telelavastus. Linnapea ehk Hirmu põhivormid;Lavastused;Jupiter > Video > Saated > Lavastused;https://s.err.ee/photo/crop/2021/07/14/1072329h0917t5.jpg;https://services.err.ee/api/v2/series/getSeriesData?type=video
2026-05-27;1608271329;1743506400;Tagasi Kadriorus;Dokumentaal;Jupiter > Video > Filmid > Dokumentaal;https://s.err.ee/photo/crop/2025/03/31/2806652h3c02t5.jpg;https://services.err.ee/api/v2/series/getSeriesData?type=video
2026-05-27;1608271668;1627156200;Paavo Järvi intervjuu;Elu - ja haridusssaated;ETV2 > Elu - ja haridusssaated;https://s.err.ee/photo/crop/2021/07/14/1072338h3b6at5.jpg;https://services.err.ee/api/v2/series/getSeriesData?type=video
2026-05-27;1608272289;0;Grimmituba;Saated;Jupiter > Video > Saated;https://s.err.ee/photo/crop/2021/07/14/1072344had88t5.jpg;https://services.err.ee/api/v2/series/getSeriesData?type=video
2026-05-27;1608272349;1755693600;Oli kord Rock Summer;Saated;Jupiter > Video > Saated;https://s.err.ee/photo/crop/2024/06/25/2452417h59c8t5.jpg;https://services.err.ee/api/v2/series/getSeriesData?type=video
2026-05-27;1608274533;0;Õhtune ekspress;Saated;Jupiter > Video > Saated;https://s.err.ee/photo/crop/2021/11/01/1202750h39f4t5.jpg;https://services.err.ee/api/v2/series/getSeriesData?type=video
2026-05-27;1608274635;0;Teeveejahutaja;Saated;Jupiter > Video > Saated;https://s.err.ee/photo/crop/2025/07/21/2953827h5f96t5.jpg;https://services.err.ee/api/v2/series/getSeriesData?type=video
2026-05-27;1608274935;0;7 vaprat. Kontsert;Saated;Jupiter > Video > Saated;;https://services.err.ee/api/v2/series/getSeriesData?type=video
2026-05-27;1608274950;0;7 vaprat. Unplugged;Saated;Jupiter > Video > Saated;;https://services.err.ee/api/v2/series/getSeriesData?type=video
2026-05-27;1608275025;0;Vapratest vapramad;Kontserdid ja muusika;Jupiter > Video > Saated > Kontserdid ja muusika;https://s.err.ee/photo/crop/2026/02/09/3192527h3dddt5.jpg;https://services.err.ee/api/v2/series/getSeriesData?type=video
2026-05-27;1608275058;0;7 VAPRAT;Saated;Jupiter > Video > Saated;;https://services.err.ee/api/v2/series/getSeriesData?type=video
2026-05-27;1608275070;0;Kontakti laulud;Kontserdid ja muusika;Jupiter > Video > Saated > Kontserdid ja muusika;https://s.err.ee/photo/crop/2021/09/28/1163951h43e5t5.jpg;https://services.err.ee/api/v2/series/getSeriesData?type=video
2026-05-27;1608276888;0;Teatrietendus. Füüsikud;Lavastused;Jupiter > Video > Saated > Lavastused;https://s.err.ee/photo/crop/2021/07/14/1072335hab3bt5.jpg;https://services.err.ee/api/v2/series/getSeriesData?type=video
2026-05-27;1608276945;0;Ajaproov;Saated;Jupiter > Video > Saated;https://s.err.ee/photo/crop/2021/09/01/1130456hae9ct5.jpg;https://services.err.ee/api/v2/series/getSeriesData?type=video
2026-05-27;1608278913;0;Aeg enesele;Saated;Jupiter > Video > Saated;;https://services.err.ee/api/v2/series/getSeriesData?type=video
2026-05-27;1608278994;0;Õhtutund kirjanikuga;Saated;Jupiter > Video > Saated;https://s.err.ee/photo/crop/2024/03/26/2324913h174ct5.jpg;https://services.err.ee/api/v2/series/getSeriesData?type=video
2026-05-27;1608280398;0;Köögikunst;Saated;Jupiter > Video > Saated;https://s.err.ee/photo/crop/2024/03/15/2310366h62f9t5.jpg;https://services.err.ee/api/v2/series/getSeriesData?type=video
2026-05-27;1608285429;1636918800;Sass, kes kõnnib omapead. Näitleja Aleksander Eelmaa;Saated;ETV2 > Saated;https://s.err.ee/photo/crop/2021/07/22/1083105hbc7ct5.png;https://services.err.ee/api/v2/series/getSeriesData?type=video
2026-05-27;1608287310;1754815800;Unustatud rahvaste jälgedes III;Saated;Jupiter > Video > Saated;https://s.err.ee/photo/crop/2025/08/04/2965791hf0f3t5.jpg;https://services.err.ee/api/v2/series/getSeriesData?type=video
2026-05-27;1608287313;1628463000;Kass kukub käppadele: Harjutusi Florianile;Filmid;ETV2 > Filmid;https://s.err.ee/photo/crop/2021/07/28/1091508hf187t5.png;https://services.err.ee/api/v2/series/getSeriesData?type=video
2026-05-27;1608292452;1629049500;Teatriöö;Portreesaated;ETV2 > Portreesaated;https://s.err.ee/photo/crop/2021/08/03/1098879hb11ct5.jpg;https://services.err.ee/api/v2/series/getSeriesData?type=video
2026-05-27;1608292455;1763899800;Telelavastus. Minu veetlev Kunder;Lavastused;Jupiter > Video > Saated > Lavastused;https://s.err.ee/photo/crop/2025/04/07/2815607h33dft5.jpg;https://services.err.ee/api/v2/series/getSeriesData?type=video
2026-05-27;1608292458;1629061800;Meloodia 69;Kontserdid;ETV2 > Kontserdid;https://s.err.ee/photo/crop/2021/08/03/1098897h096et5.jpg;https://services.err.ee/api/v2/series/getSeriesData?type=video
2026-05-27;1608292461;1629050700;Helgi!;Portreesaated;ETV2 > Portreesaated;https://s.err.ee/photo/crop/2021/08/03/1098891h1bb5t5.jpg;https://services.err.ee/api/v2/series/getSeriesData?type=video
2026-05-27;1608292464;1629058200;Ma vajan lavastajat! Helgi Sallo;Portreesaated;ETV2 > Portreesaated;https://s.err.ee/photo/crop/2021/08/03/1098894h1aa2t5.jpg;https://services.err.ee/api/v2/series/getSeriesData?type=video
2026-05-27;1608292467;1769509800;Kinnunen;Komöödia;Jupiter > Video > Filmid > Komöödia;https://s.err.ee/photo/crop/2026/01/26/3165545h7e46t5.jpg;https://services.err.ee/api/v2/series/getSeriesData?type=video
2026-05-27;1608292476;1772543100;Mari Kalkun - 4 laulu;Kultuur;ETV > Kultuur;https://s.err.ee/photo/crop/2026/03/03/3236333h5fe4t5.jpg;https://services.err.ee/api/v2/series/getSeriesData?type=video
2026-05-27;1608292671;1766674800;Helgi Sallo. Jumala puudutus;Portreesaated;ETV2 > Portreesaated;https://s.err.ee/photo/crop/2025/12/22/3134851h09a4t5.jpg;https://services.err.ee/api/v2/series/getSeriesData?type=video
2026-05-27;1608292716;1741513500;Elu on vaid üks sõit;Dokumentaalid;ETV > Dokumentaalid;https://s.err.ee/photo/crop/2024/08/21/2516068h4268t5.jpg;https://services.err.ee/api/v2/series/getSeriesData?type=video
2026-05-27;1608298878;1746900300;Lend Singapuri;Dokumentaalid;ETV > Dokumentaalid;https://s.err.ee/photo/crop/2025/05/05/2848679h0062t5.jpg;https://services.err.ee/api/v2/series/getSeriesData?type=video
2026-05-27;1608298881;1661086200;Keisrilõige;Dokumentaal;Jupiter > Video > Filmid > Dokumentaal;https://s.err.ee/photo/crop/2021/08/17/1111991h8195t5.jpg;https://services.err.ee/api/v2/series/getSeriesData?type=video
2026-05-27;1608298884;1711909500;Mina, Lennart Meri;Dokumentaal;Jupiter > Video > Filmid > Dokumentaal;https://s.err.ee/photo/crop/2024/03/25/2321796ha625t5.jpg;https://services.err.ee/api/v2/series/getSeriesData?type=video
2026-05-27;1608298887;1755703800;August 1991;Eesti;Jupiter > Video > Filmid > Eesti;https://s.err.ee/photo/crop/2024/02/21/2270196hb3fbt5.jpg;https://services.err.ee/api/v2/series/getSeriesData?type=video
2026-05-27;1608298962;1687595400;Minu laulu- ja tantsupidu;Kultuur;ETV > Kultuur;https://s.err.ee/photo/crop/2023/06/21/1961201h74e6t5.jpg;https://services.err.ee/api/v2/series/getSeriesData?type=video
2026-05-27;1608298986;1720691100;Saja lugu. Kuidas portreteerida eestlast?;Saated;Jupiter > Video > Saated;https://s.err.ee/photo/crop/2022/08/05/1560886ha852t5.jpg;https://services.err.ee/api/v2/series/getSeriesData?type=video
2026-05-27;1608299019;1708782000;100 aastat siia-sinna. Vahur Kersnaga;Saated;Jupiter > Video > Saated;https://s.err.ee/photo/crop/2020/07/23/800448he3cbt5.jpg;https://services.err.ee/api/v2/series/getSeriesData?type=video
2026-05-27;1608299034;1756116900;Balti kett 30. Ärgake Baltimaad!;Dokumentaal;Jupiter > Video > Filmid > Dokumentaal;https://s.err.ee/photo/crop/2024/08/22/2519500he92ct5.jpg;https://services.err.ee/api/v2/series/getSeriesData?type=video
2026-05-27;1608299259;0;Vabaduse tee;Saated;Jupiter > Video > Saated;https://s.err.ee/photo/crop/2025/01/09/2684224hcb28t5.jpg;https://services.err.ee/api/v2/series/getSeriesData?type=video
2026-05-27;1608299292;0;"Üle-eestiline öölaulupidu ""Vaba Eesti!""";Kontserdid ja muusika;Jupiter > Video > Saated > Kontserdid ja muusika;https://s.err.ee/photo/crop/2024/08/19/2513035h74ddt5.jpg;https://services.err.ee/api/v2/series/getSeriesData?type=video
2026-05-27;1608299298;1629450000;20. Augusti Klubi ja XIV Riigikogu pidulik istung;Soovitame;ETV > Soovitame;https://s.err.ee/photo/crop/2021/08/17/1111949h1bbdt5.jpg;https://services.err.ee/api/v2/series/getSeriesData?type=video
2026-05-27;1608299301;1629431700;Pidulik riigilipu heiskamine Pika Hermanni torni;Saated;ETV > Saated;;https://services.err.ee/api/v2/series/getSeriesData?type=video
2026-05-27;1608299304;1687171800;Naise vaim ja vägi. Kontsert Kuberneri aias;Kultuur;ETV > Kultuur;https://s.err.ee/photo/crop/2021/08/17/1111952hd859t5.jpg;https://services.err.ee/api/v2/series/getSeriesData?type=video
2026-05-27;1608299307;1632246600;Kõik kestab edasi;Kontserdid;ETV2 > Kontserdid;;https://services.err.ee/api/v2/series/getSeriesData?type=video
2026-05-27;1608299322;1629468000;Eesti Vabariigi presidendi vastuvõtt Kadrioru lossi roosiaias 2021;Soovitame;ETV > Soovitame;https://s.err.ee/photo/crop/2021/08/17/1111958h75dbt5.jpg;https://services.err.ee/api/v2/series/getSeriesData?type=video
2026-05-27;1608299331;1755664500;Eesti 30 hetke;Saated;Jupiter > Video > Saated;https://s.err.ee/photo/crop/2024/06/18/2441129h975dt5.jpg;https://services.err.ee/api/v2/series/getSeriesData?type=video
2026-05-27;1608299340;1755708900;Vabaduse tee;Saated;Jupiter > Video > Saated;https://s.err.ee/photo/crop/2024/08/19/2512102hddect5.jpg;https://services.err.ee/api/v2/series/getSeriesData?type=video
2026-05-27;1608302088;0;Teatrietendus. Topeltkokteil;Lavastused;Jupiter > Video > Saated > Lavastused;https://s.err.ee/photo/crop/2021/08/18/1112777h8822t5.jpg;https://services.err.ee/api/v2/series/getSeriesData?type=video
2026-05-27;1608302142;0;Jaan Kaplinski;Saated;Jupiter > Video > Saated;https://s.err.ee/photo/crop/2021/08/10/1105575h1144t5.png;https://services.err.ee/api/v2/series/getSeriesData?type=video
2026-05-27;1608302172;0;Teatrietendus. Krahv Luxemburg;Lavastused;Jupiter > Video > Saated > Lavastused;https://s.err.ee/photo/crop/2021/08/10/1106181ha10at5.png;https://services.err.ee/api/v2/series/getSeriesData?type=video
2026-05-27;1608302178;0;Teatrietendus. Montmartre'i kannike;Lavastused;Jupiter > Video > Saated > Lavastused;https://s.err.ee/photo/crop/2021/08/10/1106184h6913t5.png;https://services.err.ee/api/v2/series/getSeriesData?type=video
2026-05-27;1608302184;0;Teatrietendus. Krahvinna Mariza;Lavastused;Jupiter > Video > Saated > Lavastused;https://s.err.ee/photo/crop/2021/08/10/1106178h80d1t5.png;https://services.err.ee/api/v2/series/getSeriesData?type=video
2026-05-27;1608302394;1769084700;Maastiku mustrid;Dokumentaal;Jupiter > Video > Filmid > Dokumentaal;https://s.err.ee/photo/crop/2024/08/19/2512231h2e7et5.jpg;https://services.err.ee/api/v2/series/getSeriesData?type=video
2026-05-27;1608302397;1714537800;Katusekontsert Raadio 4 sünnipäeva puhul;Kontserdid ja muusika;Jupiter > Video > Saated > Kontserdid ja muusika;https://s.err.ee/photo/crop/2023/04/28/1888504h9a7ct5.jpg;https://services.err.ee/api/v2/series/getSeriesData?type=video
2026-05-27;1608302406;1774599000;Ankeet;Dokumentaal;Jupiter > Video > Filmid > Dokumentaal;https://s.err.ee/photo/crop/2024/08/19/2512678h3013t5.jpg;https://services.err.ee/api/v2/series/getSeriesData?type=video
2026-05-27;1608303129;0;Telelavastus. 1991;Lavastused;Jupiter > Video > Saated > Lavastused;https://s.err.ee/photo/crop/2021/08/18/1112780h3c21t5.jpg;https://services.err.ee/api/v2/series/getSeriesData?type=video
2026-05-27;1608304557;1724127000;Iseseisvuse taastamine;Dokumentaalid;ETV > Dokumentaalid;https://s.err.ee/photo/crop/2023/09/15/2078564h353et5.jpg;https://services.err.ee/api/v2/series/getSeriesData?type=video
2026-05-27;1608305325;1629829800;Noored piiril;Dokumentaal;Jupiter > Video > Filmid > Dokumentaal;https://s.err.ee/photo/crop/2021/08/24/1120628h96d5t5.jpg;https://services.err.ee/api/v2/series/getSeriesData?type=video
2026-05-27;1608305571;1731063900;Aeg maha;Filmid;ETV2 > Filmid;https://s.err.ee/photo/crop/2024/11/06/2606875h2978t5.jpg;https://services.err.ee/api/v2/series/getSeriesData?type=video
2026-05-27;1608305574;1729766100;Eine murul;Teemaõhtud;ETV2 > Teemaõhtud;https://s.err.ee/photo/crop/2024/09/23/2555344h442at5.jpg;https://services.err.ee/api/v2/series/getSeriesData?type=video
2026-05-27;1608305733;1707038100;"""Pealtnägija"" fenomen";Dokumentaalid;ETV > Dokumentaalid;https://s.err.ee/photo/crop/2024/02/02/2241207h9a43t5.jpg;https://services.err.ee/api/v2/series/getSeriesData?type=video
2026-05-27;1608305769;1742077800;Mereluulepidu 2020;Kultuur;ETV > Kultuur;https://s.err.ee/photo/crop/2025/03/13/2778275hb56bt5.jpg;https://services.err.ee/api/v2/series/getSeriesData?type=video
2026-05-27;1608306597;0;Villem Ernits;Dokumentaal;Jupiter > Video > Filmid > Dokumentaal;https://s.err.ee/photo/crop/2021/08/23/1119503he3bbt5.jpg;https://services.err.ee/api/v2/series/getSeriesData?type=video
2026-05-27;1608308525;0;Köögitoimkond;Saated;Jupiter > Video > Saated;;https://services.err.ee/api/v2/series/getSeriesData?type=video
2026-05-27;1608308915;0;Rusikas;Saated;Jupiter > Video > Saated;https://s.err.ee/photo/crop/2021/09/22/1158260hd0bft5.jpg;https://services.err.ee/api/v2/series/getSeriesData?type=video
2026-05-27;1608309026;0;Ohhoo!;Saated;Jupiter > Video > Saated;https://s.err.ee/photo/crop/2021/09/21/1156841h6522t5.jpg;https://services.err.ee/api/v2/series/getSeriesData?type=video
2026-05-27;1608309935;0;Urve Tauts. Muusika on kõiges süüdi;Dokumentaal;Jupiter > Video > Filmid > Dokumentaal;https://s.err.ee/photo/crop/2021/11/01/1202399h567dt5.jpg;https://services.err.ee/api/v2/series/getSeriesData?type=video
2026-05-27;1608309938;0;Charikari tüdrukud;Dokumentaal;Jupiter > Video > Filmid > Dokumentaal;https://s.err.ee/photo/crop/2021/08/18/1112795ha9d2t5.jpg;https://services.err.ee/api/v2/series/getSeriesData?type=video
2026-05-27;1608309941;0;Afganistani projekt;Dokumentaal;Jupiter > Video > Filmid > Dokumentaal;https://s.err.ee/photo/crop/2021/08/18/1112378h6d51t5.jpg;https://services.err.ee/api/v2/series/getSeriesData?type=video
2026-05-27;1608309944;0;Afganistan. Vangis ja vabaduses;Dokumentaal;Jupiter > Video > Filmid > Dokumentaal;https://s.err.ee/photo/crop/2021/08/30/1126133hbcf5t5.jpg;https://services.err.ee/api/v2/series/getSeriesData?type=video
2026-05-27;1608309947;0;Piltide vaatamise aeg;Dokumentaal;Jupiter > Video > Filmid > Dokumentaal;https://s.err.ee/photo/crop/2021/11/29/1261748he027t5.jpg;https://services.err.ee/api/v2/series/getSeriesData?type=video
2026-05-27;1608309950;0;See habras elu;Dokumentaal;Jupiter > Video > Filmid > Dokumentaal;https://s.err.ee/photo/crop/2021/11/22/1254686hc533t5.jpg;https://services.err.ee/api/v2/series/getSeriesData?type=video
2026-05-27;1608310025;0;Mina, Riigikaitsja!;Saated;Jupiter > Video > Saated;https://s.err.ee/photo/crop/2021/08/24/1120508h2f92t5.jpg;https://services.err.ee/api/v2/series/getSeriesData?type=video
2026-05-27;1608311249;0;Tuulepealne maa;Draama;Jupiter > Video > Sarjad > Draama;https://s.err.ee/photo/crop/2024/02/23/2273451hd294t5.jpg;https://services.err.ee/api/v2/series/getSeriesData?type=video
2026-05-27;1608311255;1736712600;Kosmos '68;Dokumentaalid;ETV > Dokumentaalid;https://s.err.ee/photo/crop/2024/03/13/2305449h2bd4t5.jpg;https://services.err.ee/api/v2/series/getSeriesData?type=video
2026-05-27;1608311270;1630843200;Eestimaa südames. ERSO suvekontsert;Kontserdid;ETV2 > Kontserdid;https://s.err.ee/photo/crop/2020/09/02/813555hb787t5.jpg;https://services.err.ee/api/v2/series/getSeriesData?type=video
2026-05-27;1608311297;1741640700;Lauri Leesi. Õpetaja Hariduse tänavalt;Saated;Jupiter > Video > Saated;https://s.err.ee/photo/crop/2025/03/10/2773466h6115t5.jpg;https://services.err.ee/api/v2/series/getSeriesData?type=video
2026-05-27;1608311300;1756569000;Suvelõpukontsert Pärnumaal;Muusika;Lasteekraan > Vaata ja kuula > Teemad > Muusika, teater ja tants > Muusika;https://s.err.ee/photo/crop/2025/08/04/2965740h6873t5.jpg;https://services.err.ee/api/v2/series/getSeriesData?type=video
2026-05-27;1608311327;1758966900;Eesti Muusika- ja Teatriakadeemia 100. Ajaloost ja inimestest;Kultuur;ETV > Kultuur;https://s.err.ee/photo/crop/2025/09/22/3024537hebaet5.jpg;https://services.err.ee/api/v2/series/getSeriesData?type=video
2026-05-27;1608311756;0;Rahamaraton;Soovitame;ETV > Soovitame;https://s.err.ee/photo/crop/2021/09/02/1131404he16et5.jpg;https://services.err.ee/api/v2/series/getSeriesData?type=video
2026-05-27;1608311777;1756581000;Rita Ray. Ilusa hingega laulja;Kontserdid ja muusika;Jupiter > Video > Saated > Kontserdid ja muusika;https://s.err.ee/photo/crop/2025/08/21/2981430h4669t5.jpg;https://services.err.ee/api/v2/series/getSeriesData?type=video
2026-05-27;1608311804;0;Presidendivalimised 2021;Soovitame;ETV > Soovitame;https://s.err.ee/photo/crop/2021/08/30/1126127h4beet5.jpg;https://services.err.ee/api/v2/series/getSeriesData?type=video
2026-05-27;1608311816;1630518600;Vabariigi Presidendi tervitus kooliaasta alguse puhul;Soovitame;ETV > Soovitame;https://s.err.ee/photo/crop/2021/08/30/1126313h7628t5.jpg;https://services.err.ee/api/v2/series/getSeriesData?type=video
2026-05-27;1608311819;1629733500;Talibani tulek. Afganistan;Dokumentaalid;ETV > Dokumentaalid;https://s.err.ee/photo/crop/2021/08/23/1119695h2a71t5.jpg;https://services.err.ee/api/v2/series/getSeriesData?type=video
2026-05-27;1608312722;0;Ükskord niikuinii;Kontserdid ja muusika;Jupiter > Video > Saated > Kontserdid ja muusika;https://s.err.ee/photo/crop/2021/08/20/1114517h72bat5.jpg;https://services.err.ee/api/v2/series/getSeriesData?type=video
2026-05-27;1608315776;0;Doo-nau;Saated;Jupiter > Video > Saated;https://s.err.ee/photo/crop/2024/06/25/2452396h9ec5t5.jpg;https://services.err.ee/api/v2/series/getSeriesData?type=video
2026-05-27;1608318947;0;Teatrietendus. Tühivaim;Lavastused;ETV2 > Lavastused;https://s.err.ee/photo/crop/2025/10/08/3042762h58b6t5.jpg;https://services.err.ee/api/v2/series/getSeriesData?type=video
2026-05-27;1608319406;1757406600;Vladislav - matemaatik sule ja õngega;Portreesaated;ETV > Portreesaated;https://s.err.ee/photo/crop/2021/09/08/1139822hc19ct5.jpg;https://services.err.ee/api/v2/series/getSeriesData?type=video
2026-05-27;1608319409;0;Ühe maja lugu;Saated;Jupiter > Video > Saated;https://s.err.ee/photo/crop/2023/11/10/2145139hb66ft5.jpg;https://services.err.ee/api/v2/series/getSeriesData?type=video
2026-05-27;1608319445;0;Siin me oleme;Saated;Jupiter > Video > Saated;https://s.err.ee/photo/crop/2024/09/03/2533655h2860t5.jpg;https://services.err.ee/api/v2/series/getSeriesData?type=video
2026-05-27;1608319460;0;Kirjanduse aeg;Saated;Jupiter > Video > Saated;https://s.err.ee/photo/crop/2024/05/27/2414286h73b1t5.jpg;https://services.err.ee/api/v2/series/getSeriesData?type=video
2026-05-27;1608319472;0;Restoran 0;Saated;Jupiter > Video > Saated;https://s.err.ee/photo/crop/2024/07/29/2490427hb8f3t5.jpg;https://services.err.ee/api/v2/series/getSeriesData?type=video
2026-05-27;1608319508;0;Kaduva maailma lävel;Saated;Jupiter > Video > Saated;https://s.err.ee/photo/crop/2021/09/07/1138001h60d6t5.jpg;https://services.err.ee/api/v2/series/getSeriesData?type=video
2026-05-27;1608320081;1734118200;DeStudio. Pohmelus;Dokumentaal;Jupiter > Video > Filmid > Dokumentaal;https://s.err.ee/photo/crop/2024/12/10/2649385h91fct5.jpg;https://services.err.ee/api/v2/series/getSeriesData?type=video
2026-05-27;1608320120;0;Tervist!;Saated;Jupiter > Video > Saated;https://s.err.ee/photo/crop/2024/06/04/2425850h73cft5.jpg;https://services.err.ee/api/v2/series/getSeriesData?type=video
2026-05-27;1608322484;1717241100;Agu Sihvka annab aru;Eesti;Jupiter > Video > Filmid > Eesti;https://s.err.ee/photo/crop/2021/09/01/1130429h4f01t5.jpg;https://services.err.ee/api/v2/series/getSeriesData?type=video
2026-05-27;1608324380;0;Nädala intervjuu. Alar Karis;Saated;Jupiter > Video > Saated;;https://services.err.ee/api/v2/series/getSeriesData?type=video
2026-05-27;1608326792;0;Eesti filmi- ja teleauhinnad;Kultuur;ETV > Kultuur;https://s.err.ee/photo/crop/2024/03/26/2324790h4af0t5.jpg;https://services.err.ee/api/v2/series/getSeriesData?type=video
2026-05-27;1608329696;1666444500;Eesti saatkond Moskva südames;Dokumentaal;Jupiter > Video > Filmid > Dokumentaal;https://s.err.ee/photo/crop/2021/09/07/1137992h6d60t5.jpg;https://services.err.ee/api/v2/series/getSeriesData?type=video
2026-05-27;1608332000;0;Rein Marani loodusfilmid;Dokumentaal;Jupiter > Video > Filmid > Dokumentaal;https://s.err.ee/photo/crop/2024/03/20/2315634h8008t5.jpg;https://services.err.ee/api/v2/series/getSeriesData?type=video
2026-05-27;1608332900;0;Teadlaste Öö festival 2021. Teaduse superkangelased;Saated;Jupiter > Video > Saated;https://s.err.ee/photo/crop/2024/03/26/2325354h6746t5.jpg;https://services.err.ee/api/v2/series/getSeriesData?type=video
2026-05-27;1608333314;0;Ilus on maa;Dokumentaal;Jupiter > Video > Filmid > Dokumentaal;https://s.err.ee/photo/crop/2022/05/11/1468516h9b54t5.jpg;https://services.err.ee/api/v2/series/getSeriesData?type=video
2026-05-27;1608333497;0;Teatrikunstnik;Saated;Jupiter > Video > Saated;https://s.err.ee/photo/crop/2021/09/21/1156856h36f1t5.jpg;https://services.err.ee/api/v2/series/getSeriesData?type=video
2026-05-27;1608333509;1724152200;Telelavastus. Saaremaa onupoeg;Lavastused;ETV2 > Lavastused;https://s.err.ee/photo/crop/2024/08/19/2512549h2474t5.jpg;https://services.err.ee/api/v2/series/getSeriesData?type=video
2026-05-27;1608334634;0;Teletutvus;Saated;Jupiter > Video > Saated;;https://services.err.ee/api/v2/series/getSeriesData?type=video
2026-05-27;1608337157;0;Vabakava. Onu Bella;Saated;Jupiter > Video > Saated;https://s.err.ee/photo/crop/2021/09/17/1151363h8be1t5.jpg;https://services.err.ee/api/v2/series/getSeriesData?type=video
2026-05-27;1608338261;0;Teatrietendus. Inimene ja inimene;Lavastused;Jupiter > Video > Saated > Lavastused;https://s.err.ee/photo/crop/2021/09/16/1150562hb015t5.jpg;https://services.err.ee/api/v2/series/getSeriesData?type=video
2026-05-27;1608341129;1633082400;Tantsivad kõik;Dokumentaalid;ETV2 > Dokumentaalid;https://s.err.ee/photo/crop/2026/04/27/3399499h89e3t5.jpg;https://services.err.ee/api/v2/series/getSeriesData?type=video
2026-05-27;1608341138;0;Eesti kunst;Saated;Jupiter > Video > Saated;https://s.err.ee/photo/crop/2025/10/29/3068814h8006t5.jpg;https://services.err.ee/api/v2/series/getSeriesData?type=video
2026-05-27;1608341147;0;Teatrietendus. Pisuhänd;Lavastused;Jupiter > Video > Saated > Lavastused;https://s.err.ee/photo/crop/2026/03/27/3278562h2755t5.jpg;https://services.err.ee/api/v2/series/getSeriesData?type=video
2026-05-27;1608341591;1759655700;Õpetaja. Luule Sulg;Portreesaated;ETV > Portreesaated;https://s.err.ee/photo/crop/2023/10/05/2099798haf9bt5.jpg;https://services.err.ee/api/v2/series/getSeriesData?type=video
2026-05-27;1608341645;1655149800;Kristjan Järvi imeline maailm. Pühitsus;Kultuur;ETV > Kultuur;https://s.err.ee/photo/crop/2021/09/29/1165157h81c0t5.jpg;https://services.err.ee/api/v2/series/getSeriesData?type=video
2026-05-27;1608341669;1633107000;Rahvusvahelise muusikapäeva gala;Kultuur;ETV > Kultuur;https://s.err.ee/photo/crop/2021/09/27/1163701h324ft5.jpg;https://services.err.ee/api/v2/series/getSeriesData?type=video
2026-05-27;1608345527;0;Eesti Sport 1970 - 2000. Kommenteerib Toomas Uba;Sport;Jupiter > Video > Teemad > Sport;https://s.err.ee/photo/crop/2021/09/22/1157996ha6eft5.jpg;https://services.err.ee/api/v2/series/getSeriesData?type=video
2026-05-27;1608345545;0;Kalev 100;Sport;Jupiter > Video > Teemad > Sport;https://s.err.ee/photo/crop/2021/09/22/1158254h6babt5.jpg;https://services.err.ee/api/v2/series/getSeriesData?type=video
2026-05-27;1608345578;0;Erika;Sport;Jupiter > Video > Teemad > Sport;https://s.err.ee/photo/crop/2025/08/21/2981670h71a2t5.jpg;https://services.err.ee/api/v2/series/getSeriesData?type=video
2026-05-27;1608345581;0;Võrratu sajand. Eesti võrkpall 100;Sport;Jupiter > Video > Teemad > Sport;https://s.err.ee/photo/crop/2025/12/22/3133702hca12t5.jpg;https://services.err.ee/api/v2/series/getSeriesData?type=video
2026-05-27;1608348563;1656072600;Tuulelohe, luulelohe;Muusika;Lasteekraan > Vaata ja kuula > Teemad > Muusika, teater ja tants > Muusika;https://s.err.ee/photo/crop/2025/06/20/2906397he4cdt5.jpg;https://services.err.ee/api/v2/series/getSeriesData?type=video
2026-05-27;1608348566;0;Pildikastis;Saated;ETV2 > Saated;;https://services.err.ee/api/v2/series/getSeriesData?type=video
2026-05-27;1608348575;1633774500;Pööripäev;Filmid;ETV2 > Filmid;https://s.err.ee/photo/crop/2021/10/20/1192169hfe3at5.jpg;https://services.err.ee/api/v2/series/getSeriesData?type=video
2026-05-27;1608348578;1633775400;Reportaaž telefoniraamatu järgi;Filmid;ETV2 > Filmid;https://s.err.ee/photo/crop/2021/10/13/1183179hbcdat5.jpg;https://services.err.ee/api/v2/series/getSeriesData?type=video
2026-05-27;1608348599;1779098400;Linnahall;Dokumentaalid;ETV > Dokumentaalid;https://s.err.ee/photo/crop/2026/05/18/3585589hcb98t5.jpg;https://services.err.ee/api/v2/series/getSeriesData?type=video
2026-05-27;1608349043;1635596400;See on meie maa;Dokumentaalid;ETV > Dokumentaalid;https://s.err.ee/photo/crop/2021/10/04/1170765hdd1bt5.jpg;https://services.err.ee/api/v2/series/getSeriesData?type=video
2026-05-27;1608349085;0;UV faktor;Soovitame;ETV > Soovitame;https://s.err.ee/photo/crop/2021/10/04/1170780hddcdt5.jpg;https://services.err.ee/api/v2/series/getSeriesData?type=video
2026-05-27;1608349091;0;Eesti Kontsert 80;Kultuur;ETV > Kultuur;https://s.err.ee/photo/crop/2021/10/05/1172802h7661t5.jpg;https://services.err.ee/api/v2/series/getSeriesData?type=video
2026-05-27;1608349097;1779701400;Eesti Rotary lugu;Dokumentaal;Jupiter > Video > Filmid > Dokumentaal;https://s.err.ee/photo/crop/2021/10/05/1172697hde05t5.jpg;https://services.err.ee/api/v2/series/getSeriesData?type=video
2026-05-27;1608349103;1633800000;Pärimusmuusika gala. Etnokulp;Kontserdid;ETV2 > Kontserdid;https://s.err.ee/photo/crop/2021/10/05/1172814ha276t5.jpg;https://services.err.ee/api/v2/series/getSeriesData?type=video
2026-05-27;1608349865;0;Tööstustsoon;Saated;Jupiter > Video > Saated;https://s.err.ee/photo/crop/2023/09/05/2065457h3ee0t5.jpg;https://services.err.ee/api/v2/series/getSeriesData?type=video
2026-05-27;1608350021;1754765100;Antsla. Sügis 1993;Dokumentaal;Jupiter > Video > Filmid > Dokumentaal;https://s.err.ee/photo/crop/2025/08/04/2965779h8a89t5.jpg;https://services.err.ee/api/v2/series/getSeriesData?type=video
2026-05-27;1608350375;1660841100;Kersti Kaljulaid. Isepäine president;Saated;Jupiter > Video > Saated;https://s.err.ee/photo/crop/2021/10/07/1174731ha207t5.jpg;https://services.err.ee/api/v2/series/getSeriesData?type=video
2026-05-27;1608351957;1638120600;Viis kildu Gunnar Grapsist;Saated;Jupiter > Video > Saated;https://s.err.ee/photo/crop/2021/10/20/1192154h6ba5t5.jpg;https://services.err.ee/api/v2/series/getSeriesData?type=video
2026-05-27;1608353843;1633633500;Eesti parimad ettevõtted 2021;Soovitame;ETV > Soovitame;https://s.err.ee/photo/crop/2021/10/07/1174632h365at5.jpg;https://services.err.ee/api/v2/series/getSeriesData?type=video
2026-05-27;1608355247;1634492700;Igavesti Teie;Soovitame;ETV2 > Soovitame;https://s.err.ee/photo/crop/2021/10/22/1193348hfa89t5.jpg;https://services.err.ee/api/v2/series/getSeriesData?type=video
2026-05-27;1608355250;1634496000;Sõnadeta lugu;Filmid;ETV2 > Filmid;https://s.err.ee/photo/crop/2021/10/13/1183176h7565t5.jpg;https://services.err.ee/api/v2/series/getSeriesData?type=video
2026-05-27;1608355655;0;TeadusEST;Saated;Jupiter > Video > Saated;https://s.err.ee/photo/crop/2025/09/04/3000465hf7c7t5.jpg;https://services.err.ee/api/v2/series/getSeriesData?type=video
2026-05-27;1608355724;0;UNESCO Eesti pärand;Saated;ETV2 > Saated;https://s.err.ee/photo/crop/2025/11/11/3084297he9b6t5.jpg;https://services.err.ee/api/v2/series/getSeriesData?type=video
2026-05-27;1608355757;0;Orkestri mängud;Saated;Jupiter > Video > Saated;https://s.err.ee/photo/crop/2022/10/31/1667194h3d0dt5.jpg;https://services.err.ee/api/v2/series/getSeriesData?type=video
2026-05-27;1608355778;1634496900;Valimiste õhtu. Kohalikud valimised 2021;Soovitame;ETV > Soovitame;https://s.err.ee/photo/crop/2021/10/15/1185642h9f95t5.jpg;https://services.err.ee/api/v2/series/getSeriesData?type=video
2026-05-27;1608355805;1634487300;Rein Veidemann. Mõjutused;Portreesaated;ETV > Portreesaated;https://s.err.ee/photo/crop/2021/10/15/1185639h8903t5.jpg;https://services.err.ee/api/v2/series/getSeriesData?type=video
2026-05-27;1608355808;1633952400;Vabariigi Presidendi ametisse astumine;Soovitame;ETV > Soovitame;https://s.err.ee/photo/crop/2021/10/11/1179654h003ft5.jpg;https://services.err.ee/api/v2/series/getSeriesData?type=video
2026-05-27;1608357647;0;Meediataip. Valimised;Saated;Jupiter > Video > Saated;https://s.err.ee/photo/crop/2021/10/06/1174014h70c6t5.jpg;https://services.err.ee/api/v2/series/getSeriesData?type=video
2026-05-27;1608363069;1634759400;Tippmängijad;Kultuur;ETV > Kultuur;https://s.err.ee/photo/crop/2021/10/18/1189989h4bcdt5.jpg;https://services.err.ee/api/v2/series/getSeriesData?type=video
2026-05-27;1608363555;1685385000;Jüri Arrak. Tagasivaatav mees;Saated;ETV2 > Saated;https://s.err.ee/photo/crop/2022/10/20/1654849hde52t5.jpg;https://services.err.ee/api/v2/series/getSeriesData?type=video
2026-05-27;1608363609;0;NOVA: Kristel Aaslaid juhendab;Saated;Jupiter > Video > Saated;;https://services.err.ee/api/v2/series/getSeriesData?type=video
2026-05-27;1608364041;0;Meediataip 2021;Saated;Jupiter > Video > Saated;;https://services.err.ee/api/v2/series/getSeriesData?type=video
2026-05-27;1608364065;0;Kui terav on Sinu meediataip?;Saated;Jupiter > Video > Saated;;https://services.err.ee/api/v2/series/getSeriesData?type=video
2026-05-27;1608368424;0;Reigo Ahven soovitab;Saated;Jupiter > Video > Saated;https://s.err.ee/photo/crop/2021/10/13/1183230h9855t5.jpg;https://services.err.ee/api/v2/series/getSeriesData?type=video
2026-05-27;1608369870;1635708000;Laulab Margarita Voites;Kontserdid;ETV2 > Kontserdid;;https://services.err.ee/api/v2/series/getSeriesData?type=video
2026-05-27;1608369873;1635713400;Teatridirektor;Teemaõhtud;ETV2 > Teemaõhtud;https://s.err.ee/photo/crop/2020/11/04/837942h75ebt5.jpg;https://services.err.ee/api/v2/series/getSeriesData?type=video
2026-05-27;1608369876;1635701400;Juubelijuttu Margarita Voitesega;Saated;ETV2 > Saated;;https://services.err.ee/api/v2/series/getSeriesData?type=video
2026-05-27;1608369879;1635717600;Kolm ooperistseeni estoonlastelt;Teemaõhtud;ETV2 > Teemaõhtud;;https://services.err.ee/api/v2/series/getSeriesData?type=video
2026-05-27;1608369882;1635705300;Lucia;Kontserdid;ETV2 > Kontserdid;;https://services.err.ee/api/v2/series/getSeriesData?type=video
2026-05-27;1608369888;1635715200;Pärlipeegeldused. Laulab Margarita Voites;Teemaõhtud;ETV2 > Teemaõhtud;;https://services.err.ee/api/v2/series/getSeriesData?type=video
2026-05-27;1608369891;1635704700;Laulab Margarita Voites;Kontserdid;ETV2 > Kontserdid;;https://services.err.ee/api/v2/series/getSeriesData?type=video
2026-05-27;1608369927;1762980000;Monika;Dokumentaal;Jupiter > Video > Filmid > Dokumentaal;https://s.err.ee/photo/crop/2025/11/10/3083307h04bat5.jpg;https://services.err.ee/api/v2/series/getSeriesData?type=video
2026-05-27;1608376292;0;Telelavastus. Avameelsete kõneluste õhtu;Lavastused;Jupiter > Video > Saated > Lavastused;https://s.err.ee/photo/crop/2021/10/26/1197455h43e7t5.jpg;https://services.err.ee/api/v2/series/getSeriesData?type=video
2026-05-27;1608376886;0;Margarita Voites. Kollektsioon;Kontserdid ja muusika;Jupiter > Video > Saated > Kontserdid ja muusika;https://s.err.ee/photo/crop/2021/10/25/1196819h8724t5.jpg;https://services.err.ee/api/v2/series/getSeriesData?type=video
2026-05-27;1608377303;1778338800;Manna;Dokumentaal;Jupiter > Video > Filmid > Dokumentaal;https://s.err.ee/photo/crop/2021/10/25/1196840h60f4t5.jpg;https://services.err.ee/api/v2/series/getSeriesData?type=video
2026-05-27;1608377531;0;Tuhat tutvust;Saated;ETV2 > Saated;https://s.err.ee/photo/crop/2026/02/09/3194132hd7f5t5.jpg;https://services.err.ee/api/v2/series/getSeriesData?type=video
2026-05-27;1608377567;1636020600;Kuulmata kuskil kumiseb kodu;Dokumentaalid;ETV2 > Dokumentaalid;https://s.err.ee/photo/crop/2021/11/02/1203548h6215t5.jpg;https://services.err.ee/api/v2/series/getSeriesData?type=video
2026-05-27;1608378047;1636056300;Aasta keskkonnaauhinnad;Soovitame;ETV > Soovitame;https://s.err.ee/photo/crop/2021/11/02/1203884h12a0t5.jpg;https://services.err.ee/api/v2/series/getSeriesData?type=video
2026-05-27;1608378581;0;Mõtõlus;Saated;Jupiter > Video > Saated;https://s.err.ee/photo/crop/2025/11/03/3074550h3d1ft5.jpg;https://services.err.ee/api/v2/series/getSeriesData?type=video
2026-05-27;1608378680;0;Elolinõ;Saated;Jupiter > Video > Saated;https://s.err.ee/photo/crop/2021/10/27/1198433hd489t5.jpg;https://services.err.ee/api/v2/series/getSeriesData?type=video
2026-05-27;1608378809;0;Iloline inemine;Saated;Jupiter > Video > Saated;https://s.err.ee/photo/crop/2025/09/04/3000405h398et5.jpg;https://services.err.ee/api/v2/series/getSeriesData?type=video
2026-05-27;1608378842;0;Niimuudu om;Saated;Jupiter > Video > Saated;https://s.err.ee/photo/crop/2024/05/20/2404698h8fd1t5.jpg;https://services.err.ee/api/v2/series/getSeriesData?type=video
2026-05-27;1608382439;0;Näitleja. Helle Laas;Saated;Jupiter > Video > Saated;https://s.err.ee/photo/crop/2021/11/02/1203653hfce4t5.jpg;https://services.err.ee/api/v2/series/getSeriesData?type=video
2026-05-27;1608382646;0;Ühe minuti filmid 2021 - Keel ja keskkond;Lühifilmid;Jupiter > Video > Filmid > Lühifilmid;https://s.err.ee/photo/crop/2025/12/15/3125329h5fc2t5.jpg;https://services.err.ee/api/v2/series/getSeriesData?type=video
2026-05-27;1608383627;1756317600;Maardu keemiakombinaat;Saated;Jupiter > Video > Saated;https://s.err.ee/photo/crop/2024/06/17/2439470hdce0t5.jpg;https://services.err.ee/api/v2/series/getSeriesData?type=video
2026-05-27;1608384785;0;Üksi läbi metsa;Saated;Jupiter > Video > Saated;https://s.err.ee/photo/crop/2024/06/05/2427077h93a0t5.jpg;https://services.err.ee/api/v2/series/getSeriesData?type=video
2026-05-27;1608385535;0;Okavango – unistuste jõgi;Dokumentaal;Jupiter > Video > Filmid > Dokumentaal;;https://services.err.ee/api/v2/series/getSeriesData?type=video
2026-05-27;1608385634;0;Jäähoki MM I divisjon;Sport;ETV2 > Sport;https://s.err.ee/photo/crop/2022/04/25/1447807he7aet5.jpg;https://services.err.ee/api/v2/series/getSeriesData?type=video
2026-05-27;1608385664;1759692000;PÖFF 25;Saated;ETV2 > Saated;https://s.err.ee/photo/crop/2023/11/02/2133598hb27ct5.jpg;https://services.err.ee/api/v2/series/getSeriesData?type=video
2026-05-27;1608386144;0;Teatrietendus. Ühe katuse all;Lavastused;Jupiter > Video > Saated > Lavastused;https://s.err.ee/photo/crop/2021/11/02/1203809h2168t5.jpg;https://services.err.ee/api/v2/series/getSeriesData?type=video
2026-05-27;1608388679;0;Ujumise lühiraja EM;Sport;Jupiter > Video > Teemad > Sport;https://s.err.ee/photo/crop/2021/11/01/1202432h3bd2t5.jpg;https://services.err.ee/api/v2/series/getSeriesData?type=video
2026-05-27;1608388754;0;Helduse tund;Dokumentaal;Jupiter > Video > Filmid > Dokumentaal;https://s.err.ee/photo/crop/2021/11/03/1204361h8b47t5.jpg;https://services.err.ee/api/v2/series/getSeriesData?type=video
2026-05-27;1608389822;0;Teatrietendus. Kahekesi Teisel avenüül;Lavastused;Jupiter > Video > Saated > Lavastused;https://s.err.ee/photo/crop/2021/11/17/1247681h640ct5.jpg;https://services.err.ee/api/v2/series/getSeriesData?type=video
2026-05-27;1608393146;0;Telelavastus. Pildikesi Paunverest;Lavastused;Jupiter > Video > Saated > Lavastused;https://s.err.ee/photo/crop/2025/01/02/2678332h105bt5.jpg;https://services.err.ee/api/v2/series/getSeriesData?type=video
2026-05-27;1608393152;1760443500;Saada nägijaks;Teemaõhtud;ETV2 > Teemaõhtud;https://s.err.ee/photo/crop/2021/11/17/1247642h7998t5.jpg;https://services.err.ee/api/v2/series/getSeriesData?type=video
2026-05-27;1608393158;1752926400;Kohtumine tundmatuga;Filmid;ETV > Filmid;https://s.err.ee/photo/crop/2024/11/19/2624053h6d88t5.jpg;https://services.err.ee/api/v2/series/getSeriesData?type=video
2026-05-27;1608393161;1637319600;Unistuste puu;Soovitame;ETV2 > Soovitame;https://s.err.ee/photo/crop/2021/11/17/1247630hd06ct5.jpg;https://services.err.ee/api/v2/series/getSeriesData?type=video
2026-05-27;1608398048;0;Karl Vilhelm Valter soovitab;Saated;Jupiter > Video > Saated;https://s.err.ee/photo/crop/2021/11/15/1245341h121ft5.jpg;https://services.err.ee/api/v2/series/getSeriesData?type=video
2026-05-27;1608398366;0;Eesti Laul 2022. Videod ja etteasted;Saated;Jupiter > Video > Saated;https://s.err.ee/photo/crop/2022/02/01/1338359ha7dft5.jpg;https://services.err.ee/api/v2/series/getSeriesData?type=video
2026-05-27;1608399737;0;Kuva '88;Saated;Jupiter > Video > Saated;https://s.err.ee/photo/crop/2021/11/30/1262969hacc6t5.jpg;https://services.err.ee/api/v2/series/getSeriesData?type=video
2026-05-27;1608399743;1638134700;Ei Grapsile?;Saated;Jupiter > Video > Saated;https://s.err.ee/photo/crop/2021/11/23/1255652h2615t5.jpg;https://services.err.ee/api/v2/series/getSeriesData?type=video
2026-05-27;1608400274;1779540300;Elu on töö on elu;Draama;Jupiter > Video > Filmid > Draama;https://s.err.ee/photo/crop/2024/02/19/2265615hee94t5.jpg;https://services.err.ee/api/v2/series/getSeriesData?type=video
2026-05-27;1608400292;1764187500;Gunnar Graps. Trubaduur magistraalil;Soovitame;ETV2 > Soovitame;https://s.err.ee/photo/crop/2024/10/29/2597050h2807t5.jpg;https://services.err.ee/api/v2/series/getSeriesData?type=video
2026-05-27;1608400298;1638111600;Esimese advendi jumalateenistus Tori kirikus;Soovitame;ETV > Soovitame;https://s.err.ee/photo/crop/2021/11/23/1255739h455ft5.jpg;https://services.err.ee/api/v2/series/getSeriesData?type=video
2026-05-27;1608407651;1759137300;Nuta või naera;Soovitame;ETV > Soovitame;https://s.err.ee/photo/crop/2024/07/24/2484472h7eebt5.jpg;https://services.err.ee/api/v2/series/getSeriesData?type=video
2026-05-27;1608412277;0;R2 live;Kontserdid ja muusika;Jupiter > Video > Saated > Kontserdid ja muusika;https://s.err.ee/photo/crop/2022/01/19/1316804h0594t5.jpg;https://services.err.ee/api/v2/series/getSeriesData?type=video
2026-05-27;1608412322;0;Aegluubis maailm. Etioopia;Dokumentaal;Jupiter > Video > Filmid > Dokumentaal;https://s.err.ee/photo/crop/2025/03/10/2774141hcc37t5.jpg;https://services.err.ee/api/v2/series/getSeriesData?type=video
2026-05-27;1608412328;0;Aegluubis maailm. Maroko;Dokumentaal;Jupiter > Video > Filmid > Dokumentaal;https://s.err.ee/photo/crop/2025/03/17/2784323h573et5.jpg;https://services.err.ee/api/v2/series/getSeriesData?type=video
2026-05-27;1608412367;0;Aegluubis maailm. Namiibia;Dokumentaal;Jupiter > Video > Filmid > Dokumentaal;https://s.err.ee/photo/crop/2025/03/24/2796923h2b13t5.jpg;https://services.err.ee/api/v2/series/getSeriesData?type=video
2026-05-27;1608413507;1639350600;Hermaküla;Teemaõhtud;ETV2 > Teemaõhtud;https://s.err.ee/photo/crop/2021/12/10/1273991ha127t5.jpg;https://services.err.ee/api/v2/series/getSeriesData?type=video
2026-05-27;1608413510;0;Telelavastus. Rudolf ja Irma;Lavastused;Jupiter > Video > Saated > Lavastused;https://s.err.ee/photo/crop/2024/03/18/2312814h8f21t5.jpg;https://services.err.ee/api/v2/series/getSeriesData?type=video
2026-05-27;1608413528;1639833900;Üks heledus. Hermaküla;Soovitame;ETV2 > Soovitame;;https://services.err.ee/api/v2/series/getSeriesData?type=video
2026-05-27;1608416105;0;Salme viikingid;Dokumentaalid;ETV2 > Dokumentaalid;https://s.err.ee/photo/crop/2024/09/02/2532686hb0a4t5.jpg;https://services.err.ee/api/v2/series/getSeriesData?type=video
2026-05-27;1608416111;1702470600;EPA 70. Elu parimad aastad;Soovitame;ETV > Soovitame;https://s.err.ee/photo/crop/2023/12/11/2180284hd967t5.jpg;https://services.err.ee/api/v2/series/getSeriesData?type=video
2026-05-27;1608416189;1639254600;ERSO sünnipäevakontsert;Soovitame;ETV2 > Soovitame;https://s.err.ee/photo/crop/2021/12/07/1270472hf7fdt5.jpg;https://services.err.ee/api/v2/series/getSeriesData?type=video
2026-05-27;1608419210;0;Eesti retromultikad;Animatsioon;Jupiter > Video > Filmid > Animatsioon;https://s.err.ee/photo/crop/2021/12/07/1270454hf28at5.jpg;https://services.err.ee/api/v2/series/getSeriesData?type=video
2026-05-27;1608420401;0;Aegluubis maailm. Myanmar;Dokumentaal;Jupiter > Video > Filmid > Dokumentaal;https://s.err.ee/photo/crop/2021/12/06/1269500h5e9ct5.jpg;https://services.err.ee/api/v2/series/getSeriesData?type=video
2026-05-27;1608420428;0;Aegluubis maailm. Senegal;Dokumentaal;Jupiter > Video > Filmid > Dokumentaal;https://s.err.ee/photo/crop/2021/12/06/1269503h76e7t5.jpg;https://services.err.ee/api/v2/series/getSeriesData?type=video
2026-05-27;1608422126;1767173700;Miks ka mitte;Saated;Jupiter > Video > Saated;https://s.err.ee/photo/crop/2023/12/27/2196409h4d0ft5.jpg;https://services.err.ee/api/v2/series/getSeriesData?type=video
2026-05-27;1608422129;0;Helisev päev;Filmid;Jupiter > Video > Filmid;;https://services.err.ee/api/v2/series/getSeriesData?type=video
2026-05-27;1608422132;1769263800;Pop '81;Saated;Jupiter > Video > Saated;https://s.err.ee/photo/crop/2023/11/13/2148901h74bdt5.jpg;https://services.err.ee/api/v2/series/getSeriesData?type=video
2026-05-27;1608422141;0;Uusaasta KALA kontsert;Kontserdid ja muusika;Jupiter > Video > Saated > Kontserdid ja muusika;https://s.err.ee/photo/crop/2025/12/22/3134773h90f3t5.jpg;https://services.err.ee/api/v2/series/getSeriesData?type=video
2026-05-27;1608422147;1704053400;Ivar Vigla sou;Saated;Jupiter > Video > Saated;https://s.err.ee/photo/crop/2023/12/29/2199046hd0a8t5.jpg;https://services.err.ee/api/v2/series/getSeriesData?type=video
2026-05-27;1608422153;1777240200;Näärmed;Saated;Jupiter > Video > Saated;;https://services.err.ee/api/v2/series/getSeriesData?type=video
2026-05-27;1608422156;0;Oli mis oli;Saated;Jupiter > Video > Saated;;https://services.err.ee/api/v2/series/getSeriesData?type=video
2026-05-27;1608422738;1718653500;Telelavastus. Tuleb tuttav ette;Lavastused;Jupiter > Video > Saated > Lavastused;https://s.err.ee/photo/crop/2024/06/18/2440916hf22at5.jpg;https://services.err.ee/api/v2/series/getSeriesData?type=video
2026-05-27;1608423548;1639935000;Teatrietendus. Obinitsa;Lavastused;ETV2 > Lavastused;https://s.err.ee/photo/crop/2026/03/24/3274290h99fat5.jpg;https://services.err.ee/api/v2/series/getSeriesData?type=video
2026-05-27;1608423929;1707819300;Raadiolainetel kroolides ja surfates. Esimene sajand;Dokumentaalid;ETV > Dokumentaalid;https://s.err.ee/photo/crop/2024/02/12/2256546h00f2t5.jpg;https://services.err.ee/api/v2/series/getSeriesData?type=video
2026-05-27;1608423932;1730809500;Kui see juhtuks minuga?;Dokumentaalid;ETV > Dokumentaalid;https://s.err.ee/photo/crop/2024/05/23/2409108h20d9t5.jpg;https://services.err.ee/api/v2/series/getSeriesData?type=video
2026-05-27;1608424961;0;Rohke Debelaki aastalõpu libauudised;Saated;Jupiter > Video > Saated;;https://services.err.ee/api/v2/series/getSeriesData?type=video
2026-05-27;1608424973;0;Ärapanija;Saated;Jupiter > Video > Saated;https://s.err.ee/photo/crop/2023/12/27/2196352h1edat5.jpg;https://services.err.ee/api/v2/series/getSeriesData?type=video
2026-05-27;1608425861;0;Oh aegu ammuseid;Saated;Jupiter > Video > Saated;https://s.err.ee/photo/crop/2023/12/27/2196406hdea8t5.jpg;https://services.err.ee/api/v2/series/getSeriesData?type=video
2026-05-27;1608427007;1731887700;Tartu aknad, mu arm;Eesti;Jupiter > Video > Filmid > Eesti;https://s.err.ee/photo/crop/2024/11/14/2618908hea0et5.jpg;https://services.err.ee/api/v2/series/getSeriesData?type=video
2026-05-27;1608427292;1728707400;Vere lugu. 80 aastat doonorlust Eestis;Dokumentaal;Jupiter > Video > Filmid > Dokumentaal;https://s.err.ee/photo/crop/2024/02/13/2257752h5987t5.jpg;https://services.err.ee/api/v2/series/getSeriesData?type=video
2026-05-27;1608428108;0;Aegluubis maailm. Madagaskar;Dokumentaal;Jupiter > Video > Filmid > Dokumentaal;https://s.err.ee/photo/crop/2021/12/13/1277300h038at5.jpg;https://services.err.ee/api/v2/series/getSeriesData?type=video
2026-05-27;1608428156;0;Aegluubis maailm. Island;Dokumentaal;Jupiter > Video > Filmid > Dokumentaal;https://s.err.ee/photo/crop/2021/12/13/1277315haa58t5.jpg;https://services.err.ee/api/v2/series/getSeriesData?type=video
2026-05-27;1608430460;0;Vahur Kersna soovitab. Näärid!;Saated;Jupiter > Video > Saated;https://s.err.ee/photo/crop/2021/12/09/1273100h361dt5.jpg;https://services.err.ee/api/v2/series/getSeriesData?type=video
2026-05-27;1608431024;1766856600;Telelavastus. Uus jõuluvana;Kultuur;ETV > Kultuur;https://s.err.ee/photo/crop/2024/12/16/2657764h2520t5.jpg;https://services.err.ee/api/v2/series/getSeriesData?type=video
2026-05-27;1608431045;1671533400;Kodused kontserdid. Anna Põldvee ja Erki Pärnoja;Kultuur;ETV > Kultuur;https://s.err.ee/photo/crop/2022/12/20/1720207hd993t5.jpg;https://services.err.ee/api/v2/series/getSeriesData?type=video
2026-05-27;1608431198;0;Jõululaul;Pühad ETV-ga;ETV > Pühad ETV-ga;https://s.err.ee/photo/crop/2025/12/15/3124687hcd52t5.jpg;https://services.err.ee/api/v2/series/getSeriesData?type=video
2026-05-27;1608431327;1640109600;2021 aasta muinasjutt: EXPO;Dokumentaalid;ETV > Dokumentaalid;https://s.err.ee/photo/crop/2021/12/20/1284326h8d80t5.jpg;https://services.err.ee/api/v2/series/getSeriesData?type=video
2026-05-27;1608431336;1775727900;Õnnega koos;Dokumentaalid;ETV > Dokumentaalid;https://s.err.ee/photo/crop/2024/06/26/2452463he4cdt5.jpg;https://services.err.ee/api/v2/series/getSeriesData?type=video
2026-05-27;1608431348;0;Jõulud ETVga;Pühad ETV-ga;ETV > Pühad ETV-ga;https://s.err.ee/photo/crop/2021/12/22/1286141hc1b0t5.jpg;https://services.err.ee/api/v2/series/getSeriesData?type=video
2026-05-27;1608431360;1640354400;Jõuluõhtu jumalateenistus Puhja kirikus;Pühad ETV-ga;ETV > Pühad ETV-ga;https://s.err.ee/photo/crop/2021/12/22/1286780h28eat5.jpg;https://services.err.ee/api/v2/series/getSeriesData?type=video
2026-05-27;1608431363;1640430000;Esimese jõulupüha jumalateenistus;Pühad ETV-ga;ETV > Pühad ETV-ga;;https://services.err.ee/api/v2/series/getSeriesData?type=video
2026-05-27;1608431369;1640288400;Intervjuu president Alar Karisega 2021;Pühad ETV-ga;ETV > Pühad ETV-ga;https://s.err.ee/photo/crop/2021/12/24/1288574h5719t5.jpg;https://services.err.ee/api/v2/series/getSeriesData?type=video
2026-05-27;1608431393;1777617600;La Peebo läbi peegli;Saated;Jupiter > Video > Saated;https://s.err.ee/photo/crop/2024/06/25/2452435h9fcdt5.jpg;https://services.err.ee/api/v2/series/getSeriesData?type=video
2026-05-27;1608431396;1735044300;Jõulukontsert The Swingersi, Birgiti ja Ott Leplandiga;Kultuur;ETV > Kultuur;https://s.err.ee/photo/crop/2021/12/22/1286372h12bdt5.jpg;https://services.err.ee/api/v2/series/getSeriesData?type=video
2026-05-27;1608431411;1640464200;Kristjan Järvi Pühitsus;Kontserdid;ETV2 > Kontserdid;https://s.err.ee/photo/crop/2021/12/22/1286171h89bbt5.jpg;https://services.err.ee/api/v2/series/getSeriesData?type=video
2026-05-27;1608434192;0;Meloodia 66;Filmid;Jupiter > Video > Filmid;;https://services.err.ee/api/v2/series/getSeriesData?type=video
2026-05-27;1608435446;1640541600;Teatrietendus. Antigone;Teemaõhtud;ETV2 > Teemaõhtud;https://s.err.ee/photo/crop/2026/03/24/3274296hfbe9t5.jpg;https://services.err.ee/api/v2/series/getSeriesData?type=video
2026-05-27;1608437144;1750722300;Malev;Eesti;Jupiter > Video > Filmid > Eesti;https://s.err.ee/photo/crop/2020/04/20/771552h8962t5.jpg;https://services.err.ee/api/v2/series/getSeriesData?type=video
2026-05-27;1608437210;1687630500;Swingersi kontsert;Kontserdid ja muusika;Jupiter > Video > Saated > Kontserdid ja muusika;https://s.err.ee/photo/crop/2021/12/27/1290434hd4b7t5.jpg;https://services.err.ee/api/v2/series/getSeriesData?type=video
2026-05-27;1608437294;1649608800;Teatrietendus. Isamaa pääsukesed;Lavastused;Jupiter > Video > Saated > Lavastused;https://s.err.ee/photo/crop/2026/04/25/3398349h188dt5.jpg;https://services.err.ee/api/v2/series/getSeriesData?type=video
2026-05-27;1608437417;1758312600;Onu Bella. Uude maailma minek;Saated;Jupiter > Video > Saated;https://s.err.ee/photo/crop/2025/09/17/3017646h2025t5.jpg;https://services.err.ee/api/v2/series/getSeriesData?type=video
2026-05-27;1608437426;1723373400;Jalgpallisajand;Saated;Jupiter > Video > Saated;https://s.err.ee/photo/crop/2024/08/05/2500225h533ct5.jpg;https://services.err.ee/api/v2/series/getSeriesData?type=video
2026-05-27;1608437489;0;Aasta tipphetked;Saated;ETV > Saated;https://s.err.ee/photo/crop/2024/12/24/2670787h0ccdt5.jpg;https://services.err.ee/api/v2/series/getSeriesData?type=video
2026-05-27;1608437516;1737634500;Vehklejad. Kuldne nelik;Saated;Jupiter > Video > Saated;https://s.err.ee/photo/crop/2025/01/20/2695900h8bc1t5.jpg;https://services.err.ee/api/v2/series/getSeriesData?type=video
2026-05-27;1608437519;0;Sinu uus sugulane;Saated;Jupiter > Video > Saated;https://s.err.ee/photo/crop/2024/10/30/2599537h684ct5.jpg;https://services.err.ee/api/v2/series/getSeriesData?type=video
2026-05-27;1608437543;1704066600;Öös on estraadi;Kultuur;ETV > Kultuur;https://s.err.ee/photo/crop/2021/12/30/1293089hfbcat5.jpg;https://services.err.ee/api/v2/series/getSeriesData?type=video
2026-05-27;1608437546;1640987400;Eesti Vabariigi presidendi uusaastatervitus 2021;Pühad ETV-ga;ETV > Pühad ETV-ga;https://s.err.ee/photo/crop/2021/12/30/1292975h08d0t5.jpg;https://services.err.ee/api/v2/series/getSeriesData?type=video
2026-05-27;1608437567;0;Rahva oma kaitse. Aastavahetuse eri;Pühad ETV-ga;ETV > Pühad ETV-ga;https://s.err.ee/photo/crop/2024/09/24/2556775h7de5t5.jpg;https://services.err.ee/api/v2/series/getSeriesData?type=video
2026-05-27;1608437591;1766586600;Koit Toome, Uku Suviste, Jaagup Tuisk. Kaunid laulud üheskoos;Kontserdid;ETV2 > Kontserdid;https://s.err.ee/photo/crop/2021/12/30/1293092h1149t5.jpg;https://services.err.ee/api/v2/series/getSeriesData?type=video
2026-05-27;1608437594;1640984700;Rõõmsad hetked ETV-ga;Soovitame;ETV > Soovitame;https://s.err.ee/photo/crop/2021/12/30/1293095h408et5.jpg;https://services.err.ee/api/v2/series/getSeriesData?type=video
2026-05-27;1608438101;0;Pop '84;Saated;Jupiter > Video > Saated;;https://services.err.ee/api/v2/series/getSeriesData?type=video
2026-05-27;1608440819;1750787700;Jan Uuspõld ja Ago Anderson. Piiri peal;Lavastused;Jupiter > Video > Saated > Lavastused;https://s.err.ee/photo/crop/2024/03/11/2303367h4f56t5.jpg;https://services.err.ee/api/v2/series/getSeriesData?type=video
2026-05-27;1608441494;1640892300;Suur aastalõpuviktoriin 2021;Pühad ETV-ga;ETV > Pühad ETV-ga;https://s.err.ee/photo/crop/2021/12/29/1291478h0527t5.jpg;https://services.err.ee/api/v2/series/getSeriesData?type=video
2026-05-27;1608441620;1766656800;Alissa Imedemaal;Põnevus/seiklus;Jupiter > Video > Filmid > Põnevus/seiklus;https://s.err.ee/photo/crop/2025/12/22/3134812h2d75t5.jpg;https://services.err.ee/api/v2/series/getSeriesData?type=video
2026-05-27;1608444104;0;Saatevigad;Saated;Jupiter > Video > Saated;https://s.err.ee/photo/crop/2025/06/06/2892696h2ae3t5.jpg;https://services.err.ee/api/v2/series/getSeriesData?type=video
2026-05-27;1608445622;1780165800;Usu mind;Saated;Jupiter > Video > Saated;https://s.err.ee/photo/crop/2025/01/13/2688946h95fat5.jpg;https://services.err.ee/api/v2/series/getSeriesData?type=video
2026-05-27;1608445625;1774792800;Mina olengi protokoll. Lennart Meri;Saated;Jupiter > Video > Saated;https://s.err.ee/photo/crop/2024/07/30/2492479hfcact5.jpg;https://services.err.ee/api/v2/series/getSeriesData?type=video
2026-05-27;1608445811;1703609100;Presidendid. Toomas Hendrik Ilves;Saated;Jupiter > Video > Saated;https://s.err.ee/photo/crop/2022/01/03/1296287hd160t5.jpg;https://services.err.ee/api/v2/series/getSeriesData?type=video
2026-05-27;1608445931;1746867600;Presidendid. Arnold Rüütel;Saated;Jupiter > Video > Saated;https://s.err.ee/photo/crop/2024/05/09/2385963h8268t5.jpg;https://services.err.ee/api/v2/series/getSeriesData?type=video
2026-05-27;1608445988;1641324600;Suur intervjuu peaminister Kaja Kallasega;Soovitame;ETV > Soovitame;https://s.err.ee/photo/crop/2022/01/03/1296290h7f18t5.jpg;https://services.err.ee/api/v2/series/getSeriesData?type=video
2026-05-27;1608446012;0;Lumilaane lood;Dokumentaalid;ETV > Dokumentaalid;https://s.err.ee/photo/crop/2022/01/05/1297937h3d66t5.jpg;https://services.err.ee/api/v2/series/getSeriesData?type=video
2026-05-27;1608446018;1658865900;Paavo Järvi. Professionaalne eestlane;Saated;Jupiter > Video > Saated;https://s.err.ee/photo/crop/2022/01/04/1297334hc912t5.jpg;https://services.err.ee/api/v2/series/getSeriesData?type=video
2026-05-27;1608449804;1771593900;Karulood;Dokumentaal;Jupiter > Video > Filmid > Dokumentaal;https://s.err.ee/photo/crop/2024/08/19/2512093hda7ct5.jpg;https://services.err.ee/api/v2/series/getSeriesData?type=video
2026-05-27;1608450017;0;Edekabel;Saated;Jupiter > Video > Saated;https://s.err.ee/photo/crop/2021/12/30/1292981h0227t5.jpg;https://services.err.ee/api/v2/series/getSeriesData?type=video
2026-05-27;1608450323;0;Punk teraapia;Saated;Jupiter > Video > Saated;https://s.err.ee/photo/crop/2025/10/06/3041229h5048t5.jpg;https://services.err.ee/api/v2/series/getSeriesData?type=video
2026-05-27;1608450368;0;Hiina - iidne looduse kuningriik;Dokumentaal;Jupiter > Video > Filmid > Dokumentaal;https://s.err.ee/photo/crop/2023/09/15/2078189h3cd2t5.jpg;https://services.err.ee/api/v2/series/getSeriesData?type=video
2026-05-27;1608450800;1663794900;Estcoy-8;Dokumentaal;Jupiter > Video > Filmid > Dokumentaal;https://s.err.ee/photo/crop/2022/01/10/1301519hfe7bt5.jpg;https://services.err.ee/api/v2/series/getSeriesData?type=video
2026-05-27;1608450866;1642106100;ERSO 95. Igavesti noor orkester;Kultuur;ETV > Kultuur;https://s.err.ee/photo/crop/2022/01/12/1304366h6d5ft5.jpg;https://services.err.ee/api/v2/series/getSeriesData?type=video
2026-05-27;1608451544;0;Aegluubis maailm. Jaapan;Dokumentaal;Jupiter > Video > Filmid > Dokumentaal;https://s.err.ee/photo/crop/2022/01/03/1296986h6118t5.jpg;https://services.err.ee/api/v2/series/getSeriesData?type=video
2026-05-27;1608453641;0;Koduteel;Saated;Jupiter > Video > Saated;https://s.err.ee/photo/crop/2023/11/21/2157850h4123t5.jpg;https://services.err.ee/api/v2/series/getSeriesData?type=video
2026-05-27;1608454301;0;Eesti jalajäljed Ühendkuningriigis;Saated;Jupiter > Video > Saated;https://s.err.ee/photo/crop/2022/01/20/1317617h094dt5.jpg;https://services.err.ee/api/v2/series/getSeriesData?type=video
2026-05-27;1608454409;0;Aegluubis maailm. Uus-Meremaa;Dokumentaal;Jupiter > Video > Filmid > Dokumentaal;https://s.err.ee/photo/crop/2022/01/10/1301567hb157t5.jpg;https://services.err.ee/api/v2/series/getSeriesData?type=video
2026-05-27;1608454520;0;Aegluubis maailm. Sri Lanka;Dokumentaal;Jupiter > Video > Filmid > Dokumentaal;https://s.err.ee/photo/crop/2022/01/10/1301570ha894t5.jpg;https://services.err.ee/api/v2/series/getSeriesData?type=video
2026-05-27;1608455954;0;Iluuisutamise EM Tallinnas;Sport;ETV2 > Sport;https://s.err.ee/photo/crop/2025/01/28/2704244hfbcat5.jpg;https://services.err.ee/api/v2/series/getSeriesData?type=video
2026-05-27;1608456191;0;Suured loomad, väiksed loomad;Draama;Jupiter > Video > Sarjad > Draama;https://s.err.ee/photo/crop/2025/03/10/2774180hcc52t5.jpg;https://services.err.ee/api/v2/series/getSeriesData?type=video
2026-05-27;1608456263;0;Teatrietendus. Superdiskor;Lavastused;Jupiter > Video > Saated > Lavastused;https://s.err.ee/photo/crop/2022/01/11/1303037hfbcdt5.jpg;https://services.err.ee/api/v2/series/getSeriesData?type=video
2026-05-27;1608456284;0;Muusa poolt valitud;Saated;Jupiter > Video > Saated;https://s.err.ee/photo/crop/2023/11/06/2139526hf048t5.jpg;https://services.err.ee/api/v2/series/getSeriesData?type=video
2026-05-27;1608456329;1720369800;Mõistus, tahe, töö ja Lauter;Dokumentaal;Jupiter > Video > Filmid > Dokumentaal;https://s.err.ee/photo/crop/2024/07/01/2459399h076at5.jpg;https://services.err.ee/api/v2/series/getSeriesData?type=video
2026-05-27;1608456338;0;BAM - tagasi tulevikku;Saated;Jupiter > Video > Saated;https://s.err.ee/photo/crop/2022/01/11/1303196hbfbct5.jpg;https://services.err.ee/api/v2/series/getSeriesData?type=video
2026-05-27;1608457493;0;Teatrietendus. Meistriklass;Lavastused;Jupiter > Video > Saated > Lavastused;https://s.err.ee/photo/crop/2022/01/18/1315424h4f85t5.jpg;https://services.err.ee/api/v2/series/getSeriesData?type=video
2026-05-27;1608457709;1778355900;Das Boot. Ühe allveelaeva lugu;Filmid;ETV2 > Filmid;https://s.err.ee/photo/crop/2026/05/04/3498616h2a72t5.jpg;https://services.err.ee/api/v2/series/getSeriesData?type=video
2026-05-27;1608461195;0;Ukraina fragmendid;Dokumentaal;Jupiter > Video > Filmid > Dokumentaal;https://s.err.ee/photo/crop/2022/01/11/1303049he919t5.jpg;https://services.err.ee/api/v2/series/getSeriesData?type=video
2026-05-27;1608462224;0;Aastavahetus ETV+-ga;Saated;Jupiter > Video > Saated;;https://services.err.ee/api/v2/series/getSeriesData?type=video
2026-05-27;1608465248;1643458200;Kolm näitlejat;Saated;Jupiter > Video > Saated;https://s.err.ee/photo/crop/2026/03/27/3278553hb53ct5.jpg;https://services.err.ee/api/v2/series/getSeriesData?type=video
2026-05-27;1608466424;1757358000;Siis sai õhtu ja sai hommik;Dokumentaal;Jupiter > Video > Filmid > Dokumentaal;https://s.err.ee/photo/crop/2025/09/09/3005589hc7a1t5.jpg;https://services.err.ee/api/v2/series/getSeriesData?type=video
2026-05-27;1608466448;1744924500;Emil. Eesti Tarzan;Dokumentaal;Jupiter > Video > Filmid > Dokumentaal;https://s.err.ee/photo/crop/2025/04/14/2823290h1b43t5.jpg;https://services.err.ee/api/v2/series/getSeriesData?type=video
2026-05-27;1608469790;0;Riigilooja August Rei;Dokumentaal;Jupiter > Video > Filmid > Dokumentaal;https://s.err.ee/photo/crop/2021/12/08/1272314h786ct5.jpg;https://services.err.ee/api/v2/series/getSeriesData?type=video
2026-05-27;1608469796;1702380900;Laulutaat. Gustav Ernesaks;Saated;Jupiter > Video > Saated;https://s.err.ee/photo/crop/2023/12/11/2180068h38bct5.jpg;https://services.err.ee/api/v2/series/getSeriesData?type=video
2026-05-27;1608469799;0;Pilla-palla näärid;Filmid;Jupiter > Video > Filmid;;https://services.err.ee/api/v2/series/getSeriesData?type=video
2026-05-27;1608469802;1740252000;Turismilinn Tallinn;Filmid;Jupiter > Video > Filmid;https://s.err.ee/photo/crop/2025/02/17/2741162h2ce8t5.jpg;https://services.err.ee/api/v2/series/getSeriesData?type=video
2026-05-27;1608469805;0;Rahutaevas;Dokumentaal;Jupiter > Video > Filmid > Dokumentaal;https://s.err.ee/photo/crop/2022/02/15/1358393h40f1t5.jpg;https://services.err.ee/api/v2/series/getSeriesData?type=video
2026-05-27;1608469808;0;Sõprusleek;Dokumentaal;Jupiter > Video > Filmid > Dokumentaal;;https://services.err.ee/api/v2/series/getSeriesData?type=video
2026-05-27;1608469811;0;Kuuvikerkaar;Dokumentaal;Jupiter > Video > Filmid > Dokumentaal;https://s.err.ee/photo/crop/2022/02/02/1339415ha3fat5.jpg;https://services.err.ee/api/v2/series/getSeriesData?type=video
2026-05-27;1608469823;0;Sajandiring;Dokumentaal;Jupiter > Video > Filmid > Dokumentaal;https://s.err.ee/photo/crop/2022/05/20/1480612h782ft5.jpg;https://services.err.ee/api/v2/series/getSeriesData?type=video
2026-05-27;1608469835;0;Võrokese;Dokumentaal;Jupiter > Video > Filmid > Dokumentaal;https://s.err.ee/photo/crop/2025/11/03/3074538hb0b2t5.jpg;https://services.err.ee/api/v2/series/getSeriesData?type=video
2026-05-27;1608469838;0;Kadriorg;Dokumentaal;Jupiter > Video > Filmid > Dokumentaal;;https://services.err.ee/api/v2/series/getSeriesData?type=video
2026-05-27;1608469895;0;Orelimõtisklus;Dokumentaal;Jupiter > Video > Filmid > Dokumentaal;https://s.err.ee/photo/crop/2022/03/14/1392523h6d07t5.jpg;https://services.err.ee/api/v2/series/getSeriesData?type=video
2026-05-27;1608469898;0;On niisugune võimalus;Dokumentaal;Jupiter > Video > Filmid > Dokumentaal;;https://services.err.ee/api/v2/series/getSeriesData?type=video
2026-05-27;1608470789;0;Aegluubis maailm. Peruu;Dokumentaal;Jupiter > Video > Filmid > Dokumentaal;https://s.err.ee/photo/crop/2022/01/24/1323755h9eaet5.jpg;https://services.err.ee/api/v2/series/getSeriesData?type=video
2026-05-27;1608472298;1705847100;Telelavastus. Viimne lahing;Lavastused;ETV2 > Lavastused;https://s.err.ee/photo/crop/2022/02/02/1339409h73e5t5.jpg;https://services.err.ee/api/v2/series/getSeriesData?type=video
2026-05-27;1608472751;0;Simon Reeve'iga Cumbrias;Dokumentaal;Jupiter > Video > Filmid > Dokumentaal;https://s.err.ee/photo/crop/2024/06/12/2435348h68a9t5.jpg;https://services.err.ee/api/v2/series/getSeriesData?type=video
2026-05-27;1608472913;0;Telelavastus. Püha Katariina pöörane õhtusöömaaeg;Lavastused;Jupiter > Video > Saated > Lavastused;https://s.err.ee/photo/crop/2026/01/19/3158473hae84t5.jpg;https://services.err.ee/api/v2/series/getSeriesData?type=video
2026-05-27;1608472922;0;Teatrietendus. Tuuleiil;Lavastused;Jupiter > Video > Saated > Lavastused;https://s.err.ee/photo/crop/2022/01/26/1325420h7ca9t5.jpg;https://services.err.ee/api/v2/series/getSeriesData?type=video
2026-05-27;1608472928;0;Telelavastus. Legend hundimõrsjast;Lavastused;Jupiter > Video > Saated > Lavastused;https://s.err.ee/photo/crop/2022/01/26/1325375h2a27t5.jpg;https://services.err.ee/api/v2/series/getSeriesData?type=video
2026-05-27;1608472937;0;Telelavastus. Leedi Windermere'i lehvik;Lavastused;Jupiter > Video > Saated > Lavastused;https://s.err.ee/photo/crop/2020/05/29/783611h40b4t5.jpg;https://services.err.ee/api/v2/series/getSeriesData?type=video
2026-05-27;1608477401;0;Aegluubis maailm. Boliivia;Dokumentaal;Jupiter > Video > Filmid > Dokumentaal;https://s.err.ee/photo/crop/2022/01/31/1336802h06f0t5.jpg;https://services.err.ee/api/v2/series/getSeriesData?type=video
2026-05-27;1608477407;0;Aegluubis maailm. Jordaania;Dokumentaal;Jupiter > Video > Filmid > Dokumentaal;https://s.err.ee/photo/crop/2022/01/31/1336799h09fet5.jpg;https://services.err.ee/api/v2/series/getSeriesData?type=video
2026-05-27;1608481331;0;Rännud kaugemale;Saated;Jupiter > Video > Saated;https://s.err.ee/photo/crop/2022/02/11/1353626h97adt5.jpg;https://services.err.ee/api/v2/series/getSeriesData?type=video
2026-05-27;1608481337;0;Teatrietendus. Karin. Indrek. Tõde ja õigus 4;Lavastused;Jupiter > Video > Saated > Lavastused;https://s.err.ee/photo/crop/2022/02/11/1353662h8bb6t5.jpg;https://services.err.ee/api/v2/series/getSeriesData?type=video
2026-05-27;1608481400;1733065200;Rahvusülikooli sada aastat;Saated;Jupiter > Video > Saated;https://s.err.ee/photo/crop/2024/11/25/2633221h0b53t5.jpg;https://services.err.ee/api/v2/series/getSeriesData?type=video
2026-05-27;1608481904;1644770700;Kultuurkapitali aastapreemiad 2021;Kultuur;ETV > Kultuur;https://s.err.ee/photo/crop/2022/02/09/1350473h7b31t5.jpg;https://services.err.ee/api/v2/series/getSeriesData?type=video
2026-05-27;1608485249;0;Aegluubis maailm. Liibanon;Dokumentaal;Jupiter > Video > Filmid > Dokumentaal;https://s.err.ee/photo/crop/2022/02/08/1349402hb00bt5.jpg;https://services.err.ee/api/v2/series/getSeriesData?type=video
2026-05-27;1608487511;0;Vestlusi vene kultuuriloost;Saated;Jupiter > Video > Saated;https://s.err.ee/photo/crop/2022/02/16/1359128hf768t5.jpg;https://services.err.ee/api/v2/series/getSeriesData?type=video
2026-05-27;1608487982;0;Väike luulesaade;Saated;Jupiter > Video > Saated;https://s.err.ee/photo/crop/2025/12/08/3118108hfbfat5.jpg;https://services.err.ee/api/v2/series/getSeriesData?type=video
2026-05-27;1608494963;0;Mul annet on ka äikeseks;Dokumentaal;Jupiter > Video > Filmid > Dokumentaal;https://s.err.ee/photo/crop/2022/02/14/1357316h8683t5.jpg;https://services.err.ee/api/v2/series/getSeriesData?type=video
2026-05-27;1608495794;1645983000;Tormi poeg. Juhan Smuul;Saated;Jupiter > Video > Saated;https://s.err.ee/photo/crop/2022/02/23/1367075h2c84t5.jpg;https://services.err.ee/api/v2/series/getSeriesData?type=video
2026-05-27;1608495806;1771939800;Kuidas kuningas kuu peale kippus;Lastesaated;ETV2 > Lastesaated;https://s.err.ee/photo/crop/2025/08/18/2977794hd3det5.jpg;https://services.err.ee/api/v2/series/getSeriesData?type=video
2026-05-27;1608495812;0;100 luulepärli;Saated;ETV2 > Saated;;https://services.err.ee/api/v2/series/getSeriesData?type=video
2026-05-27;1608495869;1645704000;PÕS, kallis juubilar!;Saated;Jupiter > Video > Saated;;https://services.err.ee/api/v2/series/getSeriesData?type=video
2026-05-27;1608495872;1720860300;100 Eesti hetke;Saated;Jupiter > Video > Saated;https://s.err.ee/photo/crop/2026/03/06/3242093he8f2t5.jpg;https://services.err.ee/api/v2/series/getSeriesData?type=video
2026-05-27;1608495932;1778096400;Pätt või pühak Raul Vaiksoo;Portreesaated;ETV > Portreesaated;https://s.err.ee/photo/crop/2024/04/08/2343798he7ebt5.jpg;https://services.err.ee/api/v2/series/getSeriesData?type=video
2026-05-27;1608495941;1746960000;Lydia;Dokumentaal;Jupiter > Video > Filmid > Dokumentaal;https://s.err.ee/photo/crop/2022/02/22/1365842hee3ft5.jpg;https://services.err.ee/api/v2/series/getSeriesData?type=video
2026-05-27;1608496364;1645645200;Peaminister Kaja Kallase pöördumine Vabariigi aastapäeva eel;Soovitame;ETV > Soovitame;https://s.err.ee/photo/crop/2022/02/23/1367000h5699t5.jpg;https://services.err.ee/api/v2/series/getSeriesData?type=video
2026-05-27;1608496388;1768393500;Talveöö laulupidu;Kultuur;ETV > Kultuur;https://s.err.ee/photo/crop/2026/01/12/3152011hc767t5.jpg;https://services.err.ee/api/v2/series/getSeriesData?type=video
2026-05-27;1608498266;0;Eesti Laul 2022. Vaheklipid;Saated;Jupiter > Video > Saated;https://s.err.ee/photo/crop/2022/02/12/1355096hf42dt5.jpg;https://services.err.ee/api/v2/series/getSeriesData?type=video
2026-05-27;1608499751;0;Telelavastus. Kaheksa armastavat naist;Lavastused;Jupiter > Video > Saated > Lavastused;https://s.err.ee/photo/crop/2022/02/16/1359125hdbd6t5.jpg;https://services.err.ee/api/v2/series/getSeriesData?type=video
2026-05-27;1608499817;0;Liivlaste lood;Dokumentaal;Jupiter > Video > Filmid > Dokumentaal;https://s.err.ee/photo/crop/2022/03/09/1386617h4997t5.jpg;https://services.err.ee/api/v2/series/getSeriesData?type=video
2026-05-27;1608501644;1645695000;Paraadid läbi aegade;Saated;Jupiter > Video > Saated;https://s.err.ee/photo/crop/2026/02/23/3221840hfe35t5.png;https://services.err.ee/api/v2/series/getSeriesData?type=video
2026-05-27;1608501662;1775232600;Lumi Punasel Lagedal;Dokumentaal;Jupiter > Video > Filmid > Dokumentaal;https://s.err.ee/photo/crop/2025/02/23/2751980hc0edt5.jpg;https://services.err.ee/api/v2/series/getSeriesData?type=video
2026-05-27;1608501665;0;Iseseisvuse portreed;Saated;Jupiter > Video > Saated;https://s.err.ee/photo/crop/2024/02/21/2269539hb8b1t5.jpg;https://services.err.ee/api/v2/series/getSeriesData?type=video
2026-05-27;1608501689;1698500400;Lotmani ajastu;Saated;Jupiter > Video > Saated;https://s.err.ee/photo/crop/2023/10/26/2125922h3cfat5.jpg;https://services.err.ee/api/v2/series/getSeriesData?type=video
2026-05-27;1608502175;0;Aunaste ja Kersna. Ühe intervjuu anatoomia;Saated;Jupiter > Video > Saated;;https://services.err.ee/api/v2/series/getSeriesData?type=video
2026-05-27;1608503846;1646594400;Puritaanlased;Kontserdid;ETV2 > Kontserdid;;https://services.err.ee/api/v2/series/getSeriesData?type=video
2026-05-27;1608503849;1646598000;Populaarseid ooperikatkendeid;Kontserdid;ETV2 > Kontserdid;;https://services.err.ee/api/v2/series/getSeriesData?type=video
2026-05-27;1608503852;1646591400;Teo Maiste ooperis;Kontserdid;ETV2 > Kontserdid;;https://services.err.ee/api/v2/series/getSeriesData?type=video
2026-05-27;1608503864;1646595300;Vahelduvad maskid. Teo Maiste;Portreesaated;ETV2 > Portreesaated;;https://services.err.ee/api/v2/series/getSeriesData?type=video
2026-05-27;1608504326;1652725800;Unustamatu Lotman;Portreesaated;ETV2 > Portreesaated;https://s.err.ee/photo/crop/2022/02/23/1366784h3313t5.jpg;https://services.err.ee/api/v2/series/getSeriesData?type=video
2026-05-27;1608504380;0;Kultuuristuudio. Arutelu;Saated;Jupiter > Video > Saated;https://s.err.ee/photo/crop/2025/01/28/2704223hbc26t5.jpg;https://services.err.ee/api/v2/series/getSeriesData?type=video
2026-05-27;1608505511;1645981800;Väärtustades elutööd 2022;Soovitame;ETV > Soovitame;https://s.err.ee/photo/crop/2022/02/27/1376333h1960t5.jpg;https://services.err.ee/api/v2/series/getSeriesData?type=video
2026-05-27;1608508361;0;Eesti Vabariik 104;Saated;Jupiter > Video > Saated;https://s.err.ee/photo/crop/2022/02/21/1364873h2e21t5.jpg;https://services.err.ee/api/v2/series/getSeriesData?type=video
2026-05-27;1608509510;0;Vahur Kersna 40/60;Saated;Jupiter > Video > Saated;https://s.err.ee/photo/crop/2025/08/04/2965773h1c66t5.jpg;https://services.err.ee/api/v2/series/getSeriesData?type=video
2026-05-27;1608510095;1738448100;Sügisball;Filmid;ETV2 > Filmid;https://s.err.ee/photo/crop/2023/11/16/2152414hc26ft5.jpg;https://services.err.ee/api/v2/series/getSeriesData?type=video
2026-05-27;1608510227;0;Laskesuusatamise MK-etapp Otepääl;Sport;ETV2 > Sport;https://s.err.ee/photo/crop/2026/03/10/3249470h1188t5.jpg;https://services.err.ee/api/v2/series/getSeriesData?type=video
2026-05-27;1608510599;0;Kultuuristuudio. Looming;Saated;Jupiter > Video > Saated;https://s.err.ee/photo/crop/2024/04/01/2333793h152ft5.jpg;https://services.err.ee/api/v2/series/getSeriesData?type=video
2026-05-27;1608513476;1645880400;Toetame Ukrainat! Ülekanne Vabaduse väljakult;Soovitame;ETV > Soovitame;https://s.err.ee/photo/crop/2022/02/27/1375715h1fc8t5.jpg;https://services.err.ee/api/v2/series/getSeriesData?type=video
2026-05-27;1608513803;1645972500;Dialoogid. Helilooja Valentin Silvestrov;Portreesaated;ETV > Portreesaated;https://s.err.ee/photo/crop/2024/03/26/2324685hc9a1t5.jpg;https://services.err.ee/api/v2/series/getSeriesData?type=video
2026-05-27;1608514445;0;Teatrietendus. Kohvioad;Lavastused;Jupiter > Video > Saated > Lavastused;https://s.err.ee/photo/crop/2022/03/07/1384556hf984t5.jpg;https://services.err.ee/api/v2/series/getSeriesData?type=video
2026-05-27;1608514955;1646067600;Aitame Ukrainat!;Soovitame;ETV > Soovitame;https://s.err.ee/photo/crop/2022/02/28/1376744hd2a6t5.jpg;https://services.err.ee/api/v2/series/getSeriesData?type=video
2026-05-27;1608515612;0;Väike kontsert;Filmid;Jupiter > Video > Filmid;https://s.err.ee/photo/crop/2022/03/07/1384553h5c57t5.jpg;https://services.err.ee/api/v2/series/getSeriesData?type=video
2026-05-27;1608516317;0;Ukrainlased Eestis;Dokumentaal;Jupiter > Video > Filmid > Dokumentaal;;https://services.err.ee/api/v2/series/getSeriesData?type=video
2026-05-27;1608516395;0;Teo Maiste 90;Saated;Jupiter > Video > Saated;https://s.err.ee/photo/crop/2022/03/04/1382111h6949t5.jpg;https://services.err.ee/api/v2/series/getSeriesData?type=video
2026-05-27;1608516860;1779303900;Juhan Peegel. Esimesed 100 aastat;Saated;Jupiter > Video > Saated;https://s.err.ee/photo/crop/2022/10/03/1636084h1faft5.jpg;https://services.err.ee/api/v2/series/getSeriesData?type=video
2026-05-27;1608518294;1661332200;Estonia Ukraina heaks;Kontserdid ja muusika;Jupiter > Video > Saated > Kontserdid ja muusika;https://s.err.ee/photo/crop/2022/03/04/1382180hf66at5.jpg;https://services.err.ee/api/v2/series/getSeriesData?type=video
2026-05-27;1608520985;0;Suspilne International;Saated;Jupiter > Video > Saated;https://s.err.ee/photo/crop/2022/03/07/1384721h8f90t5.jpg;https://services.err.ee/api/v2/series/getSeriesData?type=video
2026-05-27;1608523955;0;Verekivi;Eesti;Jupiter > Video > Filmid > Eesti;https://s.err.ee/photo/crop/2022/03/22/1401604ha769t5.jpg;https://services.err.ee/api/v2/series/getSeriesData?type=video
2026-05-27;1608525479;0;Telelavastus. Ametialased suhted;Lavastused;Jupiter > Video > Saated > Lavastused;https://s.err.ee/photo/crop/2022/03/15/1393579hcc17t5.jpg;https://services.err.ee/api/v2/series/getSeriesData?type=video
2026-05-27;1608525581;0;Lillepidu;Saated;Jupiter > Video > Saated;https://s.err.ee/photo/crop/2022/03/16/1394401h1003t5.jpg;https://services.err.ee/api/v2/series/getSeriesData?type=video
2026-05-27;1608526208;0;Uued naabrid;Dokumentaal;Jupiter > Video > Filmid > Dokumentaal;https://s.err.ee/photo/crop/2022/03/11/1389181h8cd3t5.jpg;https://services.err.ee/api/v2/series/getSeriesData?type=video
2026-05-27;1608527326;1691569200;Noore teatri sünd - Must Kast;Saated;Jupiter > Video > Saated;https://s.err.ee/photo/crop/2022/03/23/1403053hbccdt5.jpg;https://services.err.ee/api/v2/series/getSeriesData?type=video
2026-05-27;1608527827;1648395900;Teatri aastaauhinnad 2022;Kultuur;ETV > Kultuur;https://s.err.ee/photo/crop/2022/03/23/1403056hf8c0t5.jpg;https://services.err.ee/api/v2/series/getSeriesData?type=video
2026-05-27;1608529063;1756036800;Ukraina meie südames;Kontserdid;ETV2 > Kontserdid;https://s.err.ee/photo/crop/2025/08/18/2978604ha3c3t5.jpg;https://services.err.ee/api/v2/series/getSeriesData?type=video
2026-05-27;1608533791;1682931300;Telelavastus. Puhkepäev;Lavastused;Jupiter > Video > Saated > Lavastused;https://s.err.ee/photo/crop/2022/03/22/1401700h31bat5.jpg;https://services.err.ee/api/v2/series/getSeriesData?type=video
2026-05-27;1608534115;1772104500;Telelavastus. Armujook;Lavastused;Jupiter > Video > Saated > Lavastused;https://s.err.ee/photo/crop/2026/02/24/3224705hd82bt5.jpg;https://services.err.ee/api/v2/series/getSeriesData?type=video
2026-05-27;1608534118;0;"Helene Vannari contra Donnazza, ""Emainemine""";Saated;Jupiter > Video > Saated;https://s.err.ee/photo/crop/2022/03/17/1396312h2e38t5.jpg;https://services.err.ee/api/v2/series/getSeriesData?type=video
2026-05-27;1608535312;1649003400;Apelsini sees. Ago Anderson;Portreesaated;ETV2 > Portreesaated;;https://services.err.ee/api/v2/series/getSeriesData?type=video
2026-05-27;1608535324;1741545300;Õnnemaastikud. Olev Subbi;Dokumentaal;Jupiter > Video > Filmid > Dokumentaal;https://s.err.ee/photo/crop/2022/03/28/1408522h8583t5.jpg;https://services.err.ee/api/v2/series/getSeriesData?type=video
2026-05-27;1608535636;0;Metsavennad;Soovitame;ETV > Soovitame;https://s.err.ee/photo/crop/2025/05/29/2881911h1410t5.jpg;https://services.err.ee/api/v2/series/getSeriesData?type=video
2026-05-27;1608535885;1775889000;Ago Anderson. Rõõm on kõige tähtsam;Portreesaated;ETV2 > Portreesaated;https://s.err.ee/photo/crop/2024/04/05/2339949h02abt5.jpg;https://services.err.ee/api/v2/series/getSeriesData?type=video
2026-05-27;1608535891;0;Kohtumispaik Lõuna-Eesti;Saated;Jupiter > Video > Saated;https://s.err.ee/photo/crop/2024/04/05/2339919heda1t5.jpg;https://services.err.ee/api/v2/series/getSeriesData?type=video
2026-05-27;1608538429;0;Naised vormi;Saated;Jupiter > Video > Saated;https://s.err.ee/photo/crop/2021/03/24/966175h1536t5.jpg;https://services.err.ee/api/v2/series/getSeriesData?type=video
2026-05-27;1608540679;1648146600;Intervjuu Ukraina presidendi Volodõmõr Zelenskõiga;Soovitame;ETV > Soovitame;https://s.err.ee/photo/crop/2022/03/22/1402177hd766t5.jpg;https://services.err.ee/api/v2/series/getSeriesData?type=video
2026-05-27;1608542122;1648409400;Päästame Ukraina;Kultuur;ETV > Kultuur;https://s.err.ee/photo/crop/2022/03/24/1404106h1b00t5.jpg;https://services.err.ee/api/v2/series/getSeriesData?type=video
2026-05-27;1608544189;0;NOVA seletab;Teadus;Lasteekraan > Vaata ja kuula > Teemad > Loodus ja teadus > Teadus;https://s.err.ee/photo/crop/2022/06/08/1504513hec5at5.jpg;https://services.err.ee/api/v2/series/getSeriesData?type=video
2026-05-27;1608544468;1655060100;Põhjala Luiged;Kultuur;ETV > Kultuur;https://s.err.ee/photo/crop/2022/03/30/1410643h5b7at5.jpg;https://services.err.ee/api/v2/series/getSeriesData?type=video
2026-05-27;1608548062;1672057200;Kukerpillid. Pikk ja kõrge lend;Saated;Jupiter > Video > Saated;https://s.err.ee/photo/crop/2022/03/30/1410751h11dft5.jpg;https://services.err.ee/api/v2/series/getSeriesData?type=video
2026-05-27;1608550327;1779442200;Telelavastus. Sa oled koor minu kohvis;Lavastused;Jupiter > Video > Saated > Lavastused;https://s.err.ee/photo/crop/2022/04/12/1429837h566bt5.jpg;https://services.err.ee/api/v2/series/getSeriesData?type=video
2026-05-27;1608550354;1650213000;Teatrietendus. Tuvi;Lavastused;ETV2 > Lavastused;https://s.err.ee/photo/crop/2022/04/12/1429855hb492t5.jpg;https://services.err.ee/api/v2/series/getSeriesData?type=video
2026-05-27;1608550777;1707943200;Elmo Nüganen. Kuues käik;Portreesaated;ETV > Portreesaated;https://s.err.ee/photo/crop/2024/02/13/2258019hf83ct5.jpg;https://services.err.ee/api/v2/series/getSeriesData?type=video
2026-05-27;1608550780;1689456600;Aasta muusik. Mari Kalkun;Kontserdid ja muusika;Jupiter > Video > Saated > Kontserdid ja muusika;https://s.err.ee/photo/crop/2021/01/14/890092h0e87t5.jpg;https://services.err.ee/api/v2/series/getSeriesData?type=video
2026-05-27;1608550804;1649964900;Eesti parimad ehitised 2021;Soovitame;ETV > Soovitame;https://s.err.ee/photo/crop/2022/04/11/1428409h9342t5.jpg;https://services.err.ee/api/v2/series/getSeriesData?type=video
2026-05-27;1608550816;1650006000;Suure reede jumalateenistus Viimsi Püha Jaakobi kirikus;Soovitame;ETV > Soovitame;;https://services.err.ee/api/v2/series/getSeriesData?type=video
2026-05-27;1608550819;1650182400;Ülestõusmispühade jumalateenistus Pirita kloostris;Soovitame;ETV > Soovitame;;https://services.err.ee/api/v2/series/getSeriesData?type=video
2026-05-27;1608550843;1669549200;Muusikaparadiis. Hortus Musicus;Dokumentaalid;ETV2 > Dokumentaalid;https://s.err.ee/photo/crop/2022/04/12/1429834h92c8t5.jpg;https://services.err.ee/api/v2/series/getSeriesData?type=video
2026-05-27;1608550852;1711197900;Elame veel!;Soovitame;ETV > Soovitame;https://s.err.ee/photo/crop/2022/04/12/1429831h0f8ct5.jpg;https://services.err.ee/api/v2/series/getSeriesData?type=video
2026-05-27;1608551668;0;Iluuisutamise juunioride MM Tallinnas;Sport;ETV2 > Sport;https://s.err.ee/photo/crop/2026/03/03/3236363h1b5et5.jpg;https://services.err.ee/api/v2/series/getSeriesData?type=video
2026-05-27;1608553936;1759568700;Ave Alavainu. Kärdla pipar, suhkur ja sool;Saated;Jupiter > Video > Saated;https://s.err.ee/photo/crop/2022/04/05/1420837hf1a4t5.jpg;https://services.err.ee/api/v2/series/getSeriesData?type=video
2026-05-27;1608554296;0;Telelavastus. Koera süda;Lavastused;Jupiter > Video > Saated > Lavastused;https://s.err.ee/photo/crop/2022/04/05/1420495h3ecdt5.jpg;https://services.err.ee/api/v2/series/getSeriesData?type=video
2026-05-27;1608554992;1779620700;Porised prillid ehk mootorisport Karksi-Nuia moodi;Dokumentaal;Jupiter > Video > Filmid > Dokumentaal;https://s.err.ee/photo/crop/2024/05/07/2383281had56t5.jpg;https://services.err.ee/api/v2/series/getSeriesData?type=video
2026-05-27;1608555202;0;Teatrietendus. Marlene;Lavastused;Jupiter > Video > Saated > Lavastused;https://s.err.ee/photo/crop/2020/10/22/832968he629t5.jpg;https://services.err.ee/api/v2/series/getSeriesData?type=video
2026-05-27;1608557677;1650828000;Telelavastus. Tulge minu juurde;Lavastused;ETV2 > Lavastused;https://s.err.ee/photo/crop/2022/04/19/1439116h7708t5.jpg;https://services.err.ee/api/v2/series/getSeriesData?type=video
2026-05-27;1608557695;1754560200;Kodused kontserdid. Voorand / Koikson / Sooäär / Daniel;Kultuur;ETV > Kultuur;https://s.err.ee/photo/crop/2025/07/31/2962893h7116t5.jpg;https://services.err.ee/api/v2/series/getSeriesData?type=video
2026-05-27;1608557719;1751392800;Sõelaga vett. Merle Karusoo;Portreesaated;ETV2 > Portreesaated;https://s.err.ee/photo/crop/2024/07/30/2492446h8661t5.jpg;https://services.err.ee/api/v2/series/getSeriesData?type=video
2026-05-27;1608558250;1777113300;Aino on ainus! Aino Pervik 90;Portreesaated;ETV > Portreesaated;https://s.err.ee/photo/crop/2024/04/17/2360523hec43t5.jpg;https://services.err.ee/api/v2/series/getSeriesData?type=video
2026-05-27;1608558268;1769348100;Romanss suusarajal. Regina Oja ja Kalev Ermits;Sport;ETV > Sport;https://s.err.ee/photo/crop/2025/12/03/3112482h3ea7t5.jpg;https://services.err.ee/api/v2/series/getSeriesData?type=video
2026-05-27;1608562978;1685825100;Maailm, mis jääb meile;Kultuur;ETV > Kultuur;https://s.err.ee/photo/crop/2022/04/21/1443004hf05ct5.jpg;https://services.err.ee/api/v2/series/getSeriesData?type=video
2026-05-27;1608565183;1780338600;Vigala Sass - viimased lindid;Portreesaated;ETV > Portreesaated;https://s.err.ee/photo/crop/2022/04/26/1448614h4821t5.jpg;https://services.err.ee/api/v2/series/getSeriesData?type=video
2026-05-27;1608565714;1661347800;Oleme teiega;Dokumentaalid;ETV2 > Dokumentaalid;https://s.err.ee/photo/crop/2022/04/25/1446352h931bt5.jpg;https://services.err.ee/api/v2/series/getSeriesData?type=video
2026-05-27;1608571519;1753100100;Telelavastus. Odav spetsialist;Lavastused;Jupiter > Video > Saated > Lavastused;https://s.err.ee/photo/crop/2025/07/21/2953980h31dbt5.jpg;https://services.err.ee/api/v2/series/getSeriesData?type=video
2026-05-27;1608572128;1773864900;Soovide puu;Filmid;ETV > Filmid;https://s.err.ee/photo/crop/2026/03/16/3260933h3f70t5.jpg;https://services.err.ee/api/v2/series/getSeriesData?type=video
2026-05-27;1608572149;1758015600;Kadunud aegade elustaja Fredy Tomps;Portreesaated;ETV > Portreesaated;https://s.err.ee/photo/crop/2025/09/15/3015195ha839t5.jpg;https://services.err.ee/api/v2/series/getSeriesData?type=video
2026-05-27;1608572626;1651777500;Aasta arhitektuuripreemiad 2021;Kultuur;ETV > Kultuur;https://s.err.ee/photo/crop/2022/04/25/1447810h0298t5.png;https://services.err.ee/api/v2/series/getSeriesData?type=video
2026-05-27;1608572647;1763920500;Kuldsed Kukerpillid;Kultuur;ETV > Kultuur;https://s.err.ee/photo/crop/2025/11/17/3091635h5b64t5.jpg;https://services.err.ee/api/v2/series/getSeriesData?type=video
2026-05-27;1608572653;1692873000;Slava Ukraini;Dokumentaal;Jupiter > Video > Filmid > Dokumentaal;https://s.err.ee/photo/crop/2022/05/05/1460128h97a0t5.jpg;https://services.err.ee/api/v2/series/getSeriesData?type=video
2026-05-27;1608572683;1652024700;Emadepäeva kontsert;Kultuur;ETV > Kultuur;https://s.err.ee/photo/crop/2022/05/06/1461256h51fat5.jpg;https://services.err.ee/api/v2/series/getSeriesData?type=video
2026-05-27;1608576601;1750977600;Jaak Joala jäljed tähetolmus;Saated;Jupiter > Video > Saated;https://s.err.ee/photo/crop/2020/06/25/791282hd922t5.jpg;https://services.err.ee/api/v2/series/getSeriesData?type=video
2026-05-27;1608576610;1750693500;Jaak Joala;Dokumentaal;Jupiter > Video > Filmid > Dokumentaal;https://s.err.ee/photo/crop/2025/06/20/2906112h1b4ft5.jpg;https://services.err.ee/api/v2/series/getSeriesData?type=video
2026-05-27;1608577594;0;Made in Estonia;Filmid;Jupiter > Video > Filmid;https://s.err.ee/photo/crop/2020/04/18/771116h5c64t5.jpg;https://services.err.ee/api/v2/series/getSeriesData?type=video
2026-05-27;1608578179;0;Ukraina stuudio;Saated;Jupiter > Video > Saated;https://s.err.ee/photo/crop/2022/03/01/1378553h4581t5.jpg;https://services.err.ee/api/v2/series/getSeriesData?type=video
2026-05-27;1608580144;1750011300;Jaanid;Komöödia;Jupiter > Video > Filmid > Komöödia;https://s.err.ee/photo/crop/2024/05/06/2381511h9653t5.jpg;https://services.err.ee/api/v2/series/getSeriesData?type=video
2026-05-27;1608580534;1765399200;Järvid: Täiuslik kolmkõla;Saated;Jupiter > Video > Saated;https://s.err.ee/photo/crop/2024/06/04/2425361haf09t5.jpg;https://services.err.ee/api/v2/series/getSeriesData?type=video
2026-05-27;1608580600;1654027200;Tagalas;Dokumentaalid;ETV > Dokumentaalid;https://s.err.ee/photo/crop/2022/05/09/1465603h03c1t5.jpg;https://services.err.ee/api/v2/series/getSeriesData?type=video
2026-05-27;1608580627;1652619000;Kuidas valmistutakse Eurovisiooniks Torinos;Soovitame;ETV > Soovitame;https://s.err.ee/photo/crop/2022/05/13/1471105ha366t5.jpg;https://services.err.ee/api/v2/series/getSeriesData?type=video
2026-05-27;1608580630;1673076600;Stefan. Siirusega sihtideni;Portreesaated;ETV > Portreesaated;https://s.err.ee/photo/crop/2022/05/12/1469455he57bt5.jpg;https://services.err.ee/api/v2/series/getSeriesData?type=video
2026-05-27;1608581794;0;Väike-Õismäe - rõngaslinn;Dokumentaal;Jupiter > Video > Filmid > Dokumentaal;https://s.err.ee/photo/crop/2022/05/11/1468510h768ft5.jpg;https://services.err.ee/api/v2/series/getSeriesData?type=video
2026-05-27;1608581815;0;Teatrietendus. Farss pastoraadis;Lavastused;Jupiter > Video > Saated > Lavastused;https://s.err.ee/photo/crop/2022/05/05/1460125h7459t5.jpg;https://services.err.ee/api/v2/series/getSeriesData?type=video
2026-05-27;1608581821;0;Teatrietendus. Hapu vein ja sinihape;Lavastused;Jupiter > Video > Saated > Lavastused;https://s.err.ee/photo/crop/2022/05/11/1468507ha982t5.jpg;https://services.err.ee/api/v2/series/getSeriesData?type=video
2026-05-27;1608585172;0;Muusad ei vaikinud;Dokumentaal;Jupiter > Video > Filmid > Dokumentaal;https://s.err.ee/photo/crop/2026/05/18/3585817h9ab6t5.jpg;https://services.err.ee/api/v2/series/getSeriesData?type=video
2026-05-27;1608585286;1779096600;Lennukuurist muuseumiks;Dokumentaal;Jupiter > Video > Filmid > Dokumentaal;https://s.err.ee/photo/crop/2025/02/17/2739884h0b56t5.jpg;https://services.err.ee/api/v2/series/getSeriesData?type=video
2026-05-27;1608586054;1652123400;Katusekontsert Meie Euroopa;Kultuur;ETV > Kultuur;https://s.err.ee/photo/crop/2022/05/09/1465594h1a3et5.jpg;https://services.err.ee/api/v2/series/getSeriesData?type=video
2026-05-27;1608586120;1652204700;Eesti Peterburi;Saated;Jupiter > Video > Saated;https://s.err.ee/photo/crop/2022/05/09/1465564he121t5.jpg;https://services.err.ee/api/v2/series/getSeriesData?type=video
2026-05-27;1608586216;0;Eurolaulud 2022 eesti viipekeeles;Kontserdid ja muusika;Jupiter > Video > Saated > Kontserdid ja muusika;https://s.err.ee/photo/crop/2022/05/05/1459642h8db1t5.jpg;https://services.err.ee/api/v2/series/getSeriesData?type=video
2026-05-27;1608586699;0;Juubeli eel. Neeme Järvil Floridas külas;Saated;Jupiter > Video > Saated;https://s.err.ee/photo/crop/2022/05/05/1459645hfc07t5.jpg;https://services.err.ee/api/v2/series/getSeriesData?type=video
2026-05-27;1608587971;1765567800;Moodsa meditsiini hiilgus ja viletsus. Vahur Kersna vestleb dr Adik Leviniga;Saated;Jupiter > Video > Saated;https://s.err.ee/photo/crop/2025/08/12/2971560h1672t5.jpg;https://services.err.ee/api/v2/series/getSeriesData?type=video
2026-05-27;1608588409;1663099500;Muusikaparadiis. Hortus Musicus 50;Saated;Jupiter > Video > Saated;https://s.err.ee/photo/crop/2022/05/19/1479019h6033t5.jpg;https://services.err.ee/api/v2/series/getSeriesData?type=video
2026-05-27;1608594919;0;Ameerika unelmat taga ajades;Dokumentaal;Jupiter > Video > Filmid > Dokumentaal;https://s.err.ee/photo/crop/2020/09/01/813401hf392t5.jpg;https://services.err.ee/api/v2/series/getSeriesData?type=video
2026-05-27;1608595057;1754157600;Pingeväljade aednik;Portreesaated;ETV > Portreesaated;https://s.err.ee/photo/crop/2025/07/28/2960907h73abt5.jpg;https://services.err.ee/api/v2/series/getSeriesData?type=video
2026-05-27;1608595432;1662742800;"Ivo Linna ja Supernova ""Taevatähtedest Tee""";Kultuur;ETV > Kultuur;https://s.err.ee/photo/crop/2022/05/26/1489411h86f9t5.jpg;https://services.err.ee/api/v2/series/getSeriesData?type=video
2026-05-27;1608595474;1660986000;Silmapaistev Noor Eestlane 2022;Saated;Jupiter > Video > Saated;https://s.err.ee/photo/crop/2022/05/26/1488490hdec7t5.jpg;https://services.err.ee/api/v2/series/getSeriesData?type=video
2026-05-27;1608595486;1661374500;Eesti laulab Ukrainale;Kultuur;ETV > Kultuur;https://s.err.ee/photo/crop/2022/05/23/1484389he23bt5.jpg;https://services.err.ee/api/v2/series/getSeriesData?type=video
2026-05-27;1608596404;1767702900;Elulõim;Saated;Jupiter > Video > Saated;;https://services.err.ee/api/v2/series/getSeriesData?type=video
2026-05-27;1608599827;0;Olen valmis;Saated;Jupiter > Video > Saated;https://s.err.ee/photo/crop/2022/05/25/1487932h0187t5.jpg;https://services.err.ee/api/v2/series/getSeriesData?type=video
2026-05-27;1608601195;0;Mida teie arvate?;Saated;ETV > Saated;https://s.err.ee/photo/crop/2024/03/26/2324796h7ff1t5.jpg;https://services.err.ee/api/v2/series/getSeriesData?type=video
2026-05-27;1608602110;0;Vanad ajad;Saated;Jupiter > Video > Saated;https://s.err.ee/photo/crop/2022/05/20/1480603haaebt5.jpg;https://services.err.ee/api/v2/series/getSeriesData?type=video
2026-05-27;1608602383;1654455600;Üks maestro, kaks orkestrit. Neeme Järvi 60;Portreesaated;ETV2 > Portreesaated;https://s.err.ee/photo/crop/2025/10/01/3035388hfa91t5.jpg;https://services.err.ee/api/v2/series/getSeriesData?type=video
2026-05-27;1608602386;1654467300;Järvid Leigo järvel - kontsert;Kontserdid;ETV2 > Kontserdid;https://s.err.ee/photo/crop/2022/06/02/1498207hc635t5.jpg;https://services.err.ee/api/v2/series/getSeriesData?type=video
2026-05-27;1608602389;0;Mängime veel!;Saated;Jupiter > Video > Saated;https://s.err.ee/photo/crop/2023/08/14/2032700haffdt5.jpg;https://services.err.ee/api/v2/series/getSeriesData?type=video
2026-05-27;1608602416;1757615400;Arvo Pärt. Lapsepõlve lood;Saated;Jupiter > Video > Saated;https://s.err.ee/photo/crop/2025/09/08/3004350h9e98t5.jpg;https://services.err.ee/api/v2/series/getSeriesData?type=video
2026-05-27;1608602419;1654459200;Neeme Järvi 80 - sünnipäevakontsert;Portreesaated;ETV2 > Portreesaated;https://s.err.ee/photo/crop/2022/06/02/1498204h920at5.jpg;https://services.err.ee/api/v2/series/getSeriesData?type=video
2026-05-27;1608602728;1654101000;Pardiralli 2022;Soovitame;ETV > Soovitame;https://s.err.ee/photo/crop/2022/05/30/1494871hd4adt5.jpg;https://services.err.ee/api/v2/series/getSeriesData?type=video
2026-05-27;1608602731;1654098300;Lastega ja lastele 2022;Soovitame;ETV > Soovitame;https://s.err.ee/photo/crop/2022/05/30/1494859h4ec9t5.jpg;https://services.err.ee/api/v2/series/getSeriesData?type=video
2026-05-27;1608606301;1654412400;Nelipühad;Soovitame;ETV > Soovitame;https://s.err.ee/photo/crop/2022/06/03/1499524h4f32t5.jpg;https://services.err.ee/api/v2/series/getSeriesData?type=video
2026-05-27;1608609850;1653853500;Päästame Ukraina;Soovitame;ETV > Soovitame;https://s.err.ee/photo/crop/2022/03/24/1404106h1b00t5.jpg;https://services.err.ee/api/v2/series/getSeriesData?type=video
2026-05-27;1608610570;1686822300;III Eesti Naiste Tantsupidu PereLugu;Kultuur;ETV > Kultuur;https://s.err.ee/photo/crop/2022/06/10/1507882h61eet5.jpg;https://services.err.ee/api/v2/series/getSeriesData?type=video
2026-05-27;1608610597;0;Maitse järgi;Dokumentaalid;ETV > Dokumentaalid;https://s.err.ee/photo/crop/2024/09/24/2556748h55f8t5.jpg;https://services.err.ee/api/v2/series/getSeriesData?type=video
2026-05-27;1608610615;1660419300;Neeme Järvi 85. Pidulik kontsert;Kontserdid ja muusika;Jupiter > Video > Saated > Kontserdid ja muusika;https://s.err.ee/photo/crop/2022/06/08/1504495hf416t5.jpg;https://services.err.ee/api/v2/series/getSeriesData?type=video
2026-05-27;1608610618;1658779500;Kristjan Järvi. Elu on looming;Saated;Jupiter > Video > Saated;https://s.err.ee/photo/crop/2022/06/10/1507813h2679t5.jpg;https://services.err.ee/api/v2/series/getSeriesData?type=video
2026-05-27;1608610621;1729108800;Tähtede valgus. Erkki-Sven Tüür, Paavo Järvi ja Berliini Filharmoonikud;Kontserdid;ETV2 > Kontserdid;https://s.err.ee/photo/crop/2024/10/14/2579737h0400t5.jpg;https://services.err.ee/api/v2/series/getSeriesData?type=video
2026-05-27;1608611761;0;Teatrietendus. Grupipilt;Lavastused;Jupiter > Video > Saated > Lavastused;https://s.err.ee/photo/crop/2022/06/01/1497058hf0b9t5.jpg;https://services.err.ee/api/v2/series/getSeriesData?type=video
2026-05-27;1608613885;1694351700;Rukkilill;Saated;Jupiter > Video > Saated;;https://services.err.ee/api/v2/series/getSeriesData?type=video
2026-05-27;1608615403;0;Kirjad Eestist;Saated;Jupiter > Video > Saated;https://s.err.ee/photo/crop/2024/06/03/2424287h4225t5.jpg;https://services.err.ee/api/v2/series/getSeriesData?type=video
2026-05-27;1608617413;1736723400;Jazz 67;Dokumentaal;Jupiter > Video > Filmid > Dokumentaal;https://s.err.ee/photo/crop/2023/09/29/2094359h3c27t5.jpg;https://services.err.ee/api/v2/series/getSeriesData?type=video
2026-05-27;1608617449;1664129700;Kapellmeister;Kontserdid ja muusika;Jupiter > Video > Saated > Kontserdid ja muusika;https://s.err.ee/photo/crop/2022/06/16/1513048hdea1t5.jpg;https://services.err.ee/api/v2/series/getSeriesData?type=video
2026-05-27;1608617458;1662919500;Laulab Marju Länik;Kontserdid ja muusika;Jupiter > Video > Saated > Kontserdid ja muusika;https://s.err.ee/photo/crop/2022/06/16/1513051h6174t5.jpg;https://services.err.ee/api/v2/series/getSeriesData?type=video
2026-05-27;1608618781;0;Pealtnägija tähed;Saated;ETV > Saated;;https://services.err.ee/api/v2/series/getSeriesData?type=video
2026-05-27;1608621178;0;Reisid Marija Viega;Saated;Jupiter > Video > Saated;https://s.err.ee/photo/crop/2024/07/19/2478466h97cft5.jpg;https://services.err.ee/api/v2/series/getSeriesData?type=video
2026-05-27;1608622051;1745178000;Vitamiin;Saated;Jupiter > Video > Saated;https://s.err.ee/photo/crop/2024/08/28/2526596hf639t5.jpg;https://services.err.ee/api/v2/series/getSeriesData?type=video
2026-05-27;1608622219;0;Telelavastus. Minu visiitkaart;Lavastused;Jupiter > Video > Saated > Lavastused;https://s.err.ee/photo/crop/2022/06/08/1504168hd17at5.jpg;https://services.err.ee/api/v2/series/getSeriesData?type=video
2026-05-27;1608624745;0;Jälg;Krimi;Jupiter > Video > Sarjad > Krimi;https://s.err.ee/photo/crop/2020/05/20/780608h02c4t5.jpg;https://services.err.ee/api/v2/series/getSeriesData?type=video
2026-05-27;1608625189;1656069000;Läätse valemi tõestamine;Portreesaated;ETV2 > Portreesaated;https://s.err.ee/photo/crop/2022/06/21/1517713h76d1t5.jpg;https://services.err.ee/api/v2/series/getSeriesData?type=video
2026-05-27;1608625192;1656174900;Duett-duell;Filmid;Jupiter > Video > Filmid;https://s.err.ee/photo/crop/2022/06/13/1510498h0027t5.jpg;https://services.err.ee/api/v2/series/getSeriesData?type=video
2026-05-27;1608625207;1656072000;Heli Läätse laulud;Kontserdid;ETV2 > Kontserdid;;https://services.err.ee/api/v2/series/getSeriesData?type=video
2026-05-27;1608625216;1655721900;Lääneranniku eestlased. Los Angeles;Saated;Jupiter > Video > Saated;https://s.err.ee/photo/crop/2022/06/20/1517017hc8fat5.jpg;https://services.err.ee/api/v2/series/getSeriesData?type=video
2026-05-27;1608625336;1655915400;Eesti tänab 2022. Riiklike teenetemärkide üleandmine;Soovitame;ETV > Soovitame;https://s.err.ee/photo/crop/2022/06/20/1516300h50c9t5.jpg;https://services.err.ee/api/v2/series/getSeriesData?type=video
2026-05-27;1608625348;1655971200;Võidupüha paraad 2022;Soovitame;ETV > Soovitame;https://s.err.ee/photo/crop/2022/06/20/1516378hec71t5.jpg;https://services.err.ee/api/v2/series/getSeriesData?type=video
2026-05-27;1608625438;1708816800;Kuldsed Kukerpillid. Kontsert;Soovitame;ETV > Soovitame;https://s.err.ee/photo/crop/2022/06/21/1517716hd4b5t5.jpg;https://services.err.ee/api/v2/series/getSeriesData?type=video
2026-05-27;1608629179;1752094500;Laulavad Anne Veski ja Tõnis Mägi;Kontserdid ja muusika;Jupiter > Video > Saated > Kontserdid ja muusika;https://s.err.ee/photo/crop/2024/07/01/2458877h4773t5.jpg;https://services.err.ee/api/v2/series/getSeriesData?type=video
2026-05-27;1608629182;1719422400;Jaak Joala uued laulud;Kontserdid ja muusika;Jupiter > Video > Saated > Kontserdid ja muusika;https://s.err.ee/photo/crop/2022/06/20/1517002h8185t5.jpg;https://services.err.ee/api/v2/series/getSeriesData?type=video
2026-05-27;1608631936;1656667800;Eesti Filharmoonia Kammerkoor 30. Suur taaskohtumine;Kontserdid;ETV2 > Kontserdid;;https://services.err.ee/api/v2/series/getSeriesData?type=video
2026-05-27;1608631945;0;Rohke kalatuur;Saated;Jupiter > Video > Saated;https://s.err.ee/photo/crop/2025/07/08/2934723hd41et5.jpg;https://services.err.ee/api/v2/series/getSeriesData?type=video
2026-05-27;1608632119;1751306700;Vilen Künnapu. Majad ja maailm;Portreesaated;ETV > Portreesaated;https://s.err.ee/photo/crop/2024/09/09/2539280h1fcet5.jpg;https://services.err.ee/api/v2/series/getSeriesData?type=video
2026-05-27;1608632176;1780226700;Meeste Tantsupidu 4 Venda;Soovitame;ETV > Soovitame;https://s.err.ee/photo/crop/2022/06/16/1513069hb7a0t5.jpg;https://services.err.ee/api/v2/series/getSeriesData?type=video
2026-05-27;1608632197;1733683500;Sündinud unistusest. Eesti Filharmoonia Kammerkoor 40;Kultuur;ETV > Kultuur;https://s.err.ee/photo/crop/2024/12/04/2643337hc691t5.jpg;https://services.err.ee/api/v2/series/getSeriesData?type=video
2026-05-27;1608635203;0;Teatrietendus. Mäng lossis;Lavastused;Jupiter > Video > Saated > Lavastused;https://s.err.ee/photo/crop/2026/02/09/3194504hf1dft5.jpg;https://services.err.ee/api/v2/series/getSeriesData?type=video
2026-05-27;1608637264;1689511800;Must habe tahab teada;Dokumentaal;Jupiter > Video > Filmid > Dokumentaal;https://s.err.ee/photo/crop/2022/07/05/1533652hdc48t5.jpg;https://services.err.ee/api/v2/series/getSeriesData?type=video
2026-05-27;1608637270;1750509300;Aedniku suvi;Dokumentaal;Jupiter > Video > Filmid > Dokumentaal;https://s.err.ee/photo/crop/2025/06/16/2901510hd79ft5.jpg;https://services.err.ee/api/v2/series/getSeriesData?type=video
2026-05-27;1608637324;1763315100;Laulu- ja tantsupidu - Eesti ime;Saated;Jupiter > Video > Saated;https://s.err.ee/photo/crop/2024/06/25/2452063h116bt5.jpg;https://services.err.ee/api/v2/series/getSeriesData?type=video
2026-05-27;1608637531;1750633500;Tartu 2024. Justament ja Stefan Autovabaduse puiesteel;Kultuur;ETV > Kultuur;https://s.err.ee/photo/crop/2025/06/16/2901096h30b3t5.jpg;https://services.err.ee/api/v2/series/getSeriesData?type=video
2026-05-27;1608642232;1745743500;Suitsupääsuke;Dokumentaal;Jupiter > Video > Filmid > Dokumentaal;;https://services.err.ee/api/v2/series/getSeriesData?type=video
2026-05-27;1608642265;1768643700;Inimene ja koduloom;Dokumentaal;Jupiter > Video > Filmid > Dokumentaal;https://s.err.ee/photo/crop/2023/10/31/2131867h88f9t5.jpg;https://services.err.ee/api/v2/series/getSeriesData?type=video
2026-05-27;1608643234;1704146400;Aisakoll;Saated;Jupiter > Video > Saated;https://s.err.ee/photo/crop/2022/06/29/1528705h32bct5.jpg;https://services.err.ee/api/v2/series/getSeriesData?type=video
2026-05-27;1608644653;1757623800;Tintinnabuli metsas;Saated;Jupiter > Video > Saated;https://s.err.ee/photo/crop/2025/09/09/3005586h78adt5.jpg;https://services.err.ee/api/v2/series/getSeriesData?type=video
2026-05-27;1608644821;0;Kergejõustiku MM Tokyos;Saated;Jupiter > Video > Saated;https://s.err.ee/photo/crop/2025/09/09/3005607h1ec3t5.jpg;https://services.err.ee/api/v2/series/getSeriesData?type=video
2026-05-27;1608648535;0;Unustamatu Eino Baskin;Saated;Jupiter > Video > Saated;https://s.err.ee/photo/crop/2022/07/12/1539601ha0f0t5.jpg;https://services.err.ee/api/v2/series/getSeriesData?type=video
2026-05-27;1608649291;0;Hotell Portofino;Draama;Jupiter > Video > Sarjad > Draama;https://s.err.ee/photo/crop/2023/11/23/2161036h08fdt5.jpg;https://services.err.ee/api/v2/series/getSeriesData?type=video
2026-05-27;1608649324;0;31. jaoskond;Krimi;Jupiter > Video > Sarjad > Krimi;https://s.err.ee/photo/crop/2024/02/19/2265393h4423t5.jpg;https://services.err.ee/api/v2/series/getSeriesData?type=video
2026-05-27;1608651439;1658220300;Diana ja Eri;Saated;Jupiter > Video > Saated;https://s.err.ee/photo/crop/2022/07/19/1547239he88dt5.jpg;https://services.err.ee/api/v2/series/getSeriesData?type=video
2026-05-27;1608651442;1689697800;Autostopp;Lühifilmid;Jupiter > Video > Filmid > Lühifilmid;https://s.err.ee/photo/crop/2022/07/20/1548487h28a8t5.jpg;https://services.err.ee/api/v2/series/getSeriesData?type=video
2026-05-27;1608651727;1732710600;Eesti ETNO armastab;Dokumentaalid;ETV2 > Dokumentaalid;https://s.err.ee/photo/crop/2024/11/25/2632969hd15ft5.jpg;https://services.err.ee/api/v2/series/getSeriesData?type=video
2026-05-27;1608657094;0;Meie kõrval;Saated;Jupiter > Video > Saated;https://s.err.ee/photo/crop/2024/06/03/2424191h98cat5.jpg;https://services.err.ee/api/v2/series/getSeriesData?type=video
2026-05-27;1608657424;1659199500;Suvel;Lühifilmid;Jupiter > Video > Filmid > Lühifilmid;https://s.err.ee/photo/crop/2022/07/22/1550200ha200t5.jpg;https://services.err.ee/api/v2/series/getSeriesData?type=video
2026-05-27;1608657430;1678446900;Upa-upa ubinakõnõ. Mari Kalkun, Tuulikki Bartosik, Ramo Teder;Kontserdid ja muusika;Jupiter > Video > Saated > Kontserdid ja muusika;https://s.err.ee/photo/crop/2025/11/03/3074484ha3e9t5.jpg;https://services.err.ee/api/v2/series/getSeriesData?type=video
2026-05-27;1608657502;1738671600;Eesti ja USA sajand: katkematu suhe;Saated;Jupiter > Video > Saated;https://s.err.ee/photo/crop/2025/02/03/2715323hd2fat5.jpg;https://services.err.ee/api/v2/series/getSeriesData?type=video
2026-05-27;1608661495;1665860700;Vanemuise suvekontsert;Kultuur;ETV > Kultuur;https://s.err.ee/photo/crop/2022/06/15/1512178h9542t5.jpg;https://services.err.ee/api/v2/series/getSeriesData?type=video
2026-05-27;1608662290;0;Salme;Dokumentaal;Jupiter > Video > Filmid > Dokumentaal;https://s.err.ee/photo/crop/2020/04/18/771117h9801t5.jpg;https://services.err.ee/api/v2/series/getSeriesData?type=video
2026-05-27;1608664483;1768304400;Vana arm ei roosteta;Dokumentaal;Jupiter > Video > Filmid > Dokumentaal;https://s.err.ee/photo/crop/2026/01/12/3151981hc3aet5.jpg;https://services.err.ee/api/v2/series/getSeriesData?type=video
2026-05-27;1608664489;1659800700;Kolmest kaheteistkümneni;Filmid;Jupiter > Video > Filmid;https://s.err.ee/photo/crop/2025/12/08/3118090h9a4ct5.jpg;https://services.err.ee/api/v2/series/getSeriesData?type=video
2026-05-27;1608664528;1659818400;Veljo Tormis 90. Tormise tuules;Kontserdid ja muusika;Jupiter > Video > Saated > Kontserdid ja muusika;https://s.err.ee/photo/crop/2022/08/03/1558495he000t5.jpg;https://services.err.ee/api/v2/series/getSeriesData?type=video
2026-05-27;1608664750;0;Orienteerumisjooksu MM Soomes;Sport;ETV2 > Sport;https://s.err.ee/photo/crop/2025/07/08/2933073h894et5.jpg;https://services.err.ee/api/v2/series/getSeriesData?type=video
2026-05-27;1608675466;0;Telelavastus. Mrs. McWilliams ja äike;Lavastused;Jupiter > Video > Saated > Lavastused;https://s.err.ee/photo/crop/2022/08/09/1564486h2a1et5.jpg;https://services.err.ee/api/v2/series/getSeriesData?type=video
2026-05-27;1608676648;1661115000;See maailm, see armastus. Katrin Karisma;Teemaõhtud;ETV2 > Teemaõhtud;https://s.err.ee/photo/crop/2022/08/17/1573174hd234t5.jpg;https://services.err.ee/api/v2/series/getSeriesData?type=video
2026-05-27;1608676660;1749977700;Põhiseaduse sünd;Dokumentaal;Jupiter > Video > Filmid > Dokumentaal;https://s.err.ee/photo/crop/2023/09/22/2086022h97f1t5.jpg;https://services.err.ee/api/v2/series/getSeriesData?type=video
2026-05-27;1608676663;1660989300;EV100. 9 hümni vabadusele;Kontserdid ja muusika;Jupiter > Video > Saated > Kontserdid ja muusika;;https://services.err.ee/api/v2/series/getSeriesData?type=video
2026-05-27;1608676669;1750463400;Ansambli Põhja Konn kontsert Viljandi lossimägedes;Kontserdid ja muusika;Jupiter > Video > Saated > Kontserdid ja muusika;https://s.err.ee/photo/crop/2025/02/23/2752376h7b73t5.jpg;https://services.err.ee/api/v2/series/getSeriesData?type=video
2026-05-27;1608676702;1660680000;Ain Anger. Juubeligala kodusaarel;Kontserdid ja muusika;Jupiter > Video > Saated > Kontserdid ja muusika;https://s.err.ee/photo/crop/2021/09/09/1140851h34c4t5.jpg;https://services.err.ee/api/v2/series/getSeriesData?type=video
2026-05-27;1608676909;0;Kergejõustiku EM Roomas;Sport;Jupiter > Video > Teemad > Sport;https://s.err.ee/photo/crop/2024/06/05/2427005he04et5.jpg;https://services.err.ee/api/v2/series/getSeriesData?type=video
2026-05-27;1608676960;1750677900;Nii kõlab armastus. Suvekontsert;Kultuur;ETV > Kultuur;https://s.err.ee/photo/crop/2024/09/30/2563388h961dt5.jpg;https://services.err.ee/api/v2/series/getSeriesData?type=video
2026-05-27;1608676978;1661010300;Eesti Vabariigi presidendi vastuvõtt Kadrioru lossi roosiaias;Soovitame;ETV > Soovitame;https://s.err.ee/photo/crop/2020/08/24/809873h0472t5.jpg;https://services.err.ee/api/v2/series/getSeriesData?type=video
2026-05-27;1608676987;1750755600;Mäng nimega Justament;Kultuur;ETV > Kultuur;https://s.err.ee/photo/crop/2025/06/21/2907645h1485t5.jpg;https://services.err.ee/api/v2/series/getSeriesData?type=video
2026-05-27;1608676990;1661011200;Eesti Vabariigi presidendi kõne Kadrioru lossi roosiaias;Soovitame;ETV2 > Soovitame;;https://services.err.ee/api/v2/series/getSeriesData?type=video
2026-05-27;1608679120;0;Sissi;Draama;Jupiter > Video > Sarjad > Draama;https://s.err.ee/photo/crop/2024/09/19/2550997h6d8bt5.jpg;https://services.err.ee/api/v2/series/getSeriesData?type=video
2026-05-27;1608679822;0;Teatrietendus. Kena naine lillega...;Lavastused;Jupiter > Video > Saated > Lavastused;https://s.err.ee/photo/crop/2025/11/07/3079446h7037t5.jpg;https://services.err.ee/api/v2/series/getSeriesData?type=video
2026-05-27;1608680938;0;O.M.A.D. Ida-Virumaa tavalised lood;Saated;Jupiter > Video > Saated;https://s.err.ee/photo/crop/2022/08/12/1567042hae57t5.jpg;https://services.err.ee/api/v2/series/getSeriesData?type=video
2026-05-27;1608681130;0;Teatrietendus. Järglased;Lavastused;Jupiter > Video > Saated > Lavastused;https://s.err.ee/photo/crop/2022/08/16/1571890hadact5.jpg;https://services.err.ee/api/v2/series/getSeriesData?type=video
2026-05-27;1608682246;1661723700;Mono;Teemaõhtud;ETV2 > Teemaõhtud;https://s.err.ee/photo/crop/2022/08/23/1580593h0fa2t5.jpg;https://services.err.ee/api/v2/series/getSeriesData?type=video
2026-05-27;1608682249;1698590400;"""Laine"" laulab laevalael";Kontserdid ja muusika;Jupiter > Video > Saated > Kontserdid ja muusika;https://s.err.ee/photo/crop/2022/08/23/1580338hd5ddt5.jpg;https://services.err.ee/api/v2/series/getSeriesData?type=video
2026-05-27;1608682495;0;Lõpetamata linn;Saated;Jupiter > Video > Saated;https://s.err.ee/photo/crop/2024/08/13/2508193h0fcdt5.jpg;https://services.err.ee/api/v2/series/getSeriesData?type=video
2026-05-27;1608682507;1740421140;Ukraina hümn;Soovitame;ETV > Soovitame;;https://services.err.ee/api/v2/series/getSeriesData?type=video
2026-05-27;1608686869;0;Pealtnägija arhiivist. Vahur Kersna punamonumentidest 2007. aastal;Saated;Jupiter > Video > Saated;https://s.err.ee/photo/crop/2022/08/17/1572475h34dft5.jpg;https://services.err.ee/api/v2/series/getSeriesData?type=video
2026-05-27;1608686896;0;Balti paralleelid;Saated;Jupiter > Video > Saated;https://s.err.ee/photo/crop/2024/06/03/2423987h9da0t5.jpg;https://services.err.ee/api/v2/series/getSeriesData?type=video
2026-05-27;1608687277;0;Sooviklassika viimane tund;Dokumentaal;Jupiter > Video > Filmid > Dokumentaal;https://s.err.ee/photo/crop/2022/08/22/1579975h9e02t5.jpg;https://services.err.ee/api/v2/series/getSeriesData?type=video
2026-05-27;1608688819;1757247900;Sellest saab meie suvi;Dokumentaalid;ETV > Dokumentaalid;https://s.err.ee/photo/crop/2024/05/29/2417805h87b9t5.jpg;https://services.err.ee/api/v2/series/getSeriesData?type=video
2026-05-27;1608688825;1661878800;Meie elu meediamullis. Vahur Kersna vestleb endise meediamoguli Mart Kadastikuga;Saated;Jupiter > Video > Saated;https://s.err.ee/photo/crop/2025/10/20/3059463ha991t5.jpg;https://services.err.ee/api/v2/series/getSeriesData?type=video
2026-05-27;1608688990;0;Pea ees vette. Tai Kuningriigis;Saated;Jupiter > Video > Saated;https://s.err.ee/photo/crop/2024/10/14/2579872hc482t5.jpg;https://services.err.ee/api/v2/series/getSeriesData?type=video
2026-05-27;1608689104;1752313500;Stefan suve südames;Kultuur;ETV > Kultuur;https://s.err.ee/photo/crop/2024/06/26/2452466h82d6t5.jpg;https://services.err.ee/api/v2/series/getSeriesData?type=video
2026-05-27;1608689122;1662054900;Vabariigi Presidendi tervitus kooliaasta alguse puhul;Soovitame;ETV2 > Soovitame;https://s.err.ee/photo/crop/2022/09/01/1592356h5ec1t5.jpg;https://services.err.ee/api/v2/series/getSeriesData?type=video
2026-05-27;1608695542;1752837300;Südamelaul. Laulab Marju Länik;Filmid;Jupiter > Video > Filmid;https://s.err.ee/photo/crop/2025/07/14/2941749h5287t5.jpg;https://services.err.ee/api/v2/series/getSeriesData?type=video
2026-05-27;1608695575;1756929300;Marju. Südame kutse;Dokumentaal;Jupiter > Video > Filmid > Dokumentaal;https://s.err.ee/photo/crop/2024/08/26/2524615hccfet5.jpg;https://services.err.ee/api/v2/series/getSeriesData?type=video
2026-05-27;1608695971;0;Eesti imelised maamärgid;Dokumentaalid;ETV > Dokumentaalid;https://s.err.ee/photo/crop/2025/06/06/2892708hc537t5.jpg;https://services.err.ee/api/v2/series/getSeriesData?type=video
2026-05-27;1608696019;0;Kultuuriuudised;Saated;Jupiter > Video > Saated;;https://services.err.ee/api/v2/series/getSeriesData?type=video
2026-05-27;1608696046;1689448500;Rahvusooper Estonia VT Gala;Kontserdid;ETV2 > Kontserdid;https://s.err.ee/photo/crop/2022/09/08/1600075hb11at5.jpg;https://services.err.ee/api/v2/series/getSeriesData?type=video
2026-05-27;1608698968;0;Heateod;Saated;Jupiter > Video > Saated;https://s.err.ee/photo/crop/2024/06/04/2425427h9ba6t5.jpg;https://services.err.ee/api/v2/series/getSeriesData?type=video
2026-05-27;1608699058;0;Kunstihetk;Kultuur;ETV > Kultuur;https://s.err.ee/photo/crop/2023/09/04/2064071hed5ct5.jpg;https://services.err.ee/api/v2/series/getSeriesData?type=video
2026-05-27;1608701692;1663153200;Tantsutaat Ullo Toomi;Saated;Jupiter > Video > Saated;https://s.err.ee/photo/crop/2026/04/27/3399526h5f90t5.jpg;https://services.err.ee/api/v2/series/getSeriesData?type=video
2026-05-27;1608701695;1663415400;Armastasin ilma peata lõvi;Saated;Jupiter > Video > Saated;https://s.err.ee/photo/crop/2022/09/14/1608193h2c1ft5.jpg;https://services.err.ee/api/v2/series/getSeriesData?type=video
2026-05-27;1608702172;1775190600;Õnnepalu aeg;Portreesaated;ETV2 > Portreesaated;https://s.err.ee/photo/crop/2024/05/28/2415198h7cc4t5.jpg;https://services.err.ee/api/v2/series/getSeriesData?type=video
2026-05-27;1608702175;1758714900;Matsalu loodusfilmide festival. 20 aastat elumuutvaid filme;Dokumentaalid;ETV2 > Dokumentaalid;https://s.err.ee/photo/crop/2024/09/19/2551042h9300t5.jpg;https://services.err.ee/api/v2/series/getSeriesData?type=video
2026-05-27;1608709357;0;Täna õhtul...;Saated;Jupiter > Video > Saated;https://s.err.ee/photo/crop/2022/09/27/1625599ha72bt5.jpg;https://services.err.ee/api/v2/series/getSeriesData?type=video
2026-05-27;1608709363;1664123400;Laululembus. Voldemar Kuslap;Saated;Jupiter > Video > Saated;https://s.err.ee/photo/crop/2022/09/23/1619110h6a4ct5.jpg;https://services.err.ee/api/v2/series/getSeriesData?type=video
2026-05-27;1608709783;0;Meie kirjanduse lugu;Saated;Jupiter > Video > Saated;https://s.err.ee/photo/crop/2025/09/04/3000450h9f14t5.jpg;https://services.err.ee/api/v2/series/getSeriesData?type=video
2026-05-27;1608709822;1711998600;Kohal. Liitlasväed Eestis;Dokumentaalid;ETV > Dokumentaalid;https://s.err.ee/photo/crop/2024/04/01/2333631h9064t5.jpg;https://services.err.ee/api/v2/series/getSeriesData?type=video
2026-05-27;1608709846;1664046300;Vanemuise suvekontsert;Kontserdid;ETV2 > Kontserdid;https://s.err.ee/photo/crop/2022/06/15/1512178h9542t5.jpg;https://services.err.ee/api/v2/series/getSeriesData?type=video
2026-05-27;1608709849;0;Pintsel pausile. Kunstihoone kolib;Kultuur;ETV > Kultuur;https://s.err.ee/photo/crop/2025/12/09/3119587h679et5.jpg;https://services.err.ee/api/v2/series/getSeriesData?type=video
2026-05-27;1608710785;1663787100;Rahvusooper Estonia VT Gala;Kultuur;ETV > Kultuur;https://s.err.ee/photo/crop/2022/09/08/1600075hb11at5.jpg;https://services.err.ee/api/v2/series/getSeriesData?type=video
2026-05-27;1608716773;1664732100;Teatrietendus. Kauka jumal;Lavastused;Jupiter > Video > Saated > Lavastused;https://s.err.ee/photo/crop/2022/09/29/1629082hc342t5.jpg;https://services.err.ee/api/v2/series/getSeriesData?type=video
2026-05-27;1608717271;0;Kultuuristuudio. Kirjandusministri juures;Saated;Jupiter > Video > Saated;https://s.err.ee/photo/crop/2025/09/15/3015309he8edt5.jpg;https://services.err.ee/api/v2/series/getSeriesData?type=video
2026-05-27;1608717280;1777621200;Entel-tenteli laululood;Lastesaated;ETV2 > Lastesaated;https://s.err.ee/photo/crop/2022/09/28/1627192ha85ct5.jpg;https://services.err.ee/api/v2/series/getSeriesData?type=video
2026-05-27;1608717283;1664649300;Rahvusvahelise Muusikapäeva gala;Kultuur;ETV > Kultuur;https://s.err.ee/photo/crop/2022/09/28/1626787h3ca3t5.jpg;https://services.err.ee/api/v2/series/getSeriesData?type=video
2026-05-27;1608717289;1664394000;Tuleviku maailmatähed;Kultuur;ETV > Kultuur;https://s.err.ee/photo/crop/2022/09/28/1627189hf444t5.jpg;https://services.err.ee/api/v2/series/getSeriesData?type=video
2026-05-27;1608717292;1664654100;Tuleviku maailmatähed;Kontserdid;ETV2 > Kontserdid;https://s.err.ee/photo/crop/2022/09/28/1627189hf444t5.jpg;https://services.err.ee/api/v2/series/getSeriesData?type=video
2026-05-27;1608719872;0;Vahejaam - Viljandi;Saated;Jupiter > Video > Saated;;https://services.err.ee/api/v2/series/getSeriesData?type=video
2026-05-27;1608722896;0;Kes on Otto Tief?;Saated;Jupiter > Video > Saated;;https://services.err.ee/api/v2/series/getSeriesData?type=video
2026-05-27;1608724225;1663869300;Peaminister Kaja Kallase pöördumine;Soovitame;ETV > Soovitame;;https://services.err.ee/api/v2/series/getSeriesData?type=video
2026-05-27;1608724582;0;Õde Boniface'i mõistatused;Krimi;Jupiter > Video > Sarjad > Krimi;https://s.err.ee/photo/crop/2025/01/08/2682982h29cct5.jpg;https://services.err.ee/api/v2/series/getSeriesData?type=video
2026-05-27;1608724840;1665333000;Kogu tõde VAT 'st;Dokumentaalid;ETV2 > Dokumentaalid;https://s.err.ee/photo/crop/2022/10/05/1638184h9a21t5.jpg;https://services.err.ee/api/v2/series/getSeriesData?type=video
2026-05-27;1608725182;0;Kui vähe on õnneks vaja?;Dokumentaal;Jupiter > Video > Filmid > Dokumentaal;https://s.err.ee/photo/crop/2022/10/03/1636024hd575t5.jpg;https://services.err.ee/api/v2/series/getSeriesData?type=video
2026-05-27;1608725299;1749325500;"Järvide ""Loojangukontsert"" Leigol";Kontserdid;ETV2 > Kontserdid;https://s.err.ee/photo/crop/2025/06/06/2892420h15dft5.jpg;https://services.err.ee/api/v2/series/getSeriesData?type=video
2026-05-27;1608725341;0;Killud;Dokumentaalid;ETV2 > Dokumentaalid;https://s.err.ee/photo/crop/2023/11/20/2156959h09bet5.jpg;https://services.err.ee/api/v2/series/getSeriesData?type=video
2026-05-27;1608725353;0;Koomikud ja küsimused;Saated;Jupiter > Video > Saated;https://s.err.ee/photo/crop/2024/12/30/2675992h3a5ft5.jpg;https://services.err.ee/api/v2/series/getSeriesData?type=video
2026-05-27;1608725359;1665334800;Pärimusmuusika lõikuspidu. Etnokulbid 2022;Kultuur;ETV > Kultuur;https://s.err.ee/photo/crop/2022/10/05/1638190h7f74t5.jpg;https://services.err.ee/api/v2/series/getSeriesData?type=video
2026-05-27;1608725365;1664996700;Järvide järvemuusika;Kultuur;ETV > Kultuur;https://s.err.ee/photo/crop/2022/10/04/1636954h4b36t5.jpg;https://services.err.ee/api/v2/series/getSeriesData?type=video
2026-05-27;1608730375;1665243900;Aasta õpetaja gala 2022;Soovitame;ETV > Soovitame;https://s.err.ee/photo/crop/2022/10/03/1636363h2936t5.jpg;https://services.err.ee/api/v2/series/getSeriesData?type=video
2026-05-27;1608732757;1711740000;Kaleva hääled;Dokumentaal;Jupiter > Video > Filmid > Dokumentaal;https://s.err.ee/photo/crop/2023/07/21/2004692h4248t5.jpg;https://services.err.ee/api/v2/series/getSeriesData?type=video
2026-05-27;1608732760;1711749900;Toorumi pojad;Dokumentaal;Jupiter > Video > Filmid > Dokumentaal;https://s.err.ee/photo/crop/2024/03/28/2328636he79dt5.jpg;https://services.err.ee/api/v2/series/getSeriesData?type=video
2026-05-27;1608732763;0;Taevapõdra rahvaste laulud;Dokumentaal;Jupiter > Video > Filmid > Dokumentaal;;https://services.err.ee/api/v2/series/getSeriesData?type=video
2026-05-27;1608732784;0;Eestimaa;Dokumentaal;Jupiter > Video > Filmid > Dokumentaal;;https://services.err.ee/api/v2/series/getSeriesData?type=video
2026-05-27;1608732811;0;Elavalt maetud;Dokumentaal;Jupiter > Video > Filmid > Dokumentaal;;https://services.err.ee/api/v2/series/getSeriesData?type=video
2026-05-27;1608732916;0;Avatud ülikool;Saated;Jupiter > Video > Saated;https://s.err.ee/photo/crop/2025/10/27/3066141h1875t5.jpg;https://services.err.ee/api/v2/series/getSeriesData?type=video
2026-05-27;1608732931;0;Lapi lood;Saated;Jupiter > Video > Saated;;https://services.err.ee/api/v2/series/getSeriesData?type=video
2026-05-27;1608732952;0;Viru säru;Saated;Jupiter > Video > Saated;https://s.err.ee/photo/crop/2024/08/19/2512387h55cet5.jpg;https://services.err.ee/api/v2/series/getSeriesData?type=video
2026-05-27;1608732964;0;Suu laulab, süda muretseb;Dokumentaal;Jupiter > Video > Filmid > Dokumentaal;;https://services.err.ee/api/v2/series/getSeriesData?type=video
2026-05-27;1608732967;0;Folklooriansambel Hellero;Saated;Jupiter > Video > Saated;;https://services.err.ee/api/v2/series/getSeriesData?type=video
2026-05-27;1608732976;0;Siberi rahvaste muusikat;Dokumentaal;Jupiter > Video > Filmid > Dokumentaal;;https://services.err.ee/api/v2/series/getSeriesData?type=video
2026-05-27;1608733000;0;Unustatud rahvaste jälgedes I;Saated;Jupiter > Video > Saated;;https://services.err.ee/api/v2/series/getSeriesData?type=video
2026-05-27;1608733003;0;Unustatud rahvaste jälgedes II;Saated;Jupiter > Video > Saated;;https://services.err.ee/api/v2/series/getSeriesData?type=video
2026-05-27;1608733576;1665687900;Eesti parimad ettevõtted 2022;Soovitame;ETV > Soovitame;https://s.err.ee/photo/crop/2022/10/10/1643383h766et5.jpg;https://services.err.ee/api/v2/series/getSeriesData?type=video
2026-05-27;1608733594;1760355600;Marika Vaarik. Radikaalne loobuja;Teemaõhtud;ETV2 > Teemaõhtud;https://s.err.ee/photo/crop/2025/10/13/3048315h1a6at5.jpg;https://services.err.ee/api/v2/series/getSeriesData?type=video
2026-05-27;1608733600;1665601500;Vanemuise suvekontsert 2022;Kultuur;ETV > Kultuur;https://s.err.ee/photo/crop/2022/10/10/1642966hc5e5t5.jpg;https://services.err.ee/api/v2/series/getSeriesData?type=video
2026-05-27;1608738277;0;Segased;Draama;Jupiter > Video > Sarjad > Draama;https://s.err.ee/photo/crop/2023/09/27/2090960hb991t5.jpg;https://services.err.ee/api/v2/series/getSeriesData?type=video
2026-05-27;1608739306;0;Aken aja liikumisse. Viivi Luik;Saated;Jupiter > Video > Saated;https://s.err.ee/photo/crop/2022/10/06/1639597h3c05t5.jpg;https://services.err.ee/api/v2/series/getSeriesData?type=video
2026-05-27;1608740704;1666553400;Lavastaja Kaarin Raid;Portreesaated;ETV2 > Portreesaated;https://s.err.ee/photo/crop/2022/10/20/1655020hc494t5.jpg;https://services.err.ee/api/v2/series/getSeriesData?type=video
2026-05-27;1608741049;0;Homme põgeneme;Lastesaated ja -sarjad;Lasteekraan > Vaata ja kuula > Video > Sarjad > Lastesaated ja -sarjad;https://s.err.ee/photo/crop/2024/05/31/2420727hc098t5.png;https://services.err.ee/api/v2/series/getSeriesData?type=video
2026-05-27;1608741214;0;Laske mind Lavale;ETV2 saated;Jupiter > ETV2 saated;https://s.err.ee/photo/crop/2024/12/16/2657761hd062t5.jpg;https://services.err.ee/api/v2/series/getSeriesData?type=video
2026-05-27;1608741226;0;Kalale Koržetsiga;Saated;Jupiter > Video > Saated;https://s.err.ee/photo/crop/2024/07/29/2490466h1868t5.jpg;https://services.err.ee/api/v2/series/getSeriesData?type=video
2026-05-27;1608741241;1666466400;"Järvide ""Tule ja vee kontsert"" Leigol";Kontserdid;ETV2 > Kontserdid;https://s.err.ee/photo/crop/2022/10/20/1654768h3473t5.jpg;https://services.err.ee/api/v2/series/getSeriesData?type=video
2026-05-27;1608741256;1666208400;Paavo Järvi ja sõbrad;Kultuur;ETV > Kultuur;https://s.err.ee/photo/crop/2022/10/18/1652386hb841t5.jpg;https://services.err.ee/api/v2/series/getSeriesData?type=video
2026-05-27;1608749788;0;Telelavastus. Amoraalne lugu;Lavastused;Jupiter > Video > Saated > Lavastused;https://s.err.ee/photo/crop/2020/11/04/837938ha5e6t5.jpg;https://services.err.ee/api/v2/series/getSeriesData?type=video
2026-05-27;1608749803;1666610400;Noormees jalgrattal muusikat kuulamas;Kultuur;ETV2 > Kultuur;;https://services.err.ee/api/v2/series/getSeriesData?type=video
2026-05-27;1608750244;1727559600;Kristjan Järvi, Läänemere Filharmoonikud ja Torm;Kontserdid;ETV2 > Kontserdid;https://s.err.ee/photo/crop/2024/09/23/2555437h3555t5.jpg;https://services.err.ee/api/v2/series/getSeriesData?type=video
2026-05-27;1608750259;1667151000;Piljardi Eesti meistrivõistlused. 9-palli finaal;Sport;ETV2 > Sport;https://s.err.ee/photo/crop/2022/10/26/1662157hc7c1t5.jpg;https://services.err.ee/api/v2/series/getSeriesData?type=video
2026-05-27;1608750331;0;Teel jalgpalli MM-ile;Sport;ETV2 > Sport;https://s.err.ee/photo/crop/2026/05/25/3594982h1aa0t5.jpg;https://services.err.ee/api/v2/series/getSeriesData?type=video
2026-05-27;1608750355;1666811100;Kristjan Järvi ja Põhjala Amazonas;Kultuur;ETV > Kultuur;https://s.err.ee/photo/crop/2022/10/24/1660033hfe14t5.jpg;https://services.err.ee/api/v2/series/getSeriesData?type=video
2026-05-27;1608766516;0;Laulu lugu;Kultuur;ETV > Kultuur;;https://services.err.ee/api/v2/series/getSeriesData?type=video
2026-05-27;1608767827;1774870800;Ukraina naised;Dokumentaal;Jupiter > Video > Filmid > Dokumentaal;https://s.err.ee/photo/crop/2025/08/19/2978832hbe42t5.jpg;https://services.err.ee/api/v2/series/getSeriesData?type=video
2026-05-27;1608767995;1711042200;Tango. Tantsivad Kaie Kõrb ja Viesturs Jansons;Lavastused;Jupiter > Video > Saated > Lavastused;https://s.err.ee/photo/crop/2024/03/19/2314116hb28et5.jpg;https://services.err.ee/api/v2/series/getSeriesData?type=video
2026-05-27;1608768349;1668360600;Lapsepõlve lemmikkirjanik. Astrid Lindgren;Kultuur;ETV2 > Kultuur;https://s.err.ee/photo/crop/2026/05/18/3585760h8410t5.jpg;https://services.err.ee/api/v2/series/getSeriesData?type=video
2026-05-27;1608768889;1668330900;Isadepäeva pidulik kontsert;Kultuur;ETV > Kultuur;https://s.err.ee/photo/crop/2024/11/05/2605981hc9edt5.jpg;https://services.err.ee/api/v2/series/getSeriesData?type=video
2026-05-27;1608775048;1684937700;Isad;Dokumentaal;Jupiter > Video > Filmid > Dokumentaal;https://s.err.ee/photo/crop/2024/03/26/2325366h0670t5.jpg;https://services.err.ee/api/v2/series/getSeriesData?type=video
2026-05-27;1608780721;0;Öko? Loogiline;Saated;Jupiter > Video > Saated;https://s.err.ee/photo/crop/2024/01/25/2229393hdaf8t5.jpg;https://services.err.ee/api/v2/series/getSeriesData?type=video
2026-05-27;1608781273;0;Dalgliesh;Krimi;Jupiter > Video > Sarjad > Krimi;https://s.err.ee/photo/crop/2025/01/20/2695915h3f80t5.jpg;https://services.err.ee/api/v2/series/getSeriesData?type=video
2026-05-27;1608782065;0;Öko? Loogiline: Virumaa veed puhtaks;Saated;Jupiter > Video > Saated;https://s.err.ee/photo/crop/2022/11/07/1673599h8529t5.jpg;https://services.err.ee/api/v2/series/getSeriesData?type=video
2026-05-27;1608784105;0;Present. Allied Forces in Estonia;Saated;Jupiter > Video > Saated;;https://services.err.ee/api/v2/series/getSeriesData?type=video
2026-05-27;1608784627;1778358300;Üks mu sõber;Filmid;ETV > Filmid;https://s.err.ee/photo/crop/2024/05/17/2400555hb289t5.jpg;https://services.err.ee/api/v2/series/getSeriesData?type=video
2026-05-27;1608784897;1669561200;Esimese advendi jumalateenistus Ukraina Kreeka-Katoliku kirikus;Saated;ETV > Saated;https://s.err.ee/photo/crop/2022/11/24/1693249h9c2ft5.jpg;https://services.err.ee/api/v2/series/getSeriesData?type=video
2026-05-27;1608788245;0;Kliimateadlikkus;Saated;ETV > Saated;https://s.err.ee/photo/crop/2022/12/04/1703689hc06dt5.jpg;https://services.err.ee/api/v2/series/getSeriesData?type=video
2026-05-27;1608788734;0;Kinoteatri MM Katarsis;Sport;ETV2 > Sport;https://s.err.ee/photo/crop/2022/11/21/1689019h12d0t5.jpg;https://services.err.ee/api/v2/series/getSeriesData?type=video
2026-05-27;1608791323;0;Eesti Kirjanike Liit 100;Dokumentaal;Jupiter > Video > Filmid > Dokumentaal;https://s.err.ee/photo/crop/2022/10/24/1660036hfe7et5.jpg;https://services.err.ee/api/v2/series/getSeriesData?type=video
2026-05-27;1608791620;0;Live Klassikaraadios. Rainer Jancis;Kontserdid ja muusika;Jupiter > Video > Saated > Kontserdid ja muusika;https://s.err.ee/photo/crop/2022/11/18/1684546h2597t5.jpg;https://services.err.ee/api/v2/series/getSeriesData?type=video
2026-05-27;1608791968;1778242500;Attenborough ja imelised laulud;Dokumentaalid;ETV > Dokumentaalid;https://s.err.ee/photo/crop/2026/02/09/3190772h24dbt5.jpg;https://services.err.ee/api/v2/series/getSeriesData?type=video
2026-05-27;1608792232;1757976300;Mustamäe tango;Filmid;ETV > Filmid;https://s.err.ee/photo/crop/2024/08/19/2512531h6730t5.jpg;https://services.err.ee/api/v2/series/getSeriesData?type=video
2026-05-27;1608793297;0;Koduteel ETV+;Saated;Jupiter > Video > Saated;https://s.err.ee/photo/crop/2023/11/30/2168716h0554t5.jpg;https://services.err.ee/api/v2/series/getSeriesData?type=video
2026-05-27;1608799138;1768464600;Sangarid;Eesti;Jupiter > Video > Filmid > Eesti;https://s.err.ee/photo/crop/2024/04/30/2376039h5ec5t5.jpg;https://services.err.ee/api/v2/series/getSeriesData?type=video
2026-05-27;1608802240;1669661700;Vabariigi Presidendi pöördumine;Saated;ETV > Saated;https://s.err.ee/photo/crop/2022/11/28/1697206hac1bt5.jpg;https://services.err.ee/api/v2/series/getSeriesData?type=video
2026-05-27;1608804196;0;Kinoteatri jalgpallurite Panso-kool;Saated;Jupiter > Video > Saated;https://s.err.ee/photo/crop/2022/11/29/1697788h9290t5.jpg;https://services.err.ee/api/v2/series/getSeriesData?type=video
2026-05-27;1608804250;0;Eesti Laul 2023. Videod ja etteasted;Saated;Jupiter > Video > Saated;https://s.err.ee/photo/crop/2023/01/10/1740658h6d8at5.jpg;https://services.err.ee/api/v2/series/getSeriesData?type=video
2026-05-27;1608806179;0;Katarsis: Henrik Kalmeti monoloogid;Saated;Jupiter > Video > Saated;https://s.err.ee/photo/crop/2022/12/01/1701649hd811t5.jpg;https://services.err.ee/api/v2/series/getSeriesData?type=video
2026-05-27;1608806767;1732364400;Hingedeaeg;Saated;ETV > Saated;https://s.err.ee/photo/crop/2024/11/20/2625688h971ft5.jpg;https://services.err.ee/api/v2/series/getSeriesData?type=video
2026-05-27;1608806770;1769293500;Enam kui elu;Dokumentaalid;ETV > Dokumentaalid;https://s.err.ee/photo/crop/2026/01/20/3160136h5be7t5.jpg;https://services.err.ee/api/v2/series/getSeriesData?type=video
2026-05-27;1608807226;0;Kümme kaadrit;Saated;ETV2 > Saated;https://s.err.ee/photo/crop/2024/06/10/2432153h7536t5.jpg;https://services.err.ee/api/v2/series/getSeriesData?type=video
2026-05-27;1608808396;0;Professor Viitso liivlased;Dokumentaal;Jupiter > Video > Filmid > Dokumentaal;https://s.err.ee/photo/crop/2022/12/15/1714549h5d88t5.jpg;https://services.err.ee/api/v2/series/getSeriesData?type=video
2026-05-27;1608812599;1684602000;Küte;Dokumentaal;Jupiter > Video > Filmid > Dokumentaal;https://s.err.ee/photo/crop/2022/12/27/1725820hfe54t5.jpg;https://services.err.ee/api/v2/series/getSeriesData?type=video
2026-05-27;1608814174;1671858000;Jõulurahvas;Elusaated;ETV > Elusaated;https://s.err.ee/photo/crop/2022/12/20/1720921h3ac8t5.jpg;https://services.err.ee/api/v2/series/getSeriesData?type=video
2026-05-27;1608814195;1671903000;Arsise kellade ansambel. Kolm jõululaulu;Kontserdid;ETV2 > Kontserdid;https://s.err.ee/photo/crop/2022/12/22/1722430hab49t5.jpg;https://services.err.ee/api/v2/series/getSeriesData?type=video
2026-05-27;1608814210;1771239300;Kukerpillide rapsoodia;Dokumentaalid;ETV > Dokumentaalid;https://s.err.ee/photo/crop/2024/05/23/2409114h61c6t5.jpg;https://services.err.ee/api/v2/series/getSeriesData?type=video
2026-05-27;1608814537;1776282600;Austusavaldus Tema Majesteedile kuningannale;Dokumentaalid;ETV > Dokumentaalid;https://s.err.ee/photo/crop/2026/04/13/3300961hfea4t5.jpg;https://services.err.ee/api/v2/series/getSeriesData?type=video
2026-05-27;1608814546;1755115800;Päev Lulliga. Luule Komissarov 80;Portreesaated;ETV > Portreesaated;https://s.err.ee/photo/crop/2024/08/05/2500120h0a9ft5.jpg;https://services.err.ee/api/v2/series/getSeriesData?type=video
2026-05-27;1608814555;1671903000;Jõulud ETVga;Saated;ETV > Saated;https://s.err.ee/photo/crop/2022/12/22/1722298hde9ct5.jpg;https://services.err.ee/api/v2/series/getSeriesData?type=video
2026-05-27;1608814558;1671890400;Jõuluõhtu jumalateenistus Pärnu Eliisabeti kirikus;Pühad ETV-ga;ETV > Pühad ETV-ga;https://s.err.ee/photo/crop/2022/12/22/1722295h9f05t5.jpg;https://services.err.ee/api/v2/series/getSeriesData?type=video
2026-05-27;1608814561;1671966000;Esimese jõulupüha jumalateenistus Püha Siimeoni ja Naisprohvet Hanna koguduses;Pühad ETV-ga;ETV > Pühad ETV-ga;https://s.err.ee/photo/crop/2022/12/23/1723897h2c5bt5.jpg;https://services.err.ee/api/v2/series/getSeriesData?type=video
2026-05-27;1608814582;1744548300;Guernsey Kirjandus- ja Kartulikoorepiruka Selts;Filmid;ETV > Filmid;https://s.err.ee/photo/crop/2024/02/11/2255262h817dt5.jpg;https://services.err.ee/api/v2/series/getSeriesData?type=video
2026-05-27;1608814609;1671824400;Intervjuu president Alar Karisega 2022;Soovitame;ETV > Soovitame;https://s.err.ee/photo/crop/2022/12/20/1720906haa28t5.jpg;https://services.err.ee/api/v2/series/getSeriesData?type=video
2026-05-27;1608814654;1766671200;Saara Pius ja Toomas Uibo. Ma hõljun taeva all;Kultuur;ETV > Kultuur;https://s.err.ee/photo/crop/2022/12/22/1722454h525bt5.jpg;https://services.err.ee/api/v2/series/getSeriesData?type=video
2026-05-27;1608817315;0;Viis laulu. Klassikaraadio LIVE;Kontserdid ja muusika;Jupiter > Video > Saated > Kontserdid ja muusika;https://s.err.ee/photo/crop/2022/12/12/1711309haadet5.jpg;https://services.err.ee/api/v2/series/getSeriesData?type=video
2026-05-27;1608818458;1779572400;Kirsitubakas;Eesti;Jupiter > Video > Filmid > Eesti;https://s.err.ee/photo/crop/2024/05/23/2408946h0252t5.jpg;https://services.err.ee/api/v2/series/getSeriesData?type=video
2026-05-27;1608818473;0;Legend eluajal;Komöödia;Jupiter > Video > Sarjad > Komöödia;https://s.err.ee/photo/crop/2023/03/23/1843109hcc59t5.jpg;https://services.err.ee/api/v2/series/getSeriesData?type=video
2026-05-27;1608818593;0;Müür;Krimi;Jupiter > Video > Sarjad > Krimi;https://s.err.ee/photo/crop/2024/10/28/2596252hd39at5.jpg;https://services.err.ee/api/v2/series/getSeriesData?type=video
2026-05-27;1608818962;0;Kergejõustikusajand;Saated;Jupiter > Video > Saated;https://s.err.ee/photo/crop/2025/03/17/2784725h89act5.jpg;https://services.err.ee/api/v2/series/getSeriesData?type=video
2026-05-27;1608821629;0;Õnnemajake;Komöödia;Jupiter > Video > Sarjad > Komöödia;https://s.err.ee/photo/crop/2025/03/31/2806667h0f1ct5.jpg;https://services.err.ee/api/v2/series/getSeriesData?type=video
2026-05-27;1608822061;1767225600;ABBA hitid. Koit, Kaire, Dagmar ja Rolf;Meelelahutus;ETV > Meelelahutus;https://s.err.ee/photo/crop/2025/04/21/2830691hdc08t5.jpg;https://services.err.ee/api/v2/series/getSeriesData?type=video
2026-05-27;1608822124;1672428600;Suur aastalõpuviktoriin 2022;Meelelahutus;ETV > Meelelahutus;https://s.err.ee/photo/crop/2022/12/30/1728634h337et5.jpg;https://services.err.ee/api/v2/series/getSeriesData?type=video
2026-05-27;1608822169;1703505600;Kuldne trio. Häbitult rahvalik;Soovitame;ETV > Soovitame;https://s.err.ee/photo/crop/2022/12/31/1729468h89f9t5.jpg;https://services.err.ee/api/v2/series/getSeriesData?type=video
2026-05-27;1608822172;1672332300;R2 Aastahitt 2022;Meelelahutus;ETV > Meelelahutus;https://s.err.ee/photo/crop/2022/12/28/1726768h2509t5.jpg;https://services.err.ee/api/v2/series/getSeriesData?type=video
2026-05-27;1608822175;0;Luiskajad;Saated;ETV > Saated;https://s.err.ee/photo/crop/2023/11/23/2160898h6256t5.jpg;https://services.err.ee/api/v2/series/getSeriesData?type=video
2026-05-27;1608822208;1750765200;Üksi ja üheskoos. Kersti Kreismann ja Andres Raag;Saated;ETV > Saated;https://s.err.ee/photo/crop/2024/01/22/2226069h4869t5.jpg;https://services.err.ee/api/v2/series/getSeriesData?type=video
2026-05-27;1608822211;1773009300;Soomaa uni;Dokumentaalid;ETV2 > Dokumentaalid;https://s.err.ee/photo/crop/2023/01/11/1741636h9e61t5.jpg;https://services.err.ee/api/v2/series/getSeriesData?type=video
2026-05-27;1608822214;1672523400;Eesti Vabariigi presidendi uusaastatervitus 2022;Saated;ETV > Saated;https://s.err.ee/photo/crop/2022/12/31/1729411h8af4t5.jpg;https://services.err.ee/api/v2/series/getSeriesData?type=video
2026-05-27;1608822271;1672082400;2022 Aktuaalses kaameras;Saated;ETV > Saated;https://s.err.ee/photo/crop/2022/12/26/1725466h28e0t5.jpg;https://services.err.ee/api/v2/series/getSeriesData?type=video
2026-05-27;1608822274;1672592400;Eesti Kontserdi ja Rémy Martin'i Uusaastakontsert;Kultuur;ETV > Kultuur;https://s.err.ee/photo/crop/2020/12/25/873796h96d8t5.jpg;https://services.err.ee/api/v2/series/getSeriesData?type=video
2026-05-27;1608822280;0;Kaunid jõulud Rahvusooperiga;Soovitame;ETV > Soovitame;https://s.err.ee/photo/crop/2022/12/26/1725433hbbdet5.jpg;https://services.err.ee/api/v2/series/getSeriesData?type=video
2026-05-27;1608822289;1672437900;George Gershwin ja Paavo Järvi Pärnus;Kontserdid;ETV2 > Kontserdid;https://s.err.ee/photo/crop/2022/12/28/1726897h79d6t5.jpg;https://services.err.ee/api/v2/series/getSeriesData?type=video
2026-05-27;1608822295;0;Laula me aastat;Meelelahutus;ETV > Meelelahutus;https://s.err.ee/photo/crop/2022/12/30/1728709ha947t5.jpg;https://services.err.ee/api/v2/series/getSeriesData?type=video
2026-05-27;1608822304;0;Mis valesti, see uuesti 2022;Saated;ETV > Saated;https://s.err.ee/photo/crop/2024/12/30/2676004h8ed9t5.jpg;https://services.err.ee/api/v2/series/getSeriesData?type=video
2026-05-27;1608822322;1704102000;Stand-up on siin! Koomikud tuuril;Saated;ETV2 > Saated;https://s.err.ee/photo/crop/2022/12/30/1728655h5928t5.jpg;https://services.err.ee/api/v2/series/getSeriesData?type=video
2026-05-27;1608822325;1702823100;TV faktor;Meelelahutus;ETV > Meelelahutus;https://s.err.ee/photo/crop/2022/12/30/1728802hae10t5.jpg;https://services.err.ee/api/v2/series/getSeriesData?type=video
2026-05-27;1608825829;0;Kull ja kiri. Maailmaimed;Dokumentaal;Jupiter > Video > Filmid > Dokumentaal;https://s.err.ee/photo/crop/2024/01/16/2216205he415t5.jpg;https://services.err.ee/api/v2/series/getSeriesData?type=video
2026-05-27;1608826513;1779530700;Teeme ära!;Dokumentaalid;ETV > Dokumentaalid;https://s.err.ee/photo/crop/2025/04/30/2843060h4710t5.jpg;https://services.err.ee/api/v2/series/getSeriesData?type=video
2026-05-27;1608826543;1757701800;Arvo Pärt. Päevikud;Saated;ETV > Saated;https://s.err.ee/photo/crop/2025/09/08/3004371h302dt5.jpg;https://services.err.ee/api/v2/series/getSeriesData?type=video
2026-05-27;1608826546;1764794100;Hermaküla. Kadunud isa;Dokumentaalid;ETV > Dokumentaalid;https://s.err.ee/photo/crop/2023/11/06/2138635hffb2t5.jpg;https://services.err.ee/api/v2/series/getSeriesData?type=video
2026-05-27;1608826678;1672687800;Malmstenid. Komöödiast tragöödiani;Saated;ETV > Saated;https://s.err.ee/photo/crop/2023/01/02/1730653ha3dft5.jpg;https://services.err.ee/api/v2/series/getSeriesData?type=video
2026-05-27;1608826813;0;Kahevõistluse MK-etapp Otepääl;Sport;ETV > Sport;https://s.err.ee/photo/crop/2025/02/03/2716658hd82bt5.jpg;https://services.err.ee/api/v2/series/getSeriesData?type=video
2026-05-27;1608826879;1735456200;Külliki Saldre. Naine, kes ei anna alla;Saated;ETV2 > Saated;https://s.err.ee/photo/crop/2023/01/06/1735627h06d6t5.jpg;https://services.err.ee/api/v2/series/getSeriesData?type=video
2026-05-27;1608826906;1673379600;Peaministri uusaasta intervjuu;Saated;ETV > Saated;https://s.err.ee/photo/crop/2023/01/10/1739950h58d1t5.jpg;https://services.err.ee/api/v2/series/getSeriesData?type=video
2026-05-27;1608831289;1739597400;Muuga sadam;Saated;Jupiter > Video > Saated;https://s.err.ee/photo/crop/2024/01/10/2209012h6f53t5.jpg;https://services.err.ee/api/v2/series/getSeriesData?type=video
2026-05-27;1608831838;0;Mironovi talu;Saated;Jupiter > Video > Saated;https://s.err.ee/photo/crop/2024/01/07/2205586hdcf0t5.jpg;https://services.err.ee/api/v2/series/getSeriesData?type=video
2026-05-27;1608832864;0;Orchestra Games;Saated;Jupiter > Video > Saated;;https://services.err.ee/api/v2/series/getSeriesData?type=video
2026-05-27;1608833077;1672340400;Aasta 2023: Kelle kõrvad paistavad?;Saated;Jupiter > Video > Saated;https://s.err.ee/photo/crop/2022/12/29/1728004h7bfet5.jpg;https://services.err.ee/api/v2/series/getSeriesData?type=video
2026-05-27;1608833098;0;Ridley;Krimi;Jupiter > Video > Sarjad > Krimi;https://s.err.ee/photo/crop/2024/11/11/2615194h7f53t5.jpg;https://services.err.ee/api/v2/series/getSeriesData?type=video
2026-05-27;1608834043;1735686300;Aastavahetuse parimad palad;Kontserdid ja muusika;Jupiter > Video > Saated > Kontserdid ja muusika;https://s.err.ee/photo/crop/2022/12/31/1729420haa19t5.jpg;https://services.err.ee/api/v2/series/getSeriesData?type=video
2026-05-27;1608834091;1672938000;Aasta muusik 2022. Marcel Johannes Kits;Kontserdid ja muusika;Jupiter > Video > Saated > Kontserdid ja muusika;https://s.err.ee/photo/crop/2023/01/04/1732444h2791t5.jpg;https://services.err.ee/api/v2/series/getSeriesData?type=video
2026-05-27;1608834352;0;Pealtnägija. Edgar Savisaar;Saated;Jupiter > Video > Saated;https://s.err.ee/photo/crop/2022/12/29/1728046h7a1at5.jpg;https://services.err.ee/api/v2/series/getSeriesData?type=video
2026-05-27;1608834439;1673810400;Tallinna Poistekoor Kaarli kirikus;Kontserdid;ETV2 > Kontserdid;https://s.err.ee/photo/crop/2023/01/13/1746649hc62dt5.jpg;https://services.err.ee/api/v2/series/getSeriesData?type=video
2026-05-27;1608834442;1673814900;Abi Zeider. Muusikale;Kontserdid;ETV2 > Kontserdid;https://s.err.ee/photo/crop/2023/01/13/1746652h41f3t5.jpg;https://services.err.ee/api/v2/series/getSeriesData?type=video
2026-05-27;1608834448;1673735400;ETV Live. Ott Lepland;Meelelahutus;ETV > Meelelahutus;;https://services.err.ee/api/v2/series/getSeriesData?type=video
2026-05-27;1608834454;1673292600;Mare Tralla saladus;Dokumentaalid;ETV2 > Dokumentaalid;https://s.err.ee/photo/crop/2023/01/09/1739065h7a18t5.jpg;https://services.err.ee/api/v2/series/getSeriesData?type=video
2026-05-27;1608834718;1773259800;Eesti ja Juhan Paadam, 12 punkti!;Saated;ETV > Saated;https://s.err.ee/photo/crop/2024/02/02/2241255h16a0t5.jpg;https://services.err.ee/api/v2/series/getSeriesData?type=video
2026-05-27;1608834745;0;Haugi mälu;Saated;Jupiter > Video > Saated;https://s.err.ee/photo/crop/2023/01/09/1739041h2435t5.jpg;https://services.err.ee/api/v2/series/getSeriesData?type=video
2026-05-27;1608834802;0;Kriiside keerises;Saated;ETV > Saated;https://s.err.ee/photo/crop/2025/02/17/2739938h643et5.jpg;https://services.err.ee/api/v2/series/getSeriesData?type=video
2026-05-27;1608834808;0;Vahemeri;Dokumentaalid;ETV > Dokumentaalid;https://s.err.ee/photo/crop/2025/01/06/2680654hdfa2t5.jpg;https://services.err.ee/api/v2/series/getSeriesData?type=video
2026-05-27;1608834958;0;Tähelepanu! Tegemist on teadusega;Lastesaated ja -sarjad;Lasteekraan > Vaata ja kuula > Video > Sarjad > Lastesaated ja -sarjad;https://s.err.ee/photo/crop/2025/09/11/3009168h05b0t5.jpg;https://services.err.ee/api/v2/series/getSeriesData?type=video
2026-05-27;1608835816;0;Aastavahetus Kinoteatriga;Saated;Jupiter > Video > Saated;https://s.err.ee/photo/crop/2025/01/02/2678290h07e8t5.jpg;https://services.err.ee/api/v2/series/getSeriesData?type=video
2026-05-27;1608837793;1758990600;Kallis Härra Q;Eesti;Jupiter > Video > Filmid > Eesti;https://s.err.ee/photo/crop/2024/06/14/2436779hba6ft5.jpg;https://services.err.ee/api/v2/series/getSeriesData?type=video
2026-05-27;1608838477;0;Riigikogu esimehe uusaastatervitus;Saated;Jupiter > Video > Saated;https://s.err.ee/photo/crop/2022/12/31/1729477h6321t5.jpg;https://services.err.ee/api/v2/series/getSeriesData?type=video
2026-05-27;1608838717;0;Eesti Laul 2023;Saated;Jupiter > Video > Saated;https://s.err.ee/photo/crop/2023/01/10/1740646h1382t5.jpg;https://services.err.ee/api/v2/series/getSeriesData?type=video
2026-05-27;1608839635;1673025300;Võssotski 1972;Saated;Jupiter > Video > Saated;https://s.err.ee/photo/crop/2024/12/30/2675965h52b9t5.jpg;https://services.err.ee/api/v2/series/getSeriesData?type=video
2026-05-27;1608840697;0;Etnopop;Kontserdid;ETV2 > Kontserdid;;https://services.err.ee/api/v2/series/getSeriesData?type=video
2026-05-27;1608840709;1674311100;Mõeldes Valdo Pandile;Saated;ETV2 > Saated;https://s.err.ee/photo/crop/2023/01/19/1753754haed7t5.jpg;https://services.err.ee/api/v2/series/getSeriesData?type=video
2026-05-27;1608841006;0;Mehed, hakkame elama!;Saated;ETV > Saated;https://s.err.ee/photo/crop/2025/11/11/3084744he8b6t5.jpg;https://services.err.ee/api/v2/series/getSeriesData?type=video
2026-05-27;1608841243;1674378900;Roheline pealinn Tallinn. Avapidu;Saated;ETV > Saated;https://s.err.ee/photo/crop/2023/01/20/1755365h8a19t5.jpg;https://services.err.ee/api/v2/series/getSeriesData?type=video
2026-05-27;1608841246;1739392800;Ada. Eesti oma Marilyn;Saated;Jupiter > Video > Saated;https://s.err.ee/photo/crop/2025/02/11/2727998he941t5.jpg;https://services.err.ee/api/v2/series/getSeriesData?type=video
2026-05-27;1608842380;0;Edgar Savisaar (1950–2022);Saated;Jupiter > Video > Saated;https://s.err.ee/photo/crop/2023/01/04/1732699h10aet5.jpg;https://services.err.ee/api/v2/series/getSeriesData?type=video
2026-05-27;1608847999;1766757600;Rock-Hotel. Kuidas läks sul see mäng;Dokumentaalid;ETV > Dokumentaalid;https://s.err.ee/photo/crop/2024/04/17/2360961hde19t5.jpg;https://services.err.ee/api/v2/series/getSeriesData?type=video
2026-05-27;1608848026;1675006200;Aasta arhitektuuripreemiad 2022;Saated;ETV > Saated;https://s.err.ee/photo/crop/2023/01/26/1761683h5a0et5.jpg;https://services.err.ee/api/v2/series/getSeriesData?type=video
2026-05-27;1608849604;0;Eesti Laul 2023. Lava taga;Saated;Jupiter > Video > Saated;https://s.err.ee/photo/crop/2023/01/13/1746163hfa36t5.jpg;https://services.err.ee/api/v2/series/getSeriesData?type=video
2026-05-27;1608852425;0;Unelinnade lood;Saated;Jupiter > Video > Saated;https://s.err.ee/photo/crop/2024/09/11/2542856h2bf5t5.jpg;https://services.err.ee/api/v2/series/getSeriesData?type=video
2026-05-27;1608853694;0;Annika;Krimi;Jupiter > Video > Sarjad > Krimi;https://s.err.ee/photo/crop/2023/12/02/2170765hc793t5.jpg;https://services.err.ee/api/v2/series/getSeriesData?type=video
2026-05-27;1608853835;0;Teekond Hispaania;Saated;Jupiter > Video > Saated;https://s.err.ee/photo/crop/2023/02/27/1807532h8187t5.jpg;https://services.err.ee/api/v2/series/getSeriesData?type=video
2026-05-27;1608855878;1703243400;ETV live. Paabel ja Meestevägi;Meelelahutus;ETV > Meelelahutus;;https://services.err.ee/api/v2/series/getSeriesData?type=video
2026-05-27;1608856169;0;Mississippi hääled;Saated;Jupiter > Video > Saated;https://s.err.ee/photo/crop/2023/01/30/1767878h208ft5.jpg;https://services.err.ee/api/v2/series/getSeriesData?type=video
2026-05-27;1608862979;0;Laulvad näitlejad;Kontserdid ja muusika;Jupiter > Video > Saated > Kontserdid ja muusika;https://s.err.ee/photo/crop/2024/03/22/2318361hc1cdt5.jpg;https://services.err.ee/api/v2/series/getSeriesData?type=video
2026-05-27;1608864530;0;Mäesuusatamise MM;SPORT;ETV2 > Saated > SPORT;https://s.err.ee/photo/crop/2023/02/06/1775117h5f8bt5.jpg;https://services.err.ee/api/v2/series/getSeriesData?type=video
2026-05-27;1608866204;0;Välisilma intervjuu Aasovi pataljoni võitlejatega;Saated;Jupiter > Video > Saated;https://s.err.ee/photo/crop/2023/01/30/1767458h5f08t5.jpg;https://services.err.ee/api/v2/series/getSeriesData?type=video
2026-05-27;1608869309;1675447200;Rock Hotel ja Tanel Padar, Ott Lepland ning Robert Linna;Kultuur;ETV > Kultuur;https://s.err.ee/photo/crop/2023/02/02/1771337hece8t5.jpg;https://services.err.ee/api/v2/series/getSeriesData?type=video
2026-05-27;1608871889;1747400400;Eesti Laul 2018;Kultuur;ETV > Kultuur;;https://services.err.ee/api/v2/series/getSeriesData?type=video
2026-05-27;1608872015;0;Salmonid;Sarjad;ETV2 > Sarjad;https://s.err.ee/photo/crop/2025/07/14/2942235h61e6t5.jpg;https://services.err.ee/api/v2/series/getSeriesData?type=video
2026-05-27;1608872765;0;Telelavastus. Kahe kodu ballaad;Lavastused;Jupiter > Video > Saated > Lavastused;https://s.err.ee/photo/crop/2020/07/01/793006h9953t5.jpg;https://services.err.ee/api/v2/series/getSeriesData?type=video
2026-05-27;1608879818;1677270900;50 aastat paradiisiaias. Hortus Musicus;Kontserdid;ETV2 > Kontserdid;https://s.err.ee/photo/crop/2023/02/23/1799195h121at5.jpg;https://services.err.ee/api/v2/series/getSeriesData?type=video
2026-05-27;1608879938;1692216000;Juhan Aare Kuldaeg;Dokumentaalid;ETV2 > Dokumentaalid;https://s.err.ee/photo/crop/2023/02/14/1787786hc2eet5.jpg;https://services.err.ee/api/v2/series/getSeriesData?type=video
2026-05-27;1608880121;1677245400;Eesti tänab 2023. Riiklike teenetemärkide üleandmine;Saated;ETV > Saated;https://s.err.ee/photo/crop/2023/02/23/1799186ha0d1t5.jpg;https://services.err.ee/api/v2/series/getSeriesData?type=video
2026-05-27;1608880142;1703852700;Ukrainlased Eestis, üks aasta sõja algusest;Saated;ETV > Saated;https://s.err.ee/photo/crop/2023/02/23/1799270hd25bt5.jpg;https://services.err.ee/api/v2/series/getSeriesData?type=video
2026-05-27;1608880157;1685989800;Oletused. Kaido Ole 60;Saated;ETV2 > Saated;https://s.err.ee/photo/crop/2023/02/24/1800203h6696t5.jpg;https://services.err.ee/api/v2/series/getSeriesData?type=video
2026-05-27;1608880214;1771134300;Klassiga väkke;Saated;ETV > Saated;https://s.err.ee/photo/crop/2023/02/23/1799222h4083t5.jpg;https://services.err.ee/api/v2/series/getSeriesData?type=video
2026-05-27;1608880217;1677175200;Väärtustades elutööd 2023;Saated;ETV > Saated;https://s.err.ee/photo/crop/2023/02/15/1788014hcba3t5.jpg;https://services.err.ee/api/v2/series/getSeriesData?type=video
2026-05-27;1608880220;1677173400;EV105. Peaministri aastapäevakõne Tartus;Saated;ETV2 > Saated;https://s.err.ee/photo/crop/2023/02/15/1788011h113at5.jpg;https://services.err.ee/api/v2/series/getSeriesData?type=video
2026-05-27;1608881396;0;Eesti Laul 2023: 500 võileiba ja 5-meetrine päike;Saated;Jupiter > Video > Saated;https://s.err.ee/photo/crop/2023/02/10/1782215h5636t5.jpg;https://services.err.ee/api/v2/series/getSeriesData?type=video
2026-05-27;1608884642;1697658000;u.Q.;Dokumentaal;Jupiter > Video > Filmid > Dokumentaal;https://s.err.ee/photo/crop/2026/03/31/3284292hf9fft5.jpg;https://services.err.ee/api/v2/series/getSeriesData?type=video
2026-05-27;1608885905;0;Unistuste maja;Draama;Jupiter > Video > Sarjad > Draama;https://s.err.ee/photo/crop/2023/04/20/1877753hc261t5.jpg;https://services.err.ee/api/v2/series/getSeriesData?type=video
2026-05-27;1608886361;0;Jäähoki Meistrite liiga finaal;Saated;Jupiter > Video > Saated;https://s.err.ee/photo/crop/2023/02/14/1787339h6cf1t5.jpg;https://services.err.ee/api/v2/series/getSeriesData?type=video
2026-05-27;1608886886;0;Teatrietendus. Epp Pillarpardi Punjaba potitehas;Lavastused;Jupiter > Video > Saated > Lavastused;https://s.err.ee/photo/crop/2020/05/27/783038h2904t5.jpg;https://services.err.ee/api/v2/series/getSeriesData?type=video
2026-05-27;1608887708;1677954600;Isa;Filmid;ETV2 > Filmid;https://s.err.ee/photo/crop/2025/11/03/3074574hd344t5.jpg;https://services.err.ee/api/v2/series/getSeriesData?type=video
2026-05-27;1608888251;1677958500;Valimiste eelõhtu;Saated;ETV > Saated;https://s.err.ee/photo/crop/2023/03/02/1811210heab4t5.jpg;https://services.err.ee/api/v2/series/getSeriesData?type=video
2026-05-27;1608888257;0;Laulu- ja tantsumängud;Saated;ETV > Saated;https://s.err.ee/photo/crop/2025/05/19/2869035h4b5ft5.jpg;https://services.err.ee/api/v2/series/getSeriesData?type=video
2026-05-27;1608888338;0;EV105;Saated;Jupiter > Video > Saated;https://s.err.ee/photo/crop/2023/02/23/1799207h7d04t5.jpg;https://services.err.ee/api/v2/series/getSeriesData?type=video
2026-05-27;1608892688;0;Valik;Draama;Jupiter > Video > Filmid > Draama;https://s.err.ee/photo/crop/2023/03/06/1817162hb073t5.jpg;https://services.err.ee/api/v2/series/getSeriesData?type=video
2026-05-27;1608894356;0;Joondu, valvel!;Saated;Jupiter > Video > Saated;https://s.err.ee/photo/crop/2023/02/28/1808819h28edt5.jpg;https://services.err.ee/api/v2/series/getSeriesData?type=video
2026-05-27;1608894956;0;Luna TV;Io noored;Jupiter > Video > Io noored;https://s.err.ee/photo/crop/2024/07/01/2458904h35d6t5.jpg;https://services.err.ee/api/v2/series/getSeriesData?type=video
2026-05-27;1608895616;0;Veetee;Saated;Jupiter > Video > Saated;https://s.err.ee/photo/crop/2024/04/02/2336007he227t5.jpg;https://services.err.ee/api/v2/series/getSeriesData?type=video
2026-05-27;1608899576;1724130300;Riigikogu ajalugu;Saated;Jupiter > Video > Saated;https://s.err.ee/photo/crop/2023/03/02/1811333haae5t5.jpg;https://services.err.ee/api/v2/series/getSeriesData?type=video
2026-05-27;1608902651;0;Sport ja isiksus;Portreesaated;ETV2 > Portreesaated;https://s.err.ee/photo/crop/2024/06/13/2436155h5c3et5.jpg;https://services.err.ee/api/v2/series/getSeriesData?type=video
2026-05-27;1608905924;0;Valimiste õhtu 2023;Saated;Jupiter > Video > Saated;https://s.err.ee/photo/crop/2023/03/02/1811339h8fbct5.jpg;https://services.err.ee/api/v2/series/getSeriesData?type=video
2026-05-27;1608908483;0;Tantsi võidu!;Saated;Jupiter > Video > Saated;https://s.err.ee/photo/crop/2024/06/05/2427083hb5c4t5.jpg;https://services.err.ee/api/v2/series/getSeriesData?type=video
2026-05-27;1608909707;1754139300;Muinaslood muusikas. Rock;Saated;ETV2 > Saated;https://s.err.ee/photo/crop/2025/01/02/2678344h529at5.jpg;https://services.err.ee/api/v2/series/getSeriesData?type=video
2026-05-27;1608909710;0;Leigo järvemuusika 2007;Kontserdid;ETV2 > Kontserdid;;https://services.err.ee/api/v2/series/getSeriesData?type=video
2026-05-27;1608915698;0;Teine maailmasõda. Eesti kroonikad;Saated;Jupiter > Video > Saated;https://s.err.ee/photo/crop/2024/02/23/2274132h2f81t5.jpg;https://services.err.ee/api/v2/series/getSeriesData?type=video
2026-05-27;1608916907;1756360800;Väikevend ja Karlsson katuselt;Etendused;Lasteekraan > Vaata ja kuula > Video > Etendused;https://s.err.ee/photo/crop/2025/08/19/2978904h0f03t5.jpg;https://services.err.ee/api/v2/series/getSeriesData?type=video
2026-05-27;1608916910;1680254100;Murdumatu Mai Murdmaa;Saated;ETV2 > Saated;https://s.err.ee/photo/crop/2023/03/28/1848536h97b4t5.jpg;https://services.err.ee/api/v2/series/getSeriesData?type=video
2026-05-27;1608916913;1680082500;Kirjad emale;Lavastused;ETV2 > Lavastused;https://s.err.ee/photo/crop/2026/04/13/3301042heca7t5.jpg;https://services.err.ee/api/v2/series/getSeriesData?type=video
2026-05-27;1608916925;0;Üks lugu;Saated;Jupiter > Video > Saated;https://s.err.ee/photo/crop/2024/05/23/2408991h6cb1t5.jpg;https://services.err.ee/api/v2/series/getSeriesData?type=video
2026-05-27;1608916934;0;Tuled akendes;Saated;ETV2 > Saated;https://s.err.ee/photo/crop/2024/05/06/2381484ha9e4t5.jpg;https://services.err.ee/api/v2/series/getSeriesData?type=video
2026-05-27;1608917468;1680427800;Teatri aastaauhinnad;Saated;ETV2 > Saated;https://s.err.ee/photo/crop/2023/03/27/1846913hbe56t5.jpg;https://services.err.ee/api/v2/series/getSeriesData?type=video
2026-05-27;1608924368;0;Rütmiralli;Meelelahutus;ETV2 > Meelelahutus;https://s.err.ee/photo/crop/2023/04/06/1857662he8c0t5.jpg;https://services.err.ee/api/v2/series/getSeriesData?type=video
2026-05-27;1608924389;0;Sõida maale!;Saated;ETV2 > Saated;https://s.err.ee/photo/crop/2023/04/05/1856300hf201t5.jpg;https://services.err.ee/api/v2/series/getSeriesData?type=video
2026-05-27;1608924395;0;Vabaduse laul;Kontserdid ja muusika;Jupiter > Video > Saated > Kontserdid ja muusika;https://s.err.ee/photo/crop/2024/08/27/2525768he330t5.jpg;https://services.err.ee/api/v2/series/getSeriesData?type=video
2026-05-27;1608924434;1774515600;Suur soo;Dokumentaalid;ETV2 > Dokumentaalid;https://s.err.ee/photo/crop/2024/10/28/2596084hd2b3t5.jpg;https://services.err.ee/api/v2/series/getSeriesData?type=video
2026-05-27;1608924869;1680522900;Lucas Leok. Teekond maailmakarika võiduni;Dokumentaalid;ETV2 > Dokumentaalid;https://s.err.ee/photo/crop/2023/04/03/1854113hdd97t5.jpg;https://services.err.ee/api/v2/series/getSeriesData?type=video
2026-05-27;1608924887;1680850800;Suure Reede jumalateenistus Tallinna Kaarli kirikus;Saated;ETV > Saated;https://s.err.ee/photo/crop/2023/04/04/1855529h75d8t5.jpg;https://services.err.ee/api/v2/series/getSeriesData?type=video
2026-05-27;1608924890;1681028100;Ülestõusmispühade jumalateenistus Tallinna Oleviste Koguduses;Saated;ETV > Saated;https://s.err.ee/photo/crop/2023/04/06/1857659h9d8ct5.jpg;https://services.err.ee/api/v2/series/getSeriesData?type=video
2026-05-27;1608931706;1769900400;Vali kord;Dokumentaalid;ETV2 > Dokumentaalid;https://s.err.ee/photo/crop/2025/02/06/2720624h589et5.jpg;https://services.err.ee/api/v2/series/getSeriesData?type=video
2026-05-27;1608931709;0;Mitte ainult minevikus;Saated;ETV2 > Saated;https://s.err.ee/photo/crop/2023/04/11/1864238h7111t5.jpg;https://services.err.ee/api/v2/series/getSeriesData?type=video
2026-05-27;1608931718;0;Mäng mängus;Saated;ETV2 > Saated;https://s.err.ee/photo/crop/2023/04/11/1864235h371at5.jpg;https://services.err.ee/api/v2/series/getSeriesData?type=video
2026-05-27;1608931724;1752909420;Huviline filmikaamera;Lastesaated;ETV2 > Lastesaated;https://s.err.ee/photo/crop/2024/08/13/2508175h4291t5.jpg;https://services.err.ee/api/v2/series/getSeriesData?type=video
2026-05-27;1608931733;1681557600;Alliksaare müüt;Saated;ETV2 > Saated;https://s.err.ee/photo/crop/2023/04/13/1867181h6b72t5.jpg;https://services.err.ee/api/v2/series/getSeriesData?type=video
2026-05-27;1608931739;1746378300;Kõige õigem eestlane;Meelelahutus;ETV2 > Meelelahutus;https://s.err.ee/photo/crop/2024/11/19/2624080h5da7t5.jpg;https://services.err.ee/api/v2/series/getSeriesData?type=video
2026-05-27;1608932213;1688751600;Artur Alliksaar 100;Saated;ETV > Saated;https://s.err.ee/photo/crop/2023/04/13/1868131h5dd6t5.jpg;https://services.err.ee/api/v2/series/getSeriesData?type=video
2026-05-27;1608935606;1714896600;Lihavõtted Julia Kalendaga;Saated;Jupiter > Video > Saated;https://s.err.ee/photo/crop/2024/03/26/2325237h9c92t5.jpg;https://services.err.ee/api/v2/series/getSeriesData?type=video
2026-05-27;1608939842;0;Tippkohtumine;Meelelahutus;ETV2 > Meelelahutus;https://s.err.ee/photo/crop/2025/09/17/3017937h100bt5.jpg;https://services.err.ee/api/v2/series/getSeriesData?type=video
2026-05-27;1608940280;1682276400;Veteranirock 2023;Saated;ETV > Saated;https://s.err.ee/photo/crop/2023/04/20/1877597heb33t5.jpg;https://services.err.ee/api/v2/series/getSeriesData?type=video
2026-05-27;1608940310;0;Kirjandusministri juures. Muusika eri;Saated;ETV > Saated;https://s.err.ee/photo/crop/2024/04/16/2359251h7bd7t5.jpg;https://services.err.ee/api/v2/series/getSeriesData?type=video
2026-05-27;1608940316;1681837200;Tartu Ülikooli rektori kandidaatide debatt;Saated;ETV > Saated;https://s.err.ee/photo/crop/2023/04/17/1873175h2f52t5.jpg;https://services.err.ee/api/v2/series/getSeriesData?type=video
2026-05-27;1608945566;0;Weekend Guitar Trio juubelikontsert;Kontserdid ja muusika;Jupiter > Video > Saated > Kontserdid ja muusika;;https://services.err.ee/api/v2/series/getSeriesData?type=video
2026-05-27;1608947909;1682368800;Vennaskond. Musta lipu valguses;Saated;ETV2 > Saated;https://s.err.ee/photo/crop/2023/04/24/1883443h58a1t5.jpg;https://services.err.ee/api/v2/series/getSeriesData?type=video
2026-05-27;1608948362;0;Mis värvi on majandus?;Saated;Jupiter > Video > Saated;https://s.err.ee/photo/crop/2024/09/09/2539169h132et5.jpg;https://services.err.ee/api/v2/series/getSeriesData?type=video
2026-05-27;1608954011;0;Jüri Üdi klubi;Saated;ETV2 > Saated;https://s.err.ee/photo/crop/2024/12/16/2657962hc479t5.jpg;https://services.err.ee/api/v2/series/getSeriesData?type=video
2026-05-27;1608954401;1746114300;Voldemar Kuslap. Roostevaba bariton;Portreesaated;ETV > Portreesaated;https://s.err.ee/photo/crop/2023/12/18/2188024hcd40t5.jpg;https://services.err.ee/api/v2/series/getSeriesData?type=video
2026-05-27;1608954416;1759570500;Kaks südant;Dokumentaalid;ETV > Dokumentaalid;https://s.err.ee/photo/crop/2024/09/30/2563003h700et5.jpg;https://services.err.ee/api/v2/series/getSeriesData?type=video
2026-05-27;1608954449;1683306000;Alika. Võimsalt helisev hääl;Saated;ETV > Saated;https://s.err.ee/photo/crop/2023/05/03/1895135hf405t5.jpg;https://services.err.ee/api/v2/series/getSeriesData?type=video
2026-05-27;1608954452;1685534400;Rootsi kuningas Karl XVI Gustav ja kuninganna Silvia visiit Eestisse;Saated;ETV > Saated;https://s.err.ee/photo/crop/2023/05/03/1895138h7d9ct5.jpg;https://services.err.ee/api/v2/series/getSeriesData?type=video
2026-05-27;1608958520;1774796400;Elina Nechayeva ja ERR-i segakoor. Viva la radio!;Kontserdid ja muusika;Jupiter > Video > Saated > Kontserdid ja muusika;https://s.err.ee/photo/crop/2023/04/28/1888307h4bc3t5.jpg;https://services.err.ee/api/v2/series/getSeriesData?type=video
2026-05-27;1608959929;0;Eurolaulud 2023 eesti viipekeeles;Saated;Jupiter > Video > Saated;https://s.err.ee/photo/crop/2023/04/28/1888456h5580t5.jpg;https://services.err.ee/api/v2/series/getSeriesData?type=video
2026-05-27;1608961070;1766884200;Koit ja Hämarik;Saated;Jupiter > Video > Saated;https://s.err.ee/photo/crop/2025/12/24/3136834hf76dt5.jpg;https://services.err.ee/api/v2/series/getSeriesData?type=video
2026-05-27;1608961508;1683649800;Euroopa päeva kontsert;Kontserdid;ETV2 > Kontserdid;https://s.err.ee/photo/crop/2023/05/08/1901461hdd6bt5.jpg;https://services.err.ee/api/v2/series/getSeriesData?type=video
2026-05-27;1608961535;1684051800;Emadepäeva kontsert Jõgeval;Saated;ETV > Saated;https://s.err.ee/photo/crop/2022/05/06/1461256h51fat5.jpg;https://services.err.ee/api/v2/series/getSeriesData?type=video
2026-05-27;1608961541;1684002900;Kuidas valmistutakse Eurovisiooniks Liverpoolis;Saated;ETV > Saated;https://s.err.ee/photo/crop/2023/05/12/1910543h8404t5.jpg;https://services.err.ee/api/v2/series/getSeriesData?type=video
2026-05-27;1608961553;1778699100;Wunderbar Vaarik;Portreesaated;ETV > Portreesaated;https://s.err.ee/photo/crop/2024/05/13/2392893hcddat5.jpg;https://services.err.ee/api/v2/series/getSeriesData?type=video
2026-05-27;1608961562;1737403200;Külas kunstnik Kostabil;Saated;Jupiter > Video > Saated;https://s.err.ee/photo/crop/2023/05/10/1907000ha5act5.jpg;https://services.err.ee/api/v2/series/getSeriesData?type=video
2026-05-27;1608961970;1683363600;Kuningas Charles III kroonimistseremoonia;Saated;ETV > Saated;https://s.err.ee/photo/crop/2023/05/04/1896844hbda8t5.jpg;https://services.err.ee/api/v2/series/getSeriesData?type=video
2026-05-27;1608967376;0;Mount Everest;Saated;ETV2 > Saated;https://s.err.ee/photo/crop/2025/12/23/3135820he668t5.jpg;https://services.err.ee/api/v2/series/getSeriesData?type=video
2026-05-27;1608967388;0;Ffriik!;Saated;Jupiter > Video > Saated;https://s.err.ee/photo/crop/2023/05/19/1918331h2f59t5.jpg;https://services.err.ee/api/v2/series/getSeriesData?type=video
2026-05-27;1608967394;1684488300;Lillelaat;Dokumentaalid;ETV2 > Dokumentaalid;https://s.err.ee/photo/crop/2023/05/11/1908023hc939t5.jpg;https://services.err.ee/api/v2/series/getSeriesData?type=video
2026-05-27;1608967844;1778156100;Attenborough ja sipelgate kuningriik;Dokumentaalid;ETV > Dokumentaalid;https://s.err.ee/photo/crop/2025/12/23/3135448haad0t5.jpg;https://services.err.ee/api/v2/series/getSeriesData?type=video
2026-05-27;1608967883;1777492200;Marite Kallasma. Diktor, mitte diiva;Portreesaated;ETV > Portreesaated;https://s.err.ee/photo/crop/2023/05/11/1908008h47e9t5.jpg;https://services.err.ee/api/v2/series/getSeriesData?type=video
2026-05-27;1608968897;1778399400;Minu ema on minu iidol;Saated;Jupiter > Video > Saated;https://s.err.ee/photo/crop/2024/05/09/2386263h4161t5.jpg;https://services.err.ee/api/v2/series/getSeriesData?type=video
2026-05-27;1608970817;1715106000;Alika. Sündinud laulma;Saated;Jupiter > Video > Saated;https://s.err.ee/photo/crop/2024/05/06/2381448hc1fdt5.jpg;https://services.err.ee/api/v2/series/getSeriesData?type=video
2026-05-27;1608972851;1717250400;Raadio 4 - 30 aastat eetris;Saated;Jupiter > Video > Saated;https://s.err.ee/photo/crop/2023/05/19/1918325ha263t5.jpg;https://services.err.ee/api/v2/series/getSeriesData?type=video
2026-05-27;1608975434;1752981300;Katused ja korstnad;Lühifilmid;Jupiter > Video > Filmid > Lühifilmid;https://s.err.ee/photo/crop/2025/07/14/2941827h4ef1t5.jpg;https://services.err.ee/api/v2/series/getSeriesData?type=video
2026-05-27;1608975446;1766958000;Katsetatud valgetel eestlastel;Saated;Jupiter > Video > Saated;https://s.err.ee/photo/crop/2023/05/23/1923593h7eadt5.jpg;https://services.err.ee/api/v2/series/getSeriesData?type=video
2026-05-27;1608975881;1779192900;Loomariigi lapsevanemad;Dokumentaalid;ETV > Dokumentaalid;https://s.err.ee/photo/crop/2024/08/21/2516062h1842t5.jpg;https://services.err.ee/api/v2/series/getSeriesData?type=video
2026-05-27;1608978203;0;Kallis kolmeteistaastane;Dokumentaal;Jupiter > Video > Filmid > Dokumentaal;https://s.err.ee/photo/crop/2023/06/01/1935575h07a3t5.jpg;https://services.err.ee/api/v2/series/getSeriesData?type=video
2026-05-27;1608978428;0;Meie hitt;Io noored;Jupiter > Video > Io noored;https://s.err.ee/photo/crop/2023/05/16/1914620h955at5.jpg;https://services.err.ee/api/v2/series/getSeriesData?type=video
2026-05-27;1608981989;1685550600;60 aastat Eesti võrkpalli;Saated;ETV2 > Saated;https://s.err.ee/photo/crop/2023/05/29/1933198h9693t5.jpg;https://services.err.ee/api/v2/series/getSeriesData?type=video
2026-05-27;1608982316;1724017500;Eesti muusika pidu Hiiumaal. Rudolf Tobias 150;Kultuur;ETV > Kultuur;https://s.err.ee/photo/crop/2024/08/13/2507827h9d3dt5.jpg;https://services.err.ee/api/v2/series/getSeriesData?type=video
2026-05-27;1608982319;1779822300;Juhan Viiding. Eesti Hamlet;Portreesaated;ETV > Portreesaated;https://s.err.ee/photo/crop/2025/05/26/2878470he52et5.jpg;https://services.err.ee/api/v2/series/getSeriesData?type=video
2026-05-27;1608982355;1685635200;Lastega ja lastele 2023;Saated;ETV > Saated;https://s.err.ee/photo/crop/2023/05/30/1933315ha0d9t5.jpg;https://services.err.ee/api/v2/series/getSeriesData?type=video
2026-05-27;1608982358;1685637000;Pardiralli 2023;Soovitame;ETV > Soovitame;https://s.err.ee/photo/crop/2023/05/30/1933318h7e23t5.jpg;https://services.err.ee/api/v2/series/getSeriesData?type=video
2026-05-27;1608985088;1755700500;Edgar Savisaar. Elatud elu;Saated;Jupiter > Video > Saated;https://s.err.ee/photo/crop/2023/05/29/1933192h301ft5.jpg;https://services.err.ee/api/v2/series/getSeriesData?type=video
2026-05-27;1608985127;0;Teatrietendus. Saateviga;Lavastused;Jupiter > Video > Saated > Lavastused;https://s.err.ee/photo/crop/2025/03/31/2806622hedf8t5.jpg;https://services.err.ee/api/v2/series/getSeriesData?type=video
2026-05-27;1608988496;1745622000;Kummast käest;Saated;ETV2 > Saated;https://s.err.ee/photo/crop/2025/04/23/2833454hfdd0t5.jpg;https://services.err.ee/api/v2/series/getSeriesData?type=video
2026-05-27;1608988499;1759088700;Teatrietendus. Lahtihüpe;Lavastused;ETV2 > Lavastused;https://s.err.ee/photo/crop/2025/09/22/3024819h2ce0t5.jpg;https://services.err.ee/api/v2/series/getSeriesData?type=video
2026-05-27;1608988517;1699213500;Punklaulupidu;Kontserdid ja muusika;Jupiter > Video > Saated > Kontserdid ja muusika;https://s.err.ee/photo/crop/2023/11/03/2134894hc93et5.jpg;https://services.err.ee/api/v2/series/getSeriesData?type=video
2026-05-27;1608988526;0;NO99 Kunstikool;Saated;ETV2 > Saated;https://s.err.ee/photo/crop/2025/10/20/3059235hd69et5.jpg;https://services.err.ee/api/v2/series/getSeriesData?type=video
2026-05-27;1608988721;1718038800;Mihkel Tiks. Poolaeg;Portreesaated;ETV2 > Portreesaated;https://s.err.ee/photo/crop/2023/06/09/1945376hdcc5t5.jpg;https://services.err.ee/api/v2/series/getSeriesData?type=video
2026-05-27;1608988805;1717672500;Eri Klasi Rahvuskultuuri Fondi kevadgala;Kultuur;ETV > Kultuur;https://s.err.ee/photo/crop/2024/06/04/2425424hbd88t5.jpg;https://services.err.ee/api/v2/series/getSeriesData?type=video
2026-05-27;1608995753;1688409000;Tobiase torm ja tung;Kultuur;ETV > Kultuur;https://s.err.ee/photo/crop/2023/06/13/1950131h2142t5.jpg;https://services.err.ee/api/v2/series/getSeriesData?type=video
2026-05-27;1608995756;1766773200;Pärdist Puuluubini. Eesti kultuuriretk Suurbritanniasse;Soovitame;ETV > Soovitame;https://s.err.ee/photo/crop/2025/12/21/3132883hc3f8t5.jpg;https://services.err.ee/api/v2/series/getSeriesData?type=video
2026-05-27;1608998540;0;Noored maailmamuutjad;Dokumentaal;Jupiter > Video > Filmid > Dokumentaal;https://s.err.ee/photo/crop/2023/11/02/2133583ha9f3t5.jpg;https://services.err.ee/api/v2/series/getSeriesData?type=video
2026-05-27;1609000727;1743321300;Veipimissõltlased;Dokumentaal;Jupiter > Video > Filmid > Dokumentaal;https://s.err.ee/photo/crop/2023/07/07/1989293ha0e6t5.jpg;https://services.err.ee/api/v2/series/getSeriesData?type=video
2026-05-27;1609000793;0;Nordland '99;Draama;Jupiter > Video > Sarjad > Draama;https://s.err.ee/photo/crop/2023/08/14/2032664h4bf9t5.jpg;https://services.err.ee/api/v2/series/getSeriesData?type=video
2026-05-27;1609005848;1734302100;Eesti Keeled;Kontserdid;ETV2 > Kontserdid;https://s.err.ee/photo/crop/2023/06/21/1961876h5653t5.jpg;https://services.err.ee/api/v2/series/getSeriesData?type=video
2026-05-27;1609005851;1771411200;"Võistluskontsert ""Apelsin""";Kontserdid;ETV2 > Kontserdid;https://s.err.ee/photo/crop/2023/06/21/1961180h424ft5.jpg;https://services.err.ee/api/v2/series/getSeriesData?type=video
2026-05-27;1609005857;1749303000;Palestra;Kultuur;ETV2 > Kultuur;https://s.err.ee/photo/crop/2023/06/19/1959170hc850t5.jpg;https://services.err.ee/api/v2/series/getSeriesData?type=video
2026-05-27;1609005860;1687341900;Heli mesilased;Kultuur;ETV2 > Kultuur;https://s.err.ee/photo/crop/2023/06/19/1959164he219t5.jpg;https://services.err.ee/api/v2/series/getSeriesData?type=video
2026-05-27;1609005893;0;XI noorte laulu- ja tantsupidu maa ja ilm;Kultuur;ETV2 > Kultuur;https://s.err.ee/photo/crop/2024/09/11/2542217haa31t5.jpg;https://services.err.ee/api/v2/series/getSeriesData?type=video
2026-05-27;1609005914;1687644900;Positivus - rokk, roll ja saldejums;Kontserdid;ETV2 > Kontserdid;https://s.err.ee/photo/crop/2023/06/21/1961858h3edet5.jpg;https://services.err.ee/api/v2/series/getSeriesData?type=video
2026-05-27;1609005917;1687586400;Kohtumine Roman Toiga;Portreesaated;ETV > Portreesaated;https://s.err.ee/photo/crop/2023/06/21/1961192h9913t5.jpg;https://services.err.ee/api/v2/series/getSeriesData?type=video
2026-05-27;1609005935;1687257900;Eestlased Läänerannikul;Saated;ETV2 > Saated;https://s.err.ee/photo/crop/2023/06/19/1959161hfdbbt5.jpg;https://services.err.ee/api/v2/series/getSeriesData?type=video
2026-05-27;1609005938;0;Äratus!;Meelelahutus;ETV2 > Meelelahutus;https://s.err.ee/photo/crop/2023/06/21/1961198h5998t5.jpg;https://services.err.ee/api/v2/series/getSeriesData?type=video
2026-05-27;1609006160;1687506300;Võidupüha paraad 2023;Saated;ETV > Saated;https://s.err.ee/photo/crop/2023/06/19/1959179h0e46t5.jpg;https://services.err.ee/api/v2/series/getSeriesData?type=video
2026-05-27;1609006223;1693684200;Eesti Muusika pidu Hiiumaal. Rudolf Tobias 150 ja Rahvusmeeskoor;Kultuur;ETV > Kultuur;https://s.err.ee/photo/crop/2023/06/20/1960442h08f0t5.jpg;https://services.err.ee/api/v2/series/getSeriesData?type=video
2026-05-27;1609008404;1688327400;Punklaulupeo laulud;Kontserdid;ETV2 > Kontserdid;https://s.err.ee/photo/crop/2023/06/22/1964231hf8e1t5.jpg;https://services.err.ee/api/v2/series/getSeriesData?type=video
2026-05-27;1609008635;1748173500;XIII noorte tantsupidu Sillad;Soovitame;ETV > Soovitame;https://s.err.ee/photo/crop/2024/05/29/2417811h93eet5.jpg;https://services.err.ee/api/v2/series/getSeriesData?type=video
2026-05-27;1609008638;1688295600;XIII noorte laulupidu Püha on maa;Soovitame;ETV > Soovitame;https://s.err.ee/photo/crop/2023/06/22/1964201h721bt5.jpg;https://services.err.ee/api/v2/series/getSeriesData?type=video
2026-05-27;1609008641;1688279100;XIII noorte laulu- ja tantsupidu Püha on maa. Rongkäik;Soovitame;ETV > Soovitame;https://s.err.ee/photo/crop/2023/06/22/1964198hd5d1t5.jpg;https://services.err.ee/api/v2/series/getSeriesData?type=video
2026-05-27;1609008644;1688202000;XIII noorte laulu- ja tantsupidu Püha on maa. Rahvamuusikapidu Päriselt;Soovitame;ETV > Soovitame;https://s.err.ee/photo/crop/2023/06/22/1964192ha0det5.jpg;https://services.err.ee/api/v2/series/getSeriesData?type=video
2026-05-27;1609008674;1687895700;Eesti Muusika pidu Hiiumaal. Rudolf Tobias 150 ja Ain Anger;Kultuur;ETV > Kultuur;https://s.err.ee/photo/crop/2023/06/20/1960445h5838t5.jpg;https://services.err.ee/api/v2/series/getSeriesData?type=video
2026-05-27;1609008692;1688055300;Tartu 2024 esitleb: Vabaduse galakontsert;Saated;ETV > Saated;https://s.err.ee/photo/crop/2023/06/22/1964183hec2ct5.jpg;https://services.err.ee/api/v2/series/getSeriesData?type=video
2026-05-27;1609012124;0;Käsipalli Euroopa Meistrite liiga finaal;Saated;Jupiter > Video > Saated;https://s.err.ee/photo/crop/2023/06/14/1951328h21f4t5.jpg;https://services.err.ee/api/v2/series/getSeriesData?type=video
2026-05-27;1609013732;1771850700;Naised vormi;Saated;Jupiter > Video > Saated;https://s.err.ee/photo/crop/2021/03/24/966175h1536t5.jpg;https://services.err.ee/api/v2/series/getSeriesData?type=video
2026-05-27;1609013750;1688928900;Vana meloodia;Dokumentaalid;ETV2 > Dokumentaalid;https://s.err.ee/photo/crop/2023/07/03/1985846h7894t5.jpg;https://services.err.ee/api/v2/series/getSeriesData?type=video
2026-05-27;1609015253;0;"XII noorte laulu- ja tantsupidu ""Mina jään""";Saated;Jupiter > Video > Saated;https://s.err.ee/photo/crop/2023/06/19/1957283hdd97t5.jpg;https://services.err.ee/api/v2/series/getSeriesData?type=video
2026-05-27;1609020950;0;Krimmi õpetaja;Dokumentaal;Jupiter > Video > Filmid > Dokumentaal;https://s.err.ee/photo/crop/2023/07/24/2008373h982bt5.jpg;https://services.err.ee/api/v2/series/getSeriesData?type=video
2026-05-27;1609021001;1689531300;Tuult purjedesse;Saated;ETV2 > Saated;https://s.err.ee/photo/crop/2023/07/14/1995779h580et5.png;https://services.err.ee/api/v2/series/getSeriesData?type=video
2026-05-27;1609021004;1689510300;Druus ja Fatkin;Meelelahutus;ETV2 > Meelelahutus;https://s.err.ee/photo/crop/2023/07/14/1995761ha790t5.png;https://services.err.ee/api/v2/series/getSeriesData?type=video
2026-05-27;1609022117;1777839600;Jumalamaa;Euroopa kino;Jupiter > Video > Filmid > Euroopa kino;https://s.err.ee/photo/crop/2023/08/02/2019143h1aa6t5.jpg;https://services.err.ee/api/v2/series/getSeriesData?type=video
2026-05-27;1609022195;0;Juhan Viiding 75 täispikad intervjuud;Saated;Jupiter > Video > Saated;https://s.err.ee/photo/crop/2023/07/07/1989401hb0b4t5.jpg;https://services.err.ee/api/v2/series/getSeriesData?type=video
2026-05-27;1609023932;0;XIII noorte laulu- ja tantsupidu Püha on maa;Kontserdid ja muusika;Jupiter > Video > Saated > Kontserdid ja muusika;https://s.err.ee/photo/crop/2023/06/22/1964198hd5d1t5.jpg;https://services.err.ee/api/v2/series/getSeriesData?type=video
2026-05-27;1609024475;0;Kutsikapõli;Dokumentaal;Jupiter > Video > Filmid > Dokumentaal;https://s.err.ee/photo/crop/2024/11/25/2632975h2197t5.jpg;https://services.err.ee/api/v2/series/getSeriesData?type=video
2026-05-27;1609025369;0;Sherlock;Draama;Jupiter > Video > Sarjad > Draama;https://s.err.ee/photo/crop/2023/07/07/1989383he3b0t5.jpg;https://services.err.ee/api/v2/series/getSeriesData?type=video
2026-05-27;1609027469;1690029600;Maapäevalised;Saated;ETV2 > Saated;https://s.err.ee/photo/crop/2023/07/20/2003117h76f1t5.jpg;https://services.err.ee/api/v2/series/getSeriesData?type=video
2026-05-27;1609027505;1763495700;Luulest, elust ja armastusest. Vahur Kersna vestleb Kristiina Ehiniga;Saated;ETV2 > Saated;https://s.err.ee/photo/crop/2023/07/20/2002892hd9e8t5.jpg;https://services.err.ee/api/v2/series/getSeriesData?type=video
2026-05-27;1609027508;1690049100;Rännud Kersnaga. Andy Warholi näitus Tallinnas;Saated;ETV2 > Saated;https://s.err.ee/photo/crop/2020/06/16/788967hc155t5.jpg;https://services.err.ee/api/v2/series/getSeriesData?type=video
2026-05-27;1609027658;0;Naapurivisa;Saated;ETV > Saated;https://s.err.ee/photo/crop/2023/07/17/1998677h52d9t5.jpg;https://services.err.ee/api/v2/series/getSeriesData?type=video
2026-05-27;1609027715;1689796500;Maailm kohtub Pärnus;Saated;ETV > Saated;https://s.err.ee/photo/crop/2023/07/17/1998680ha6a4t5.jpg;https://services.err.ee/api/v2/series/getSeriesData?type=video
2026-05-27;1609027748;0;Jalgpalli U-21 EM;Saated;Jupiter > Video > Saated;https://s.err.ee/photo/crop/2023/07/05/1987172h51f4t5.jpg;https://services.err.ee/api/v2/series/getSeriesData?type=video
2026-05-27;1609028444;1688841000;Muutumise vaev;Dokumentaalid;ETV2 > Dokumentaalid;https://s.err.ee/photo/crop/2025/11/03/3074556h810at5.jpg;https://services.err.ee/api/v2/series/getSeriesData?type=video
2026-05-27;1609030253;0;Liblikalend;Dokumentaal;Jupiter > Video > Filmid > Dokumentaal;https://s.err.ee/photo/crop/2023/07/11/1992386h8895t5.png;https://services.err.ee/api/v2/series/getSeriesData?type=video
2026-05-27;1609030271;0;Unenäod kodumaast;Dokumentaal;Jupiter > Video > Filmid > Dokumentaal;https://s.err.ee/photo/crop/2023/07/11/1992380h8916t5.png;https://services.err.ee/api/v2/series/getSeriesData?type=video
2026-05-27;1609030295;0;Aaria;Dokumentaal;Jupiter > Video > Filmid > Dokumentaal;https://s.err.ee/photo/crop/2023/07/11/1992383h6f2bt5.png;https://services.err.ee/api/v2/series/getSeriesData?type=video
2026-05-27;1609031543;1777650300;Kersna kõnnib Kadriorus;Saated;ETV > Saated;https://s.err.ee/photo/crop/2026/04/28/3418780h0ddbt5.jpg;https://services.err.ee/api/v2/series/getSeriesData?type=video
2026-05-27;1609032194;0;Televisiooni lapsed;Saated;Jupiter > Video > Saated;https://s.err.ee/photo/crop/2023/07/17/1998674h8a2dt5.jpg;https://services.err.ee/api/v2/series/getSeriesData?type=video
2026-05-27;1609032302;1771960800;Oma Maapäev;Saated;Jupiter > Video > Saated;https://s.err.ee/photo/crop/2023/07/24/2008421hdc9at5.jpg;https://services.err.ee/api/v2/series/getSeriesData?type=video
2026-05-27;1609032305;1732824300;Igavesti noor Bruce Lee;Dokumentaal;Jupiter > Video > Filmid > Dokumentaal;https://s.err.ee/photo/crop/2023/07/20/2002895h0c21t5.jpg;https://services.err.ee/api/v2/series/getSeriesData?type=video
2026-05-27;1609033313;0;Meenutusi laulu- ja tantsupeolt;Saated;Jupiter > Video > Saated;https://s.err.ee/photo/crop/2023/07/14/1996196h4754t5.png;https://services.err.ee/api/v2/series/getSeriesData?type=video
2026-05-27;1609033481;1690738500;Lahkumissümfoonia;Filmid;ETV2 > Filmid;https://s.err.ee/photo/crop/2023/07/25/2009867h1fb1t5.jpg;https://services.err.ee/api/v2/series/getSeriesData?type=video
2026-05-27;1609033529;1690661100;Elina Nechayeva Kadrioru lossis;Kontserdid;ETV2 > Kontserdid;https://s.err.ee/photo/crop/2023/07/25/2009864hcc99t5.jpg;https://services.err.ee/api/v2/series/getSeriesData?type=video
2026-05-27;1609033739;1721564100;Suur sünnipäevapidu. Viljandi folk 30;Kultuur;ETV > Kultuur;https://s.err.ee/photo/crop/2023/07/24/2008745h10act5.jpg;https://services.err.ee/api/v2/series/getSeriesData?type=video
2026-05-27;1609039319;1691259600;Kivised oodid. Jaak Soans 1985;Saated;ETV2 > Saated;https://s.err.ee/photo/crop/2023/08/03/2019878h77f3t5.jpg;https://services.err.ee/api/v2/series/getSeriesData?type=video
2026-05-27;1609039331;0;Viljandi Kultuuriakadeemia 2013;Kultuur;ETV > Kultuur;https://s.err.ee/photo/crop/2023/08/07/2026883h1b94t5.jpg;https://services.err.ee/api/v2/series/getSeriesData?type=video
2026-05-27;1609039529;1691263800;Vanemuise suvekontsert 2023;Kultuur;ETV > Kultuur;https://s.err.ee/photo/crop/2023/08/03/2020127he6f2t5.jpg;https://services.err.ee/api/v2/series/getSeriesData?type=video
2026-05-27;1609039541;1720897200;Saaremaa Ooperipäevad 2023;Kultuur;ETV > Kultuur;https://s.err.ee/photo/crop/2024/07/08/2466052h98ect5.jpg;https://services.err.ee/api/v2/series/getSeriesData?type=video
2026-05-27;1609045412;1702737300;Teledisko laulud;Filmid;ETV2 > Filmid;https://s.err.ee/photo/crop/2023/08/08/2028176h229ft5.jpg;https://services.err.ee/api/v2/series/getSeriesData?type=video
2026-05-27;1609045424;1748345400;Winny Puhh: maailma veidraim bänd;Saated;ETV2 > Saated;https://s.err.ee/photo/crop/2023/08/07/2027033h3ff1t5.jpg;https://services.err.ee/api/v2/series/getSeriesData?type=video
2026-05-27;1609045622;1691867100;Paavo Järvi ja Eesti Festivaliorkestri kontsert 2023;Kontserdid;ETV2 > Kontserdid;https://s.err.ee/photo/crop/2023/08/07/2027039h60a0t5.jpg;https://services.err.ee/api/v2/series/getSeriesData?type=video
2026-05-27;1609049288;0;Suvi Tartus;Saated;Jupiter > Video > Saated;https://s.err.ee/photo/crop/2024/07/29/2491078h6748t5.jpg;https://services.err.ee/api/v2/series/getSeriesData?type=video
2026-05-27;1609050500;0;Pealtnägija intervjuu. Tõnu Kaljuste;Saated;Jupiter > Video > Saated;https://s.err.ee/photo/crop/2023/08/28/2054510h7f48t5.jpg;https://services.err.ee/api/v2/series/getSeriesData?type=video
2026-05-27;1609050503;0;Mees koori ees. Tõnu Kaljuste;Saated;Jupiter > Video > Saated;https://s.err.ee/photo/crop/2023/08/28/2054513hca65t5.jpg;https://services.err.ee/api/v2/series/getSeriesData?type=video
2026-05-27;1609051526;0;Betty diagnoosid;Komöödia;Jupiter > Video > Sarjad > Komöödia;https://s.err.ee/photo/crop/2024/09/09/2539736hb984t5.jpg;https://services.err.ee/api/v2/series/getSeriesData?type=video
2026-05-27;1609051700;0;Nemad;Dokumentaal;Jupiter > Video > Filmid > Dokumentaal;https://s.err.ee/photo/crop/2023/08/14/2033060hc6cat5.jpg;https://services.err.ee/api/v2/series/getSeriesData?type=video
2026-05-27;1609051706;1774212900;Tütar raudse eesriide tagant;Dokumentaal;Jupiter > Video > Filmid > Dokumentaal;https://s.err.ee/photo/crop/2023/08/14/2033471hc2a2t5.jpg;https://services.err.ee/api/v2/series/getSeriesData?type=video
2026-05-27;1609051769;1757588400;Arvo Pärt - isegi kui ma kõik kaotan;Dokumentaal;Jupiter > Video > Filmid > Dokumentaal;https://s.err.ee/photo/crop/2024/09/09/2539703h8b2at5.jpg;https://services.err.ee/api/v2/series/getSeriesData?type=video
2026-05-27;1609052300;0;Sinine, must, valge;Saated;ETV2 > Saated;https://s.err.ee/photo/crop/2023/08/14/2033483h5a1ft5.jpg;https://services.err.ee/api/v2/series/getSeriesData?type=video
2026-05-27;1609052501;1750674600;Kihnu Virve merelaulud;Kultuur;ETV > Kultuur;https://s.err.ee/photo/crop/2023/08/17/2037854hedf2t5.jpg;https://services.err.ee/api/v2/series/getSeriesData?type=video
2026-05-27;1609052504;1777544700;Rootsi kuninga Karl XVI Gustavi ja kuninganna Silvia visiit Eestisse;Saated;ETV > Saated;https://s.err.ee/photo/crop/2026/04/27/3399619h8687t5.jpg;https://services.err.ee/api/v2/series/getSeriesData?type=video
2026-05-27;1609052522;1692546300;Eesti Vabariigi presidendi vastuvõtt Kadrioru lossi roosiaias;Kultuur;ETV > Kultuur;https://s.err.ee/photo/crop/2023/08/17/2037737h577et5.jpg;https://services.err.ee/api/v2/series/getSeriesData?type=video
2026-05-27;1609055126;0;Euroopa Mäng;Saated;Jupiter > Video > Saated;https://s.err.ee/photo/crop/2024/04/11/2348460hcdb0t5.jpg;https://services.err.ee/api/v2/series/getSeriesData?type=video
2026-05-27;1609055177;0;Maailma suurimad raudteejaamad;Dokumentaal;Jupiter > Video > Filmid > Dokumentaal;https://s.err.ee/photo/crop/2023/09/08/2068088h5cfct5.jpg;https://services.err.ee/api/v2/series/getSeriesData?type=video
2026-05-27;1609057205;0;3 hitti;Saated;Jupiter > Video > Saated;https://s.err.ee/photo/crop/2025/06/06/2892621h8f72t5.jpg;https://services.err.ee/api/v2/series/getSeriesData?type=video
2026-05-27;1609058324;0;Õiglus;Draama;Jupiter > Video > Sarjad > Draama;https://s.err.ee/photo/crop/2023/09/04/2063567hcb0at5.jpg;https://services.err.ee/api/v2/series/getSeriesData?type=video
2026-05-27;1609058408;0;Doktor Nadežda;Draama;Jupiter > Video > Sarjad > Draama;https://s.err.ee/photo/crop/2023/11/27/2163994h955dt5.jpg;https://services.err.ee/api/v2/series/getSeriesData?type=video
2026-05-27;1609058705;0;Viimane kiri kallimalt;Draama;Jupiter > Video > Sarjad > Draama;https://s.err.ee/photo/crop/2023/12/04/2172424h084dt5.jpg;https://services.err.ee/api/v2/series/getSeriesData?type=video
2026-05-27;1609058771;0;Saatuse kiuste;Draama;Jupiter > Video > Sarjad > Draama;https://s.err.ee/photo/crop/2023/11/06/2139679h6a9bt5.jpg;https://services.err.ee/api/v2/series/getSeriesData?type=video
2026-05-27;1609058873;0;Ema valik;Draama;Jupiter > Video > Sarjad > Draama;https://s.err.ee/photo/crop/2023/10/12/2108309h723ct5.jpg;https://services.err.ee/api/v2/series/getSeriesData?type=video
2026-05-27;1609060007;1757015700;Jurõk;Euroopa kino;Jupiter > Video > Filmid > Euroopa kino;https://s.err.ee/photo/crop/2023/08/22/2044871hbb29t5.png;https://services.err.ee/api/v2/series/getSeriesData?type=video
2026-05-27;1609062275;1720912200;Polyphon 40 - revisited;Kultuur;ETV > Kultuur;https://s.err.ee/photo/crop/2023/08/22/2045435h6919t5.jpg;https://services.err.ee/api/v2/series/getSeriesData?type=video
2026-05-27;1609062512;1772828400;Kalush Orchestra kontsert;Kultuur;ETV > Kultuur;https://s.err.ee/photo/crop/2023/08/23/2046416haec8t5.jpg;https://services.err.ee/api/v2/series/getSeriesData?type=video
2026-05-27;1609062515;0;Rauataltsutajad;Saated;Jupiter > Video > Saated;https://s.err.ee/photo/crop/2024/09/03/2532869h5994t5.jpg;https://services.err.ee/api/v2/series/getSeriesData?type=video
2026-05-27;1609062527;1692891900;Ukraina iseseisvuspäeva toetuskontsert;Kultuur;ETV > Kultuur;https://s.err.ee/photo/crop/2023/08/22/2044589h391ft5.jpg;https://services.err.ee/api/v2/series/getSeriesData?type=video
2026-05-27;1609062530;1693080000;Vanemuise suvekontsert Kassitoomel 2023;Kontserdid;ETV2 > Kontserdid;https://s.err.ee/photo/crop/2023/08/21/2043071h59adt5.jpg;https://services.err.ee/api/v2/series/getSeriesData?type=video
2026-05-27;1609064213;0;Telelavastus. Viimane suvi;Lavastused;Jupiter > Video > Saated > Lavastused;https://s.err.ee/photo/crop/2023/08/17/2037857h75fft5.jpg;https://services.err.ee/api/v2/series/getSeriesData?type=video
2026-05-27;1609068179;1693764000;Anne Ermi 10 katsumust ja 10 rõõmu;Portreesaated;ETV2 > Portreesaated;https://s.err.ee/photo/crop/2023/09/04/2063765h0798t5.jpg;https://services.err.ee/api/v2/series/getSeriesData?type=video
2026-05-27;1609068200;1693733700;Kust tuleb tolm ja kuhu kaob raha;Saated;ETV2 > Saated;https://s.err.ee/photo/crop/2023/08/31/2058548h5cb0t5.jpg;https://services.err.ee/api/v2/series/getSeriesData?type=video
2026-05-27;1609068473;0;Ühe pere muusika;Kultuur;ETV > Kultuur;https://s.err.ee/photo/crop/2023/08/31/2058191h8d0dt5.jpg;https://services.err.ee/api/v2/series/getSeriesData?type=video
2026-05-27;1609068515;1719243600;Pidu on püha;Kultuur;ETV > Kultuur;https://s.err.ee/photo/crop/2023/08/29/2056685h1fd0t5.jpg;https://services.err.ee/api/v2/series/getSeriesData?type=video
2026-05-27;1609068518;1732134900;Mahavok kui sähvatus;Kultuur;ETV > Kultuur;https://s.err.ee/photo/crop/2023/09/07/2067992ha1c7t5.jpg;https://services.err.ee/api/v2/series/getSeriesData?type=video
2026-05-27;1609068527;1693590900;Vabariigi Presidendi tervitus kooliaasta alguse puhul;Saated;ETV > Saated;https://s.err.ee/photo/crop/2023/08/29/2056688hc843t5.jpg;https://services.err.ee/api/v2/series/getSeriesData?type=video
2026-05-27;1609068536;1723926300;Kristjan Järvi Meelte Videvik;Kultuur;ETV > Kultuur;https://s.err.ee/photo/crop/2023/08/28/2055431h26a8t5.jpg;https://services.err.ee/api/v2/series/getSeriesData?type=video
2026-05-27;1609072523;0;Kalifaat;Draama;Jupiter > Video > Sarjad > Draama;https://s.err.ee/photo/crop/2023/10/06/2101427h9064t5.jpg;https://services.err.ee/api/v2/series/getSeriesData?type=video
2026-05-27;1609075079;0;Põhjala pärlid;Kultuur;ETV2 > Kultuur;https://s.err.ee/photo/crop/2023/11/15/2150809ha8b0t5.jpg;https://services.err.ee/api/v2/series/getSeriesData?type=video
2026-05-27;1609075550;0;Stanley Tucci avastamas Itaaliat;Dokumentaal;Jupiter > Video > Filmid > Dokumentaal;https://s.err.ee/photo/crop/2025/02/27/2761331h84a8t5.jpg;https://services.err.ee/api/v2/series/getSeriesData?type=video
2026-05-27;1609075598;0;Eesti imelised metsaelupaigad;Saated;ETV > Saated;https://s.err.ee/photo/crop/2023/09/04/2064056hc3cbt5.jpg;https://services.err.ee/api/v2/series/getSeriesData?type=video
2026-05-27;1609076873;1693991100;Hapud kurgid;Soovitame;ETV > Soovitame;https://s.err.ee/photo/crop/2023/08/29/2056730hc420t5.jpg;https://services.err.ee/api/v2/series/getSeriesData?type=video
2026-05-27;1609077062;0;Hommiku TV. Vahur Kersna intervjuu Onu Bella ja Üllar Jörbergiga;Saated;Jupiter > Video > Saated;https://s.err.ee/photo/crop/2023/08/28/2055260h1ba2t5.jpg;https://services.err.ee/api/v2/series/getSeriesData?type=video
2026-05-27;1609077065;0;Vabakava. Onu Bella klounimuusikal;Saated;Jupiter > Video > Saated;https://s.err.ee/photo/crop/2023/08/28/2055263he2b0t5.jpg;https://services.err.ee/api/v2/series/getSeriesData?type=video
2026-05-27;1609079324;0;Kiirabi;Komöödia;Jupiter > Video > Sarjad > Komöödia;https://s.err.ee/photo/crop/2023/09/04/2063582hf4a3t5.jpg;https://services.err.ee/api/v2/series/getSeriesData?type=video
2026-05-27;1609079450;0;Vestluskaaslased;Saated;Jupiter > Video > Saated;https://s.err.ee/photo/crop/2023/09/04/2064065hfe0ct5.jpg;https://services.err.ee/api/v2/series/getSeriesData?type=video
2026-05-27;1609079633;0;Tippvormi koos Tom Kerridge'iga;Dokumentaal;Jupiter > Video > Filmid > Dokumentaal;https://s.err.ee/photo/crop/2023/09/06/2066336hd557t5.jpg;https://services.err.ee/api/v2/series/getSeriesData?type=video
2026-05-27;1609081055;0;Jõuluootus;Saated;Jupiter > Video > Saated;https://s.err.ee/photo/crop/2023/09/08/2068115h0aeet5.jpg;https://services.err.ee/api/v2/series/getSeriesData?type=video
2026-05-27;1609084118;1694957700;Muusikapeegel;Filmid;ETV2 > Filmid;https://s.err.ee/photo/crop/2023/09/15/2078171h834ft5.jpg;https://services.err.ee/api/v2/series/getSeriesData?type=video
2026-05-27;1609084121;1694979600;Aasta 1988 ei kordu enam kunagi;Saated;ETV2 > Saated;https://s.err.ee/photo/crop/2023/09/15/2078402h676ft5.jpg;https://services.err.ee/api/v2/series/getSeriesData?type=video
2026-05-27;1609084124;1757872500;Ratastoolitants;Dokumentaalid;ETV2 > Dokumentaalid;https://s.err.ee/photo/crop/2023/09/11/2072516h3a8ct5.jpg;https://services.err.ee/api/v2/series/getSeriesData?type=video
2026-05-27;1609084127;0;Eestimaa laul '88;Saated;Jupiter > Video > Saated;https://s.err.ee/photo/crop/2023/09/15/2078567h54aet5.jpg;https://services.err.ee/api/v2/series/getSeriesData?type=video
2026-05-27;1609084133;1775472600;Infomiin. Ansambel Vitamiin;Meelelahutus;ETV2 > Meelelahutus;https://s.err.ee/photo/crop/2023/09/11/2072603h5ff8t5.jpg;https://services.err.ee/api/v2/series/getSeriesData?type=video
2026-05-27;1609084181;1757675100;Arvo Pärt. Võim ja vaim;Kontserdid;ETV2 > Kontserdid;https://s.err.ee/photo/crop/2025/09/08/3004353h7ae6t5.jpg;https://services.err.ee/api/v2/series/getSeriesData?type=video
2026-05-27;1609084553;0;Ainulaadne aastakäik;Saated;Jupiter > Video > Saated;https://s.err.ee/photo/crop/2023/09/11/2072966h83a2t5.jpg;https://services.err.ee/api/v2/series/getSeriesData?type=video
2026-05-27;1609092362;0;Maria Faust & Kira Skov. Kõige alguses;Kontserdid ja muusika;Jupiter > Video > Saated > Kontserdid ja muusika;https://s.err.ee/photo/crop/2023/09/08/2068160h3ac1t5.jpg;https://services.err.ee/api/v2/series/getSeriesData?type=video
2026-05-27;1609092602;1775931000;Esimene kapitalist;Dokumentaal;Jupiter > Video > Filmid > Dokumentaal;https://s.err.ee/photo/crop/2023/10/09/2104256hc375t5.jpg;https://services.err.ee/api/v2/series/getSeriesData?type=video
2026-05-27;1609093364;1750582800;Metsikud mesilased;Dokumentaalid;ETV2 > Dokumentaalid;https://s.err.ee/photo/crop/2023/09/18/2080853h03aat5.jpg;https://services.err.ee/api/v2/series/getSeriesData?type=video
2026-05-27;1609093397;0;Päeva püük;Saated;Jupiter > Video > Saated;https://s.err.ee/photo/crop/2025/10/13/3048330hfb4ct5.jpg;https://services.err.ee/api/v2/series/getSeriesData?type=video
2026-05-27;1609093415;0;Otse uudistemajast;Saated;Jupiter > Video > Saated;https://s.err.ee/photo/crop/2023/09/29/2094077hd317t5.jpg;https://services.err.ee/api/v2/series/getSeriesData?type=video
2026-05-27;1609096463;0;100 spordihetke;Saated;Jupiter > Video > Saated;https://s.err.ee/photo/crop/2023/09/15/2078153hb18dt5.jpg;https://services.err.ee/api/v2/series/getSeriesData?type=video
2026-05-27;1609100198;1696195800;W. A. Mozart... Georg Ots;Kontserdid;ETV2 > Kontserdid;https://s.err.ee/photo/crop/2023/09/29/2094344h7c9dt5.jpg;https://services.err.ee/api/v2/series/getSeriesData?type=video
2026-05-27;1609100201;0;Õhtutäht;ETV2 saated;Jupiter > ETV2 saated;https://s.err.ee/photo/crop/2024/05/31/2420451h8fe5t5.jpg;https://services.err.ee/api/v2/series/getSeriesData?type=video
2026-05-27;1609100207;1696182300;Laulusillad;Saated;ETV2 > Saated;https://s.err.ee/photo/crop/2023/09/29/2094335hffe6t5.jpg;https://services.err.ee/api/v2/series/getSeriesData?type=video
2026-05-27;1609100210;1696185000;Kreisiraadio sümfooniaorkester;Saated;ETV2 > Saated;https://s.err.ee/photo/crop/2023/09/29/2094338h1434t5.jpg;https://services.err.ee/api/v2/series/getSeriesData?type=video
2026-05-27;1609100612;1778782800;Stefani kontsert Vabaduse väljakul;Kontserdid;ETV2 > Kontserdid;https://s.err.ee/photo/crop/2023/09/28/2092610hc251t5.jpg;https://services.err.ee/api/v2/series/getSeriesData?type=video
2026-05-27;1609100630;1769018400;Pantanal. Viimane pelgupaik;Dokumentaal;Jupiter > Video > Filmid > Dokumentaal;https://s.err.ee/photo/crop/2025/07/03/2919561hd87at5.jpg;https://services.err.ee/api/v2/series/getSeriesData?type=video
2026-05-27;1609100681;1716801300;Suur muusikamäng;Kultuur;ETV > Kultuur;https://s.err.ee/photo/crop/2023/10/02/2096993h7e1bt5.jpg;https://services.err.ee/api/v2/series/getSeriesData?type=video
2026-05-27;1609101647;0;Kes küll seda teaks?;Saated;Jupiter > Video > Saated;https://s.err.ee/photo/crop/2025/09/04/3000081h900ft5.jpg;https://services.err.ee/api/v2/series/getSeriesData?type=video
2026-05-27;1609103771;0;Päästa mind;Krimi;Jupiter > Video > Sarjad > Krimi;https://s.err.ee/photo/crop/2023/10/20/2118287ha6f4t5.png;https://services.err.ee/api/v2/series/getSeriesData?type=video
2026-05-27;1609103954;1717330200;Šokolaadisõda;Dokumentaal;Jupiter > Video > Filmid > Dokumentaal;https://s.err.ee/photo/crop/2023/10/02/2097110h53fbt5.jpg;https://services.err.ee/api/v2/series/getSeriesData?type=video
2026-05-27;1609107293;0;Eelarvamuslik suhtumine;Krimi;Jupiter > Video > Sarjad > Krimi;https://s.err.ee/photo/crop/2023/11/15/2150800h39f6t5.jpg;https://services.err.ee/api/v2/series/getSeriesData?type=video
2026-05-27;1609107350;0;Riigiametnik;Krimi;Jupiter > Video > Sarjad > Krimi;https://s.err.ee/photo/crop/2023/12/11/2179546h6025t5.jpg;https://services.err.ee/api/v2/series/getSeriesData?type=video
2026-05-27;1609107764;1704453300;Elurõõm;Saated;ETV2 > Saated;https://s.err.ee/photo/crop/2023/10/06/2101433h5e75t5.jpg;https://services.err.ee/api/v2/series/getSeriesData?type=video
2026-05-27;1609107767;1753535700;Tempo;ETV2 saated;Jupiter > ETV2 saated;https://s.err.ee/photo/crop/2025/07/21/2954421hefbct5.jpg;https://services.err.ee/api/v2/series/getSeriesData?type=video
2026-05-27;1609107779;0;Karavan laulab Valgret;Kontserdid ja muusika;Jupiter > Video > Saated > Kontserdid ja muusika;https://s.err.ee/photo/crop/2023/10/06/2101745hdf30t5.jpg;https://services.err.ee/api/v2/series/getSeriesData?type=video
2026-05-27;1609108073;1700918400;Jonas Deichmann - piire ületades;Dokumentaalid;ETV2 > Dokumentaalid;https://s.err.ee/photo/crop/2023/10/06/2101310h7cbdt5.jpg;https://services.err.ee/api/v2/series/getSeriesData?type=video
2026-05-27;1609108091;0;Skandinaavia;Dokumentaalid;ETV > Dokumentaalid;https://s.err.ee/photo/crop/2025/02/17/2740145h746dt5.jpg;https://services.err.ee/api/v2/series/getSeriesData?type=video
2026-05-27;1609108097;0;Moodsa aja geniaalsed alustalad;Dokumentaal;Jupiter > Video > Filmid > Dokumentaal;https://s.err.ee/photo/crop/2026/02/22/3221831h5ba9t5.png;https://services.err.ee/api/v2/series/getSeriesData?type=video
2026-05-27;1609108106;1777057200;Teised;Filmid;ETV > Filmid;https://s.err.ee/photo/crop/2024/10/22/2589874h2dd2t5.jpg;https://services.err.ee/api/v2/series/getSeriesData?type=video
2026-05-27;1609108157;1696693500;Aasta õpetaja gala 2023;Saated;ETV > Saated;https://s.err.ee/photo/crop/2023/10/06/2101307he01bt5.jpg;https://services.err.ee/api/v2/series/getSeriesData?type=video
2026-05-27;1609108172;1759751400;Tanel Padari kontsert Vabaduse väljakul;Kontserdid;ETV2 > Kontserdid;https://s.err.ee/photo/crop/2023/10/06/2101070h5a5dt5.jpg;https://services.err.ee/api/v2/series/getSeriesData?type=video
2026-05-27;1609108187;0;Impulss;Saated;Jupiter > Video > Saated;https://s.err.ee/photo/crop/2025/09/01/2996262h16cbt5.jpg;https://services.err.ee/api/v2/series/getSeriesData?type=video
2026-05-27;1609108250;1696783500;Pärimusmuusika lõikuspidu. Etnokulp 2023;Saated;ETV > Saated;https://s.err.ee/photo/crop/2023/10/06/2101613h69d1t5.jpg;https://services.err.ee/api/v2/series/getSeriesData?type=video
2026-05-27;1609108256;1700051400;Küberkuu 2023. Targa tuleviku tuleproov;Saated;ETV2 > Saated;https://s.err.ee/photo/crop/2023/10/06/2101283h29b6t5.jpg;https://services.err.ee/api/v2/series/getSeriesData?type=video
2026-05-27;1609115495;0;Omavahel;Saated;Jupiter > Video > Saated;;https://services.err.ee/api/v2/series/getSeriesData?type=video
2026-05-27;1609115822;0;Kuidas meist said sõdurid;Saated;Jupiter > Video > Saated;https://s.err.ee/photo/crop/2023/10/10/2106440h29cft5.jpg;https://services.err.ee/api/v2/series/getSeriesData?type=video
2026-05-27;1609115936;0;Üks päev;Dokumentaalid;ETV2 > Dokumentaalid;https://s.err.ee/photo/crop/2023/10/09/2104910h2f2ct5.jpg;https://services.err.ee/api/v2/series/getSeriesData?type=video
2026-05-27;1609115960;1697229900;Meeta;Filmid;ETV > Filmid;https://s.err.ee/photo/crop/2023/10/09/2105378h331et5.jpg;https://services.err.ee/api/v2/series/getSeriesData?type=video
2026-05-27;1609119242;0;Maailma kauneimad raudteed;Dokumentaal;Jupiter > Video > Filmid > Dokumentaal;https://s.err.ee/photo/crop/2023/10/10/2105867h43a4t5.jpg;https://services.err.ee/api/v2/series/getSeriesData?type=video
2026-05-27;1609120343;1750269900;Äraoldud päevade summa. Eduard Tubin;Dokumentaal;Jupiter > Video > Filmid > Dokumentaal;https://s.err.ee/photo/crop/2023/10/05/2099822h24a7t5.jpg;https://services.err.ee/api/v2/series/getSeriesData?type=video
2026-05-27;1609120355;0;Kohtumispaik - ülikool;Saated;Jupiter > Video > Saated;https://s.err.ee/photo/crop/2023/10/05/2099741h1d2ft5.jpg;https://services.err.ee/api/v2/series/getSeriesData?type=video
2026-05-27;1609120736;0;Teatrietendus. Kevade;Lavastused;Jupiter > Video > Saated > Lavastused;https://s.err.ee/photo/crop/2023/10/05/2099744hec82t5.jpg;https://services.err.ee/api/v2/series/getSeriesData?type=video
2026-05-27;1609123088;1697783400;Vaikelu Olav Maraniga;Portreesaated;ETV2 > Portreesaated;https://s.err.ee/photo/crop/2023/10/18/2115389ha0b8t5.png;https://services.err.ee/api/v2/series/getSeriesData?type=video
2026-05-27;1609123091;1747575300;Pidu meie tänavas;Saated;ETV2 > Saated;https://s.err.ee/photo/crop/2023/10/17/2114234h5003t5.png;https://services.err.ee/api/v2/series/getSeriesData?type=video
2026-05-27;1609123094;1697895300;Kolm lõõtsa A-duuris;Kontserdid;ETV2 > Kontserdid;https://s.err.ee/photo/crop/2023/10/13/2109785h2ecct5.jpg;https://services.err.ee/api/v2/series/getSeriesData?type=video
2026-05-27;1609123103;1780245000;Ajaviitur;Meelelahutus;ETV2 > Meelelahutus;https://s.err.ee/photo/crop/2023/10/17/2114207h1185t5.png;https://services.err.ee/api/v2/series/getSeriesData?type=video
2026-05-27;1609123553;1697918700;Tartu 2024. Sada ööd ja päeva ellujäämise kunstideni;Saated;ETV2 > Saated;https://s.err.ee/photo/crop/2023/10/13/2108963h0fd5t5.jpg;https://services.err.ee/api/v2/series/getSeriesData?type=video
2026-05-27;1609124444;0;Tom Kerridge'i pühapäevalõuna;Dokumentaal;Jupiter > Video > Filmid > Dokumentaal;https://s.err.ee/photo/crop/2023/10/13/2109905h9d00t5.jpg;https://services.err.ee/api/v2/series/getSeriesData?type=video
2026-05-27;1609126715;1730981700;Tagurpidi kodus;Dokumentaal;Jupiter > Video > Filmid > Dokumentaal;https://s.err.ee/photo/crop/2023/10/12/2108201h5756t5.jpg;https://services.err.ee/api/v2/series/getSeriesData?type=video
2026-05-27;1609130285;0;Meenutab;Saated;ETV2 > Saated;https://s.err.ee/photo/crop/2023/10/29/2129077hd6ebt5.jpg;https://services.err.ee/api/v2/series/getSeriesData?type=video
2026-05-27;1609130291;1698600600;Kes pääseb olümpiale?;Sport;ETV2 > Sport;https://s.err.ee/photo/crop/2023/10/27/2127544haba6t5.jpg;https://services.err.ee/api/v2/series/getSeriesData?type=video
2026-05-27;1609130306;1709041500;Telelavastus. 5 grammi sisemist rahu;Lavastused;ETV2 > Lavastused;https://s.err.ee/photo/crop/2023/10/20/2118518h58d8t5.png;https://services.err.ee/api/v2/series/getSeriesData?type=video
2026-05-27;1609130717;1753289400;Piison, preeria valitseja;Dokumentaalid;ETV > Dokumentaalid;https://s.err.ee/photo/crop/2023/10/26/2126120h3d5dt5.jpg;https://services.err.ee/api/v2/series/getSeriesData?type=video
2026-05-27;1609133921;0;Giovannid;Komöödia;Jupiter > Video > Sarjad > Komöödia;https://s.err.ee/photo/crop/2023/11/27/2165641hefc2t5.jpg;https://services.err.ee/api/v2/series/getSeriesData?type=video
2026-05-27;1609134539;0;"Noorte Eurovisioon. Arhanna - ""Hoiame kokku""";Kontserdid ja muusika;Jupiter > Video > Saated > Kontserdid ja muusika;https://s.err.ee/photo/crop/2023/10/17/2114147h007ct5.png;https://services.err.ee/api/v2/series/getSeriesData?type=video
2026-05-27;1609134731;0;Putini varjatud sõda;Dokumentaalid;ETV > Dokumentaalid;https://s.err.ee/photo/crop/2023/11/20/2156914h322at5.jpg;https://services.err.ee/api/v2/series/getSeriesData?type=video
2026-05-27;1609135421;0;Meie;Saated;Jupiter > Video > Saated;https://s.err.ee/photo/crop/2023/11/06/2139277h5024t5.jpg;https://services.err.ee/api/v2/series/getSeriesData?type=video
2026-05-27;1609135973;1697730600;Tartu 2024. Sada ööd ja päeva ellujäämise kunstideni. Viipekeeles;Saated;Jupiter > Video > Saated;https://s.err.ee/photo/crop/2023/10/17/2114159hbaa6t5.png;https://services.err.ee/api/v2/series/getSeriesData?type=video
2026-05-27;1609138628;0;Konrad Mägi värvide maailm;Saated;Jupiter > Video > Saated;https://s.err.ee/photo/crop/2023/11/01/2132323h057at5.jpg;https://services.err.ee/api/v2/series/getSeriesData?type=video
2026-05-27;1609138637;1778691600;Mäkrade salaelu;Dokumentaalid;ETV > Dokumentaalid;https://s.err.ee/photo/crop/2023/10/31/2131870h59d5t5.jpg;https://services.err.ee/api/v2/series/getSeriesData?type=video
2026-05-27;1609138682;0;Eesti imelised aastaajad;Saated;ETV > Saated;https://s.err.ee/photo/crop/2023/10/30/2130181h515ct5.jpg;https://services.err.ee/api/v2/series/getSeriesData?type=video
2026-05-27;1609142837;0;Hingetee;Saated;Jupiter > Video > Saated;https://s.err.ee/photo/crop/2023/10/31/2131849h9c36t5.jpg;https://services.err.ee/api/v2/series/getSeriesData?type=video
2026-05-27;1609142843;0;"Arvo Pärt - ""Cantus in memoriam Benjamin Britten"" ja ""Frates""";Kontserdid ja muusika;Jupiter > Video > Saated > Kontserdid ja muusika;https://s.err.ee/photo/crop/2023/10/31/2131891he129t5.jpg;https://services.err.ee/api/v2/series/getSeriesData?type=video
2026-05-27;1609142846;0;Cyrillus Kreek Reekviem;Kontserdid ja muusika;Jupiter > Video > Saated > Kontserdid ja muusika;https://s.err.ee/photo/crop/2023/10/31/2131855h155at5.jpg;https://services.err.ee/api/v2/series/getSeriesData?type=video
2026-05-27;1609145186;0;Eesti naiskunstnikud 80ndatest;Saated;Jupiter > Video > Saated;https://s.err.ee/photo/crop/2023/10/30/2129920h6b82t5.jpg;https://services.err.ee/api/v2/series/getSeriesData?type=video
2026-05-27;1609145798;1776543000;David Garrett: Alive;Kontserdid;ETV2 > Kontserdid;https://s.err.ee/photo/crop/2023/11/10/2144191h7cb2t5.jpg;https://services.err.ee/api/v2/series/getSeriesData?type=video
2026-05-27;1609145801;0;Jäine planeet II;Dokumentaalid;ETV > Dokumentaalid;https://s.err.ee/photo/crop/2025/12/03/3112794h89d4t5.jpg;https://services.err.ee/api/v2/series/getSeriesData?type=video
2026-05-27;1609145939;0;Juurdlust toimetab Lucy Worsley;Dokumentaal;Jupiter > Video > Filmid > Dokumentaal;https://s.err.ee/photo/crop/2026/03/03/3236339h4c8ft5.jpg;https://services.err.ee/api/v2/series/getSeriesData?type=video
2026-05-27;1609145999;1762373400;Maire Aunaste. Liiga eriline?;Soovitame;ETV > Soovitame;https://s.err.ee/photo/crop/2023/11/07/2140726hb42ct5.jpg;https://services.err.ee/api/v2/series/getSeriesData?type=video
2026-05-27;1609146008;1699780500;Isadepäeva kontsert Haljalas;Saated;ETV > Saated;https://s.err.ee/photo/crop/2023/11/10/2144167hd6d2t5.jpg;https://services.err.ee/api/v2/series/getSeriesData?type=video
2026-05-27;1609146011;1699301400;Daytoni pärand: habras rahu Bosnias;Dokumentaalid;ETV > Dokumentaalid;https://s.err.ee/photo/crop/2023/11/06/2138956hf778t5.jpg;https://services.err.ee/api/v2/series/getSeriesData?type=video
2026-05-27;1609146026;0;Illiku maa helid;Saated;Jupiter > Video > Saated;https://s.err.ee/photo/crop/2023/12/30/2199763h5105t5.jpg;https://services.err.ee/api/v2/series/getSeriesData?type=video
2026-05-27;1609148410;0;Toomas Uba fenomen;Saated;Jupiter > Video > Saated;https://s.err.ee/photo/crop/2023/10/30/2130193h521bt5.jpg;https://services.err.ee/api/v2/series/getSeriesData?type=video
2026-05-27;1609148671;0;Kadumise lühikursus lühifilmid;Lühifilmid;Jupiter > Video > Filmid > Lühifilmid;https://s.err.ee/photo/crop/2025/10/27/3066726h0057t5.jpg;https://services.err.ee/api/v2/series/getSeriesData?type=video
2026-05-27;1609148684;1699116300;Eesti parimad ettevõtted 2023;Saated;ETV2 > Saated;https://s.err.ee/photo/crop/2023/11/03/2134819h5e91t5.jpg;https://services.err.ee/api/v2/series/getSeriesData?type=video
2026-05-27;1609151333;0;Siin me oleme. Ekraanide lummusest välja. Psühholoogide nõuanded;Saated;Jupiter > Video > Saated;https://s.err.ee/photo/crop/2023/11/06/2138659h519bt5.jpg;https://services.err.ee/api/v2/series/getSeriesData?type=video
2026-05-27;1609151918;0;Põud ja vihm Põlva kihelkonnan nelätõistkümmendämä aasta suvõl;Lavastused;Jupiter > Video > Saated > Lavastused;https://s.err.ee/photo/crop/2023/11/06/2138950h6149t5.jpg;https://services.err.ee/api/v2/series/getSeriesData?type=video
2026-05-27;1609151936;0;Võru kevad;Saated;Jupiter > Video > Saated;https://s.err.ee/photo/crop/2023/11/06/2138953h1ab4t5.jpg;https://services.err.ee/api/v2/series/getSeriesData?type=video
2026-05-27;1609153583;0;Teised kaldad;Saated;Jupiter > Video > Saated;https://s.err.ee/photo/crop/2023/11/03/2134867h34f7t5.jpg;https://services.err.ee/api/v2/series/getSeriesData?type=video
2026-05-27;1609155926;0;Las jääda kõik, mis hea;ETV2 saated;Jupiter > ETV2 saated;https://s.err.ee/photo/crop/2025/06/16/2901516hd0d0t5.jpg;https://services.err.ee/api/v2/series/getSeriesData?type=video
2026-05-27;1609155932;1729947000;Tõnise ja Mäe vahel;Filmid;ETV2 > Filmid;https://s.err.ee/photo/crop/2023/11/16/2152183hbe7et5.jpg;https://services.err.ee/api/v2/series/getSeriesData?type=video
2026-05-27;1609155938;1700435400;Kahe taadi lugu;Saated;ETV2 > Saated;https://s.err.ee/photo/crop/2023/11/15/2150782hb8bdt5.jpg;https://services.err.ee/api/v2/series/getSeriesData?type=video
2026-05-27;1609155941;1700314500;Tõnis Mägi 70;Portreesaated;ETV2 > Portreesaated;https://s.err.ee/photo/crop/2023/11/16/2152162ha21et5.jpg;https://services.err.ee/api/v2/series/getSeriesData?type=video
2026-05-27;1609156286;1763064000;Hingede torm;Filmid;ETV > Filmid;https://s.err.ee/photo/crop/2023/11/16/2152027hed13t5.jpg;https://services.err.ee/api/v2/series/getSeriesData?type=video
2026-05-27;1609156322;1756670100;Nostalgia;Filmid;ETV2 > Filmid;https://s.err.ee/photo/crop/2023/11/13/2149054h6179t5.jpg;https://services.err.ee/api/v2/series/getSeriesData?type=video
2026-05-27;1609156349;1700415000;Piljardi Eesti meistrivõistlused. 9-palli finaal;Sport;ETV2 > Sport;https://s.err.ee/photo/crop/2023/11/16/2152225h606et5.jpg;https://services.err.ee/api/v2/series/getSeriesData?type=video
2026-05-27;1609156724;1700316900;Elutants. Laulab Tõnis Mägi;Kontserdid ja muusika;Jupiter > Video > Saated > Kontserdid ja muusika;https://s.err.ee/photo/crop/2023/11/16/2152090h58d5t5.jpg;https://services.err.ee/api/v2/series/getSeriesData?type=video
2026-05-27;1609156739;1775823300;Puumad - jäiste mägede legendid;Dokumentaal;Jupiter > Video > Filmid > Dokumentaal;https://s.err.ee/photo/crop/2023/11/15/2150794ha7d6t5.jpg;https://services.err.ee/api/v2/series/getSeriesData?type=video
2026-05-27;1609157432;1719183600;Ummamuudu 25. sünnipäevapidu;Kontserdid ja muusika;Jupiter > Video > Saated > Kontserdid ja muusika;https://s.err.ee/photo/crop/2024/06/20/2443508h0e5at5.jpg;https://services.err.ee/api/v2/series/getSeriesData?type=video
2026-05-27;1609159787;1701030300;Kaks ansamblit;Meelelahutus;ETV2 > Meelelahutus;;https://services.err.ee/api/v2/series/getSeriesData?type=video
2026-05-27;1609159790;1708267800;Kuldne Trio;Meelelahutus;ETV2 > Meelelahutus;https://s.err.ee/photo/crop/2023/11/21/2158453hf85bt5.jpg;https://services.err.ee/api/v2/series/getSeriesData?type=video
2026-05-27;1609160210;0;Kahevõistluse MK etapid;Sport;ETV2 > Sport;https://s.err.ee/photo/crop/2024/11/25/2632630h835at5.jpg;https://services.err.ee/api/v2/series/getSeriesData?type=video
2026-05-27;1609160351;1701010200;Meie Arhanna;Saated;ETV2 > Saated;https://s.err.ee/photo/crop/2023/11/21/2158438h745at5.jpg;https://services.err.ee/api/v2/series/getSeriesData?type=video
2026-05-27;1609160357;1749848700;Babylon Pärnu ja Kristjan Järvi;Kultuur;ETV > Kultuur;https://s.err.ee/photo/crop/2023/11/22/2159434hbb10t5.jpg;https://services.err.ee/api/v2/series/getSeriesData?type=video
2026-05-27;1609161212;0;Metsik Vest;Saated;Jupiter > Video > Saated;https://s.err.ee/photo/crop/2023/11/22/2159608he852t5.jpg;https://services.err.ee/api/v2/series/getSeriesData?type=video
2026-05-27;1609161233;0;Maalilised Briti raudteed;Dokumentaal;Jupiter > Video > Filmid > Dokumentaal;https://s.err.ee/photo/crop/2023/12/15/2183926ha4bct5.jpg;https://services.err.ee/api/v2/series/getSeriesData?type=video
2026-05-27;1609166762;1701261000;Panen aga põsepuna palgele;Meelelahutus;ETV2 > Meelelahutus;https://s.err.ee/photo/crop/2023/11/27/2165254h619bt5.jpg;https://services.err.ee/api/v2/series/getSeriesData?type=video
2026-05-27;1609166786;1736028900;Rainer Sarneti nähtamatu võitlus;Dokumentaalid;ETV2 > Dokumentaalid;https://s.err.ee/photo/crop/2023/11/28/2167357h38c3t5.jpg;https://services.err.ee/api/v2/series/getSeriesData?type=video
2026-05-27;1609167131;1770585300;Tordidünastia;Filmid;ETV > Filmid;https://s.err.ee/photo/crop/2023/11/30/2169052he105t5.jpg;https://services.err.ee/api/v2/series/getSeriesData?type=video
2026-05-27;1609167263;1779276000;Abramovitš: oligarh Putini hõlma all;Dokumentaalid;ETV > Dokumentaalid;https://s.err.ee/photo/crop/2023/11/27/2164963h89e7t5.jpg;https://services.err.ee/api/v2/series/getSeriesData?type=video
2026-05-27;1609167281;1742214600;Arhanna ja Noorte Eurovisioon 2023;Meelelahutus;ETV > Meelelahutus;https://s.err.ee/photo/crop/2023/11/30/2168773h6ec1t5.jpg;https://services.err.ee/api/v2/series/getSeriesData?type=video
2026-05-27;1609167284;1701604800;Ühtekuuluvuskontsert. Mina olen olemas;Kontserdid;ETV2 > Kontserdid;https://s.err.ee/photo/crop/2023/11/30/2168887hce2ct5.jpg;https://services.err.ee/api/v2/series/getSeriesData?type=video
2026-05-27;1609171370;0;Piibli saladused;Dokumentaal;Jupiter > Video > Filmid > Dokumentaal;https://s.err.ee/photo/crop/2023/11/30/2168857h40bat5.jpg;https://services.err.ee/api/v2/series/getSeriesData?type=video
2026-05-27;1609173514;0;Tähtede seis. Eesti Laul 2024;Io noored;Jupiter > Video > Io noored;https://s.err.ee/photo/crop/2023/11/27/2164603h326dt5.jpg;https://services.err.ee/api/v2/series/getSeriesData?type=video
2026-05-27;1609173518;1766352900;Täiuslikud jõulud;Euroopa kino;Jupiter > Video > Filmid > Euroopa kino;https://s.err.ee/photo/crop/2023/12/20/2190187h0ebft5.jpg;https://services.err.ee/api/v2/series/getSeriesData?type=video
2026-05-27;1609173521;1776283200;Amundsen;Draama;Jupiter > Video > Filmid > Draama;https://s.err.ee/photo/crop/2025/12/03/3112734h3947t5.jpg;https://services.err.ee/api/v2/series/getSeriesData?type=video
2026-05-27;1609173536;1776533700;Solsidan;Komöödia;Jupiter > Video > Filmid > Komöödia;https://s.err.ee/photo/crop/2023/12/14/2182681hc068t5.jpg;https://services.err.ee/api/v2/series/getSeriesData?type=video
2026-05-27;1609174763;0;Tabamata ime;ETV2 saated;Jupiter > ETV2 saated;https://s.err.ee/photo/crop/2024/09/09/2539102h391ct5.jpg;https://services.err.ee/api/v2/series/getSeriesData?type=video
2026-05-27;1609174772;1702126800;Neli blondi ja neli brünetti;Meelelahutus;ETV2 > Meelelahutus;https://s.err.ee/photo/crop/2023/12/06/2174731hceaft5.jpg;https://services.err.ee/api/v2/series/getSeriesData?type=video
2026-05-27;1609174790;1769853300;Kevade Aafrikas;Saated;ETV2 > Saated;https://s.err.ee/photo/crop/2023/12/07/2175772h1281t5.jpg;https://services.err.ee/api/v2/series/getSeriesData?type=video
2026-05-27;1609175048;1741163400;Isad ja pojad;Draama;Jupiter > Video > Filmid > Draama;https://s.err.ee/photo/crop/2023/12/08/2177236h7258t5.jpg;https://services.err.ee/api/v2/series/getSeriesData?type=video
2026-05-27;1609175183;0;Legendaarsed kangelased;Dokumentaal;Jupiter > Video > Filmid > Dokumentaal;https://s.err.ee/photo/crop/2023/12/05/2173066hc1a1t5.jpg;https://services.err.ee/api/v2/series/getSeriesData?type=video
2026-05-27;1609175252;1702222200;Eesti arhitektuuripreemiad 2023;Saated;ETV > Saated;https://s.err.ee/photo/crop/2023/12/07/2175778h81f6t5.jpg;https://services.err.ee/api/v2/series/getSeriesData?type=video
2026-05-27;1609175255;0;Piirilinnus;Sarjad;ETV2 > Sarjad;https://s.err.ee/photo/crop/2023/12/04/2172430h24cft5.jpg;https://services.err.ee/api/v2/series/getSeriesData?type=video
2026-05-27;1609178543;0;Elukaaslased;Komöödia;Jupiter > Video > Sarjad > Komöödia;https://s.err.ee/photo/crop/2024/01/07/2205442h1cb8t5.jpg;https://services.err.ee/api/v2/series/getSeriesData?type=video
2026-05-27;1609179431;0;Tantsutüdrukud;Komöödia;Jupiter > Video > Sarjad > Komöödia;https://s.err.ee/photo/crop/2023/12/30/2199688h399et5.jpg;https://services.err.ee/api/v2/series/getSeriesData?type=video
2026-05-27;1609179521;0;Heino Eller. Quinta Essentia;Dokumentaal;Jupiter > Video > Filmid > Dokumentaal;https://s.err.ee/photo/crop/2024/03/05/2295705h84a3t5.jpg;https://services.err.ee/api/v2/series/getSeriesData?type=video
2026-05-27;1609179545;0;Meie maailma nurk. Lossi dekonstruktsioon nr 3;Dokumentaal;Jupiter > Video > Filmid > Dokumentaal;https://s.err.ee/photo/crop/2023/12/29/2199610he6b8t5.jpg;https://services.err.ee/api/v2/series/getSeriesData?type=video
2026-05-27;1609179566;0;Vennad Ernesaksad;Dokumentaal;Jupiter > Video > Filmid > Dokumentaal;https://s.err.ee/photo/crop/2023/12/26/2195845h1f42t5.jpg;https://services.err.ee/api/v2/series/getSeriesData?type=video
2026-05-27;1609180435;0;Kinomaja filmikooli lühifilmide paremik;Lühifilmid;Jupiter > Video > Filmid > Lühifilmid;https://s.err.ee/photo/crop/2023/12/01/2169685h517bt5.jpg;https://services.err.ee/api/v2/series/getSeriesData?type=video
2026-05-27;1609180442;1748175900;Rohelisem Tallinn;Dokumentaal;Jupiter > Video > Filmid > Dokumentaal;https://s.err.ee/photo/crop/2023/12/19/2188060h6a18t5.jpg;https://services.err.ee/api/v2/series/getSeriesData?type=video
2026-05-27;1609180544;0;Fragile. Nägemiseni laval;Dokumentaal;Jupiter > Video > Filmid > Dokumentaal;https://s.err.ee/photo/crop/2023/12/01/2169589h6c3et5.jpg;https://services.err.ee/api/v2/series/getSeriesData?type=video
2026-05-27;1609180721;0;ERSO stuudiotund;Kontserdid ja muusika;Jupiter > Video > Saated > Kontserdid ja muusika;https://s.err.ee/photo/crop/2023/12/12/2181352h6e45t5.jpg;https://services.err.ee/api/v2/series/getSeriesData?type=video
2026-05-27;1609180736;1737241500;Telelavastus. Kallima naeratus;Lavastused;ETV2 > Lavastused;https://s.err.ee/photo/crop/2020/07/01/793109h858ct5.jpg;https://services.err.ee/api/v2/series/getSeriesData?type=video
2026-05-27;1609180739;0;Rahvusmeeskoor 60;Saated;Jupiter > Video > Saated;https://s.err.ee/photo/crop/2023/12/11/2180242h106et5.jpg;https://services.err.ee/api/v2/series/getSeriesData?type=video
2026-05-27;1609180751;1760891700;Presidendi kõne;Meelelahutus;ETV2 > Meelelahutus;https://s.err.ee/photo/crop/2023/12/15/2183920h0476t5.jpg;https://services.err.ee/api/v2/series/getSeriesData?type=video
2026-05-27;1609184108;1735024500;Tom Kerridge'i jõululaud;Dokumentaal;Jupiter > Video > Filmid > Dokumentaal;https://s.err.ee/photo/crop/2023/12/15/2183659haf7ft5.jpg;https://services.err.ee/api/v2/series/getSeriesData?type=video
2026-05-27;1609185548;0;Pas de deux balletist Pähklipureja;Lavastused;Jupiter > Video > Saated > Lavastused;https://s.err.ee/photo/crop/2023/12/15/2183935h9cb8t5.jpg;https://services.err.ee/api/v2/series/getSeriesData?type=video
2026-05-27;1609185551;0;Rahel Olbrei 100;Saated;Jupiter > Video > Saated;https://s.err.ee/photo/crop/2023/12/11/2180410h5214t5.jpg;https://services.err.ee/api/v2/series/getSeriesData?type=video
2026-05-27;1609185569;0;Arhitekt Robert Natus;Saated;Jupiter > Video > Saated;https://s.err.ee/photo/crop/2023/12/11/2180377h83fat5.jpg;https://services.err.ee/api/v2/series/getSeriesData?type=video
2026-05-27;1609185581;0;Idée fixe;Saated;Jupiter > Video > Saated;https://s.err.ee/photo/crop/2023/12/18/2187991h9dd6t5.jpg;https://services.err.ee/api/v2/series/getSeriesData?type=video
2026-05-27;1609185653;0;Edgar Johan Kuusik;Saated;Jupiter > Video > Saated;https://s.err.ee/photo/crop/2023/12/18/2187994h4d09t5.jpg;https://services.err.ee/api/v2/series/getSeriesData?type=video
2026-05-27;1609185686;1757934600;Arhitekt;Dokumentaal;Jupiter > Video > Filmid > Dokumentaal;https://s.err.ee/photo/crop/2024/01/30/2235645h73b1t5.jpg;https://services.err.ee/api/v2/series/getSeriesData?type=video
2026-05-27;1609185698;0;Ma laulaks seda luguda;Saated;Jupiter > Video > Saated;https://s.err.ee/photo/crop/2023/12/12/2181025h3e9dt5.jpg;https://services.err.ee/api/v2/series/getSeriesData?type=video
2026-05-27;1609186448;0;Teatrietendus. Cinzano;Lavastused;Jupiter > Video > Saated > Lavastused;https://s.err.ee/photo/crop/2023/12/12/2181163h42d3t5.jpg;https://services.err.ee/api/v2/series/getSeriesData?type=video
2026-05-27;1609186454;0;Helisev muusika;Lavastused;Jupiter > Video > Saated > Lavastused;https://s.err.ee/photo/crop/2024/01/02/2201222h47d8t5.jpg;https://services.err.ee/api/v2/series/getSeriesData?type=video
2026-05-27;1609186466;0;Telelavastus. Püha öö, üksildusöö;Lavastused;Jupiter > Video > Saated > Lavastused;https://s.err.ee/photo/crop/2023/12/18/2187988h855bt5.jpg;https://services.err.ee/api/v2/series/getSeriesData?type=video
2026-05-27;1609187828;1702985100;Ellerhein Toomkirikus;Kontserdid;ETV2 > Kontserdid;https://s.err.ee/photo/crop/2023/12/18/2187967hc2a9t5.jpg;https://services.err.ee/api/v2/series/getSeriesData?type=video
2026-05-27;1609187831;1702929600;Dirigendiks loodud. Tiia-Ester Loitme;Portreesaated;ETV2 > Portreesaated;https://s.err.ee/photo/crop/2023/12/18/2187553h9c5dt5.jpg;https://services.err.ee/api/v2/series/getSeriesData?type=video
2026-05-27;1609187834;0;Pöörane soolikas;Lavastused;Jupiter > Video > Saated > Lavastused;https://s.err.ee/photo/crop/2023/12/22/2192788h19b4t5.jpg;https://services.err.ee/api/v2/series/getSeriesData?type=video
2026-05-27;1609187846;0;Üdiklubi muusikakokteil;Kontserdid;ETV2 > Kontserdid;;https://services.err.ee/api/v2/series/getSeriesData?type=video
2026-05-27;1609187852;1702980300;Muusikaelu: Ellerhein;Saated;ETV2 > Saated;https://s.err.ee/photo/crop/2023/12/18/2187964h42b1t5.jpg;https://services.err.ee/api/v2/series/getSeriesData?type=video
2026-05-27;1609187855;1702979700;Väärtus elutööle: Tiia-Ester Loitme;Portreesaated;ETV2 > Portreesaated;https://s.err.ee/photo/crop/2023/12/18/2187961hd246t5.jpg;https://services.err.ee/api/v2/series/getSeriesData?type=video
2026-05-27;1609187861;1766394120;Jõulud läbi aja;Saated;ETV2 > Saated;https://s.err.ee/photo/crop/2023/12/18/2188021h6d3ft5.jpg;https://services.err.ee/api/v2/series/getSeriesData?type=video
2026-05-27;1609188068;1735220700;Pühademuusika. Koikson / Eplik / Võigemast;Kultuur;ETV > Kultuur;https://s.err.ee/photo/crop/2023/12/19/2188294h48d0t5.jpg;https://services.err.ee/api/v2/series/getSeriesData?type=video
2026-05-27;1609188095;1766443500;Winny Puhh. Kuuselõhna täis on tuba;Kontserdid;ETV2 > Kontserdid;https://s.err.ee/photo/crop/2023/12/19/2189050hba08t5.jpg;https://services.err.ee/api/v2/series/getSeriesData?type=video
2026-05-27;1609188215;0;Ada. Rääkimata lugu;Meelelahutus;ETV > Meelelahutus;https://s.err.ee/photo/crop/2023/12/26/2196034h292bt5.jpg;https://services.err.ee/api/v2/series/getSeriesData?type=video
2026-05-27;1609188284;1773416700;Suust suhu. Muusikamäng;Meelelahutus;ETV > Meelelahutus;https://s.err.ee/photo/crop/2023/12/20/2190157h3790t5.jpg;https://services.err.ee/api/v2/series/getSeriesData?type=video
2026-05-27;1609188287;0;Kinoteatri õhtune vöönd;Saated;Jupiter > Video > Saated;https://s.err.ee/photo/crop/2023/12/18/2187547h9e72t5.jpg;https://services.err.ee/api/v2/series/getSeriesData?type=video
2026-05-27;1609188305;1703426400;Jõuluõhtu jumalateenistus Viljandi Jaani kirikus;Saated;ETV > Saated;https://s.err.ee/photo/crop/2023/12/21/2192710h1b4bt5.jpg;https://services.err.ee/api/v2/series/getSeriesData?type=video
2026-05-27;1609188311;1766929200;Piiritult maitsvad pühad;Elusaated;ETV > Elusaated;https://s.err.ee/photo/crop/2023/12/21/2192707h77cft5.jpg;https://services.err.ee/api/v2/series/getSeriesData?type=video
2026-05-27;1609188335;1766692800;Jõuluks koju;Filmid;ETV > Filmid;https://s.err.ee/photo/crop/2024/12/23/2668108h7a09t5.jpg;https://services.err.ee/api/v2/series/getSeriesData?type=video
2026-05-27;1609188338;1766575800;Topelt rõõm;Elusaated;ETV > Elusaated;https://s.err.ee/photo/crop/2024/12/23/2668225hc8eat5.jpg;https://services.err.ee/api/v2/series/getSeriesData?type=video
2026-05-27;1609188341;1703437200;Jõulud ETVga;Soovitame;ETV > Soovitame;https://s.err.ee/photo/crop/2023/12/21/2192770haa4ft5.jpg;https://services.err.ee/api/v2/series/getSeriesData?type=video
2026-05-27;1609188350;1766648700;Tanel ja kanad. Jõulud Sõrvemaal;Saated;ETV > Saated;https://s.err.ee/photo/crop/2023/12/21/2192713h9cact5.jpg;https://services.err.ee/api/v2/series/getSeriesData?type=video
2026-05-27;1609188359;0;Õnnis pühadeaeg: jõulud kino- ja teleekraanil;Dokumentaalid;ETV2 > Dokumentaalid;https://s.err.ee/photo/crop/2023/12/21/2192755h8ecet5.jpg;https://services.err.ee/api/v2/series/getSeriesData?type=video
2026-05-27;1609188988;0;Eesti Laul 2024. Etteasted ja muusikavideod;Kontserdid ja muusika;Jupiter > Video > Saated > Kontserdid ja muusika;https://s.err.ee/photo/crop/2024/01/19/2221431hcf32t5.jpg;https://services.err.ee/api/v2/series/getSeriesData?type=video
2026-05-27;1609191266;0;Jõulud Inglismaa aadlimõisates;Dokumentaal;Jupiter > Video > Filmid > Dokumentaal;https://s.err.ee/photo/crop/2023/12/29/2198914h4245t5.jpg;https://services.err.ee/api/v2/series/getSeriesData?type=video
2026-05-27;1609191284;1766908800;Maalilised Briti raudteed jõuluajal;Dokumentaal;Jupiter > Video > Filmid > Dokumentaal;https://s.err.ee/photo/crop/2023/12/26/2196118h8b8ft5.jpg;https://services.err.ee/api/v2/series/getSeriesData?type=video
2026-05-27;1609191287;1703368200;Maailma parim lennujaam;Dokumentaal;Jupiter > Video > Filmid > Dokumentaal;https://s.err.ee/photo/crop/2023/12/19/2189026h1ff1t5.jpg;https://services.err.ee/api/v2/series/getSeriesData?type=video
2026-05-27;1609192274;0;Telelavastus. Ma armastasin sakslast;Lavastused;Jupiter > Video > Saated > Lavastused;https://s.err.ee/photo/crop/2024/01/11/2210424h8e6dt5.jpg;https://services.err.ee/api/v2/series/getSeriesData?type=video
2026-05-27;1609192337;0;Tallinn täis muusikat;Jupiter;Jupiter;https://s.err.ee/photo/crop/2023/12/22/2193328hc37ct5.jpg;https://services.err.ee/api/v2/series/getSeriesData?type=video
2026-05-27;1609192400;0;Vana-aastaõhtu kontsert;Kontserdid ja muusika;Jupiter > Video > Saated > Kontserdid ja muusika;https://s.err.ee/photo/crop/2023/12/27/2196532hb7d7t5.jpg;https://services.err.ee/api/v2/series/getSeriesData?type=video
2026-05-27;1609193216;0;Archie;Draama;Jupiter > Video > Sarjad > Draama;https://s.err.ee/photo/crop/2024/02/29/2286636hf95ft5.jpg;https://services.err.ee/api/v2/series/getSeriesData?type=video
2026-05-27;1609193240;0;Sherwood;Krimi;Jupiter > Video > Sarjad > Krimi;https://s.err.ee/photo/crop/2024/01/26/2230227hea85t5.jpg;https://services.err.ee/api/v2/series/getSeriesData?type=video
2026-05-27;1609193288;0;Sina ja mina;Draama;Jupiter > Video > Sarjad > Draama;https://s.err.ee/photo/crop/2024/02/06/2248137h9ab0t5.jpg;https://services.err.ee/api/v2/series/getSeriesData?type=video
2026-05-27;1609193600;0;Kes tappis Otto Mülleri?;Krimi;Jupiter > Video > Sarjad > Krimi;https://s.err.ee/photo/crop/2024/04/29/2374554h0d9et5.jpg;https://services.err.ee/api/v2/series/getSeriesData?type=video
2026-05-27;1609193681;1775202300;Vetelkõndija;Dokumentaal;Jupiter > Video > Filmid > Dokumentaal;https://s.err.ee/photo/crop/2023/12/19/2188057hcbdct5.jpg;https://services.err.ee/api/v2/series/getSeriesData?type=video
2026-05-27;1609193684;1774823100;Neidsaare hoo peal;Dokumentaal;Jupiter > Video > Filmid > Dokumentaal;https://s.err.ee/photo/crop/2023/12/29/2198719h1803t5.jpg;https://services.err.ee/api/v2/series/getSeriesData?type=video
2026-05-27;1609194503;1737315600;Uurimusfilm doktor Enn Vetemaa märkmeraamatute põhjal. Eesti näkid;Saated;ETV2 > Saated;https://s.err.ee/photo/crop/2023/12/29/2198971h7c88t5.jpg;https://services.err.ee/api/v2/series/getSeriesData?type=video
2026-05-27;1609194509;1723674900;Tulge meiega!;Kontserdid;ETV2 > Kontserdid;https://s.err.ee/photo/crop/2023/12/28/2197867h7444t5.jpg;https://services.err.ee/api/v2/series/getSeriesData?type=video
2026-05-27;1609194512;0;Päkapikudisko;Meelelahutus;ETV2 > Meelelahutus;https://s.err.ee/photo/crop/2023/12/29/2199127h94bct5.jpg;https://services.err.ee/api/v2/series/getSeriesData?type=video
2026-05-27;1609194521;1703975100;Kolm õde ehk Killer tšikid;Meelelahutus;ETV2 > Meelelahutus;https://s.err.ee/photo/crop/2023/12/29/2198974h4e5ft5.jpg;https://services.err.ee/api/v2/series/getSeriesData?type=video
2026-05-27;1609194524;1766571600;Jõulukontsert Nigulistes;Meelelahutus;ETV > Meelelahutus;https://s.err.ee/photo/crop/2023/12/26/2196061hd29et5.jpg;https://services.err.ee/api/v2/series/getSeriesData?type=video
2026-05-27;1609194527;1779875400;Jumalaga rock'n'roll;Dokumentaalid;ETV > Dokumentaalid;https://s.err.ee/photo/crop/2023/12/28/2197174h944at5.jpg;https://services.err.ee/api/v2/series/getSeriesData?type=video
2026-05-27;1609194653;1719178200;Rock Hotel ja Tanel Padar, Ott Lepland ning Robert Linna;Meelelahutus;ETV > Meelelahutus;https://s.err.ee/photo/crop/2024/06/17/2440229h790ct5.jpg;https://services.err.ee/api/v2/series/getSeriesData?type=video
2026-05-27;1609194689;1735981200;Vendade Grimmide muinasjutumets;Dokumentaalid;ETV > Dokumentaalid;https://s.err.ee/photo/crop/2023/12/26/2196091h00d5t5.jpg;https://services.err.ee/api/v2/series/getSeriesData?type=video
2026-05-27;1609194695;1767248400;Vitamiin kui vikerkaar;Kultuur;ETV > Kultuur;https://s.err.ee/photo/crop/2023/12/30/2199808h2502t5.jpg;https://services.err.ee/api/v2/series/getSeriesData?type=video
2026-05-27;1609194698;1703502300;Kihnu naine 50;Dokumentaalid;ETV2 > Dokumentaalid;https://s.err.ee/photo/crop/2023/12/26/2195854hd4d9t5.jpg;https://services.err.ee/api/v2/series/getSeriesData?type=video
2026-05-27;1609194710;1704043800;Suur aastalõpuviktoriin 2023;Meelelahutus;ETV > Meelelahutus;https://s.err.ee/photo/crop/2023/12/29/2199037h43det5.jpg;https://services.err.ee/api/v2/series/getSeriesData?type=video
2026-05-27;1609194728;1775997000;Kosmosest Eestisse. Astronaut Nicole Aunapu Mann;Portreesaated;ETV > Portreesaated;https://s.err.ee/photo/crop/2023/12/28/2197216h75d7t5.jpg;https://services.err.ee/api/v2/series/getSeriesData?type=video
2026-05-27;1609194740;1737809100;Tennisesajand;Sport;ETV > Sport;https://s.err.ee/photo/crop/2024/03/12/2304546h8d14t5.jpg;https://services.err.ee/api/v2/series/getSeriesData?type=video
2026-05-27;1609194749;1703502000;Esimese jõulupüha jumalateenistus Tallinna adventkirikus;Saated;ETV > Saated;https://s.err.ee/photo/crop/2023/12/26/2195848hef16t5.jpg;https://services.err.ee/api/v2/series/getSeriesData?type=video
2026-05-27;1609194812;1704059400;Eesti Vabariigi presidendi uusaastatervitus 2023;Saated;ETV > Saated;https://s.err.ee/photo/crop/2023/12/29/2199112hedb7t5.jpg;https://services.err.ee/api/v2/series/getSeriesData?type=video
2026-05-27;1609194818;1704059400;Eesti Vabariigi presidendi uusaastatervitus (viipekeelse tõlkega);Saated;ETV2 > Saated;https://s.err.ee/photo/crop/2023/12/29/2199109heffat5.jpg;https://services.err.ee/api/v2/series/getSeriesData?type=video
2026-05-27;1609194821;1711691100;Lembit Peterson. Elu kutse;Portreesaated;ETV > Portreesaated;https://s.err.ee/photo/crop/2023/12/26/2196157h482ft5.jpg;https://services.err.ee/api/v2/series/getSeriesData?type=video
2026-05-27;1609194824;0;Kolm meest ja naine;Jupiter;Jupiter;https://s.err.ee/photo/crop/2023/12/29/2199031h4990t5.jpg;https://services.err.ee/api/v2/series/getSeriesData?type=video
2026-05-27;1609194830;1703791800;Intervjuu president Alar Karisega 2023;Saated;ETV > Saated;https://s.err.ee/photo/crop/2023/12/28/2197765h723ft5.jpg;https://services.err.ee/api/v2/series/getSeriesData?type=video
2026-05-27;1609194854;1703950500;Õnne, Raimond!;Kultuur;ETV > Kultuur;https://s.err.ee/photo/crop/2023/12/29/2198932ha77ft5.jpg;https://services.err.ee/api/v2/series/getSeriesData?type=video
2026-05-27;1609194857;0;Elu võimalikkusest maal;Komöödia;Jupiter > Video > Sarjad > Komöödia;https://s.err.ee/photo/crop/2024/03/18/2312601hd574t5.jpg;https://services.err.ee/api/v2/series/getSeriesData?type=video
2026-05-27;1609194866;1735347900;Wolfredt ja VHK Keelpilliorkester;Kontserdid;ETV2 > Kontserdid;https://s.err.ee/photo/crop/2023/12/26/2196043h76c6t5.jpg;https://services.err.ee/api/v2/series/getSeriesData?type=video
2026-05-27;1609194872;1731797700;R2AH. 30 aastat hitte;Kultuur;ETV2 > Kultuur;https://s.err.ee/photo/crop/2023/12/26/2196154h75b9t5.jpg;https://services.err.ee/api/v2/series/getSeriesData?type=video
2026-05-27;1609194881;1706700600;Kohtumised maailmalavadel. Paavo Järvi, Annely Peebo ja Eesti Festivaliorkester;Kultuur;ETV > Kultuur;https://s.err.ee/photo/crop/2023/12/28/2197408h94ddt5.jpg;https://services.err.ee/api/v2/series/getSeriesData?type=video
2026-05-27;1609194884;1748068200;Legende täis Estonia;Kultuur;ETV > Kultuur;https://s.err.ee/photo/crop/2023/12/28/2197330heb91t5.jpg;https://services.err.ee/api/v2/series/getSeriesData?type=video
2026-05-27;1609194887;0;Viis lugu;Kontserdid ja muusika;Jupiter > Video > Saated > Kontserdid ja muusika;https://s.err.ee/photo/crop/2024/03/18/2312598he8a5t5.jpg;https://services.err.ee/api/v2/series/getSeriesData?type=video
2026-05-27;1609194914;1705234500;TV Faktor;Meelelahutus;ETV > Meelelahutus;https://s.err.ee/photo/crop/2023/12/29/2199088hd335t5.jpg;https://services.err.ee/api/v2/series/getSeriesData?type=video
2026-05-27;1609194917;1704058200;Soovid, soovid, soovid!;Saated;ETV > Saated;https://s.err.ee/photo/crop/2023/12/29/2199136h3220t5.jpg;https://services.err.ee/api/v2/series/getSeriesData?type=video
2026-05-27;1609194920;1740837600;Räimerahvas. nublik live;Meelelahutus;ETV > Meelelahutus;https://s.err.ee/photo/crop/2023/12/29/2199028h57edt5.jpg;https://services.err.ee/api/v2/series/getSeriesData?type=video
2026-05-27;1609196102;0;Teisel pool pidalitõbe;Dokumentaal;Jupiter > Video > Filmid > Dokumentaal;https://s.err.ee/photo/crop/2023/12/28/2197165h0204t5.jpg;https://services.err.ee/api/v2/series/getSeriesData?type=video
2026-05-27;1609196114;0;Tummfilm kurdist tüdrukust;Dokumentaal;Jupiter > Video > Filmid > Dokumentaal;https://s.err.ee/photo/crop/2023/12/28/2197192h76d2t5.jpg;https://services.err.ee/api/v2/series/getSeriesData?type=video
2026-05-27;1609196117;0;Ilusad inimesed;Dokumentaal;Jupiter > Video > Filmid > Dokumentaal;https://s.err.ee/photo/crop/2023/12/28/2197171hf4d0t5.jpg;https://services.err.ee/api/v2/series/getSeriesData?type=video
2026-05-27;1609198958;1777575600;Ma armastan oma isa;Hollywood;Jupiter > Video > Filmid > Hollywood;https://s.err.ee/photo/crop/2024/01/29/2234649hbf7ct5.jpg;https://services.err.ee/api/v2/series/getSeriesData?type=video
2026-05-27;1609200119;1741305900;Otseülekanne noortepeolt;ETV2 saated;Jupiter > ETV2 saated;https://s.err.ee/photo/crop/2025/02/28/2763221h3e7at5.jpg;https://services.err.ee/api/v2/series/getSeriesData?type=video
2026-05-27;1609200122;0;Mõttemaal;ETV2 saated;Jupiter > ETV2 saated;https://s.err.ee/photo/crop/2024/01/04/2203180h1da3t5.jpg;https://services.err.ee/api/v2/series/getSeriesData?type=video
2026-05-27;1609200131;1704405000;Welcome To Estonia ehk kellest saab au-eestlane?;Meelelahutus;ETV2 > Meelelahutus;https://s.err.ee/photo/crop/2024/01/02/2200649h9333t5.jpg;https://services.err.ee/api/v2/series/getSeriesData?type=video
2026-05-27;1609200134;1772886600;Metsa poole;Dokumentaalid;ETV2 > Dokumentaalid;https://s.err.ee/photo/crop/2024/01/04/2203072h5037t5.jpg;https://services.err.ee/api/v2/series/getSeriesData?type=video
2026-05-27;1609200143;1780824900;Neeme Järvi. Muusika üle kõige;Dokumentaalid;ETV > Dokumentaalid;https://s.err.ee/photo/crop/2024/01/02/2200514hfdf4t5.jpg;https://services.err.ee/api/v2/series/getSeriesData?type=video
2026-05-27;1609200200;1704318600;Justareklaami klubiment;Kontserdid;ETV2 > Kontserdid;https://s.err.ee/photo/crop/2024/01/02/2200616h3aaat5.jpg;https://services.err.ee/api/v2/series/getSeriesData?type=video
2026-05-27;1609200221;0;Ussisõdalased;Jupiter;Jupiter;https://s.err.ee/photo/crop/2024/01/04/2203102h4f8at5.jpg;https://services.err.ee/api/v2/series/getSeriesData?type=video
2026-05-27;1609200233;1772972400;Rinnahoidja lugu;Dokumentaalid;ETV2 > Dokumentaalid;https://s.err.ee/photo/crop/2023/12/30/2199709h1995t5.jpg;https://services.err.ee/api/v2/series/getSeriesData?type=video
2026-05-27;1609200356;1704128700;Eesti Kontserdi ja Rémy Martin'i Uusaastakontsert;Kultuur;ETV > Kultuur;https://s.err.ee/photo/crop/2023/12/29/2199625hfc5ft5.jpg;https://services.err.ee/api/v2/series/getSeriesData?type=video
2026-05-27;1609200365;1763640600;Kõmrimaa kutse;Kultuur;ETV2 > Kultuur;https://s.err.ee/photo/crop/2024/01/04/2202721hf8cbt5.jpg;https://services.err.ee/api/v2/series/getSeriesData?type=video
2026-05-27;1609200368;1704136200;Riigikogu esimehe uusaastatervitus;Saated;ETV > Saated;https://s.err.ee/photo/crop/2024/01/02/2200433h2db6t5.jpg;https://services.err.ee/api/v2/series/getSeriesData?type=video
2026-05-27;1609200374;1704130200;Riigikogu esimehe uusaastatervitus (viipekeelse tõlkega);Saated;ETV2 > Saated;https://s.err.ee/photo/crop/2023/12/29/2199601h9b72t5.jpg;https://services.err.ee/api/v2/series/getSeriesData?type=video
2026-05-27;1609201865;0;Ükskord laupäeval;Komöödia;Jupiter > Video > Sarjad > Komöödia;https://s.err.ee/photo/crop/2024/01/16/2216490h05b5t5.jpg;https://services.err.ee/api/v2/series/getSeriesData?type=video
2026-05-27;1609203170;0;Soovide nimekiri;Draama;Jupiter > Video > Sarjad > Draama;https://s.err.ee/photo/crop/2024/01/02/2200703hee3ct5.jpg;https://services.err.ee/api/v2/series/getSeriesData?type=video
2026-05-27;1609203194;0;Raymond Blanci lihtsad toidud;Dokumentaal;Jupiter > Video > Filmid > Dokumentaal;https://s.err.ee/photo/crop/2024/07/01/2458883hb28ft5.jpg;https://services.err.ee/api/v2/series/getSeriesData?type=video
2026-05-27;1609203263;0;Maailm linnulennult;Dokumentaal;Jupiter > Video > Filmid > Dokumentaal;https://s.err.ee/photo/crop/2024/01/04/2202979h7bfft5.jpg;https://services.err.ee/api/v2/series/getSeriesData?type=video
2026-05-27;1609206434;1705188000;Georges Brassens'i laulud;Kultuur;ETV2 > Kultuur;https://s.err.ee/photo/crop/2024/01/10/2209126he41et5.jpg;https://services.err.ee/api/v2/series/getSeriesData?type=video
2026-05-27;1609206437;1737848700;Telelavastus. McGregori juhtum;Filmid;ETV2 > Filmid;https://s.err.ee/photo/crop/2024/01/04/2203189hac53t5.jpg;https://services.err.ee/api/v2/series/getSeriesData?type=video
2026-05-27;1609206461;1768677600;Patti Smith;Dokumentaalid;ETV2 > Dokumentaalid;https://s.err.ee/photo/crop/2024/01/04/2203198hd68at5.jpg;https://services.err.ee/api/v2/series/getSeriesData?type=video
2026-05-27;1609206638;0;Segasummasuvila ratastel;Saated;Jupiter > Video > Saated;https://s.err.ee/photo/crop/2025/01/02/2678314hfc3ct5.jpg;https://services.err.ee/api/v2/series/getSeriesData?type=video
2026-05-27;1609209947;1744793100;Intervjuu Taani kuninganna Margrethe II-ga;Portreesaated;ETV > Portreesaated;https://s.err.ee/photo/crop/2024/01/10/2209096h4894t5.jpg;https://services.err.ee/api/v2/series/getSeriesData?type=video
2026-05-27;1609211714;1744968600;Kloostriga seotud;Dokumentaal;Jupiter > Video > Filmid > Dokumentaal;https://s.err.ee/photo/crop/2024/01/22/2226015hff23t5.jpg;https://services.err.ee/api/v2/series/getSeriesData?type=video
2026-05-27;1609212032;1705878300;Missioon;Lavastused;ETV2 > Lavastused;https://s.err.ee/photo/crop/2024/01/19/2221788hccf1t5.jpg;https://services.err.ee/api/v2/series/getSeriesData?type=video
2026-05-27;1609212041;1705870200;Mäng;Lavastused;ETV2 > Lavastused;https://s.err.ee/photo/crop/2024/01/19/2221740h04d6t5.jpg;https://services.err.ee/api/v2/series/getSeriesData?type=video
2026-05-27;1609212047;1705866900;Laulab Tõnu Aav;Kultuur;ETV2 > Kultuur;https://s.err.ee/photo/crop/2024/01/19/2221722h0652t5.jpg;https://services.err.ee/api/v2/series/getSeriesData?type=video
2026-05-27;1609212116;0;Kirjanike radadel Richard E. Grantiga;Dokumentaal;Jupiter > Video > Filmid > Dokumentaal;https://s.err.ee/photo/crop/2024/01/16/2216559h4157t5.jpg;https://services.err.ee/api/v2/series/getSeriesData?type=video
2026-05-27;1609212512;1731875100;Eesti Laul 2024. Euroopa Kultuuripealinnas Tartus;Kultuur;ETV > Kultuur;https://s.err.ee/photo/crop/2024/01/18/2219244h3dd1t5.jpg;https://services.err.ee/api/v2/series/getSeriesData?type=video
2026-05-27;1609213265;0;Maitserännak Eestimaal;Saated;Jupiter > Video > Saated;https://s.err.ee/photo/crop/2025/01/07/2681197hcb39t5.jpg;https://services.err.ee/api/v2/series/getSeriesData?type=video
2026-05-27;1609213424;1767376800;Jääkaru;Dokumentaal;Jupiter > Video > Filmid > Dokumentaal;https://s.err.ee/photo/crop/2024/01/19/2221794he22ft5.jpg;https://services.err.ee/api/v2/series/getSeriesData?type=video
2026-05-27;1609218152;1704959700;Ukraina stuudio. Päev president Volodõmõr Zelenskiga;Saated;ETV > Saated;https://s.err.ee/photo/crop/2025/04/13/2822117hdef3t5.jpg;https://services.err.ee/api/v2/series/getSeriesData?type=video
2026-05-27;1609218740;0;Aja kõlad;Saated;Jupiter > Video > Saated;https://s.err.ee/photo/crop/2024/01/29/2234634hb572t5.jpg;https://services.err.ee/api/v2/series/getSeriesData?type=video
2026-05-27;1609218764;1708029000;Superkoomik;Draama;Jupiter > Video > Filmid > Draama;https://s.err.ee/photo/crop/2024/01/29/2234643he122t5.jpg;https://services.err.ee/api/v2/series/getSeriesData?type=video
2026-05-27;1609219268;1773608100;Ära jäta mind maha;Lavastused;ETV2 > Lavastused;https://s.err.ee/photo/crop/2024/01/26/2230203h74fct5.jpg;https://services.err.ee/api/v2/series/getSeriesData?type=video
2026-05-27;1609219274;0;Luuleteater;ETV2 saated;Jupiter > ETV2 saated;https://s.err.ee/photo/crop/2024/01/22/2226075h365et5.jpg;https://services.err.ee/api/v2/series/getSeriesData?type=video
2026-05-27;1609219280;1706444100;Talveingel;Kultuur;ETV2 > Kultuur;https://s.err.ee/photo/crop/2024/01/26/2230248hb4ect5.jpg;https://services.err.ee/api/v2/series/getSeriesData?type=video
2026-05-27;1609219283;0;Mitu muusat;Kultuur;ETV2 > Kultuur;https://s.err.ee/photo/crop/2024/01/26/2230329h114ft5.jpg;https://services.err.ee/api/v2/series/getSeriesData?type=video
2026-05-27;1609219289;1706449500;Hüvasti, suvi!;Kultuur;ETV2 > Kultuur;https://s.err.ee/photo/crop/2024/01/26/2230326hd288t5.jpg;https://services.err.ee/api/v2/series/getSeriesData?type=video
2026-05-27;1609219292;0;Eesti nüüdiskunst;Saated;Jupiter > Video > Saated;https://s.err.ee/photo/crop/2024/01/26/2230263h8146t5.jpg;https://services.err.ee/api/v2/series/getSeriesData?type=video
2026-05-27;1609219580;1706288400;Tartu 2024. Kõik on kokku üks;Kultuur;ETV > Kultuur;https://s.err.ee/photo/crop/2024/01/23/2227233h7fc5t5.jpg;https://services.err.ee/api/v2/series/getSeriesData?type=video
2026-05-27;1609220513;0;Agatha Christie Hjerson;Krimi;Jupiter > Video > Sarjad > Krimi;https://s.err.ee/photo/crop/2024/01/22/2225322h8664t5.jpg;https://services.err.ee/api/v2/series/getSeriesData?type=video
2026-05-27;1609220570;1769869500;Lootuse viiulid;Dokumentaal;Jupiter > Video > Filmid > Dokumentaal;https://s.err.ee/photo/crop/2024/01/23/2227263h0ac4t5.jpg;https://services.err.ee/api/v2/series/getSeriesData?type=video
2026-05-27;1609224059;0;Poliitikamehed 1989;Jupiter;Jupiter;https://s.err.ee/photo/crop/2024/01/17/2218764hd62ct5.jpg;https://services.err.ee/api/v2/series/getSeriesData?type=video
2026-05-27;1609225928;1706877900;Massachusetts avenüü 2131;Elu - ja haridusssaated;ETV2 > Elu - ja haridusssaated;https://s.err.ee/photo/crop/2024/02/01/2237706hc912t5.jpg;https://services.err.ee/api/v2/series/getSeriesData?type=video
2026-05-27;1609226201;1773513300;Parfüümid;Filmid;ETV > Filmid;https://s.err.ee/photo/crop/2024/02/01/2238447hcf8at5.jpg;https://services.err.ee/api/v2/series/getSeriesData?type=video
2026-05-27;1609226411;1706902200;Eesti diplomaatia. Tartu rahu 104;Saated;ETV2 > Saated;https://s.err.ee/photo/crop/2024/02/01/2237712h9357t5.jpg;https://services.err.ee/api/v2/series/getSeriesData?type=video
2026-05-27;1609229381;1751124900;Lapsepõlv Gobi kõrbe liivaluidetes;Dokumentaal;Jupiter > Video > Filmid > Dokumentaal;https://s.err.ee/photo/crop/2024/02/01/2238126h9fe7t5.jpg;https://services.err.ee/api/v2/series/getSeriesData?type=video
2026-05-27;1609229591;1750529400;Kangelase naasmine;Komöödia;Jupiter > Video > Filmid > Komöödia;https://s.err.ee/photo/crop/2024/02/01/2238180hf0f9t5.jpg;https://services.err.ee/api/v2/series/getSeriesData?type=video
2026-05-27;1609231671;0;Eesti Laul 2024;Kontserdid ja muusika;Jupiter > Video > Saated > Kontserdid ja muusika;https://s.err.ee/photo/crop/2024/01/16/2216070h6fd1t5.jpg;https://services.err.ee/api/v2/series/getSeriesData?type=video
2026-05-27;1609232751;1706288220;Tartu 2024. Kõik on kokku üks. Eesti viipekeeles;Saated;Jupiter > Video > Saated;https://s.err.ee/photo/crop/2024/01/23/2227230h4045t5.jpg;https://services.err.ee/api/v2/series/getSeriesData?type=video
2026-05-27;1609233101;1707677100;Andke neile andeks;Lavastused;ETV2 > Lavastused;https://s.err.ee/photo/crop/2024/02/11/2254983he67ft5.jpg;https://services.err.ee/api/v2/series/getSeriesData?type=video
2026-05-27;1609233107;1778430600;Intermezzo;Lavastused;ETV2 > Lavastused;https://s.err.ee/photo/crop/2024/02/11/2254965h3ea5t5.jpg;https://services.err.ee/api/v2/series/getSeriesData?type=video
2026-05-27;1609233128;1707336300;Põrgu katlakütja;Dokumentaalid;ETV > Dokumentaalid;https://s.err.ee/photo/crop/2024/02/06/2248140hac22t5.jpg;https://services.err.ee/api/v2/series/getSeriesData?type=video
2026-05-27;1609233347;1777232700;Armastan sind, kuni...;Komöödia;Jupiter > Video > Filmid > Komöödia;https://s.err.ee/photo/crop/2024/01/30/2235648h17bdt5.jpg;https://services.err.ee/api/v2/series/getSeriesData?type=video
2026-05-27;1609233524;1757879400;Moldova - riik sõja lävel;Dokumentaalid;ETV > Dokumentaalid;https://s.err.ee/photo/crop/2024/02/05/2244732he981t5.jpg;https://services.err.ee/api/v2/series/getSeriesData?type=video
2026-05-27;1609234094;0;Pöörane aasta;Dokumentaal;Jupiter > Video > Filmid > Dokumentaal;https://s.err.ee/photo/crop/2024/02/02/2240793h39aat5.jpg;https://services.err.ee/api/v2/series/getSeriesData?type=video
2026-05-27;1609234301;1730058300;Libarebased ja kooljad;Eesti;Jupiter > Video > Filmid > Eesti;https://s.err.ee/photo/crop/2024/01/30/2235642h1f32t5.jpg;https://services.err.ee/api/v2/series/getSeriesData?type=video
2026-05-27;1609238324;0;Grace;Krimi;Jupiter > Video > Sarjad > Krimi;https://s.err.ee/photo/crop/2024/10/18/2585788h6952t5.jpg;https://services.err.ee/api/v2/series/getSeriesData?type=video
2026-05-27;1609238756;1739025300;Talvepuhkus;ETV2 saated;Jupiter > ETV2 saated;https://s.err.ee/photo/crop/2025/02/05/2719934h0072t5.jpg;https://services.err.ee/api/v2/series/getSeriesData?type=video
2026-05-27;1609239689;1773523800;Hollywoodi gala;Kontserdid ja muusika;Jupiter > Video > Saated > Kontserdid ja muusika;https://s.err.ee/photo/crop/2024/03/07/2298009h7f65t5.jpg;https://services.err.ee/api/v2/series/getSeriesData?type=video
2026-05-27;1609240079;1707828600;Muutunud mees: Robbie Williams. Küsitleb Maire Aunaste;Saated;ETV2 > Saated;https://s.err.ee/photo/crop/2024/02/12/2256573h07c7t5.jpg;https://services.err.ee/api/v2/series/getSeriesData?type=video
2026-05-27;1609240373;0;Eesti Laul 2024 (viipekeelse tõlkega);Meelelahutus;ETV2 > Meelelahutus;https://s.err.ee/photo/crop/2024/02/16/2261322hae8bt5.jpg;https://services.err.ee/api/v2/series/getSeriesData?type=video
2026-05-27;1609241732;1708278300;Eesti muuseumide aastaauhinnad;Saated;ETV > Saated;https://s.err.ee/photo/crop/2024/02/16/2261433hc735t5.jpg;https://services.err.ee/api/v2/series/getSeriesData?type=video
2026-05-27;1609244771;0;Ukrainlased sõjas;Dokumentaal;Jupiter > Video > Filmid > Dokumentaal;https://s.err.ee/photo/crop/2024/02/16/2261409hca09t5.jpg;https://services.err.ee/api/v2/series/getSeriesData?type=video
2026-05-27;1609247270;1780437900;Tuulearmuke;Lavastused;ETV2 > Lavastused;https://s.err.ee/photo/crop/2024/02/21/2271249h2a1et5.jpg;https://services.err.ee/api/v2/series/getSeriesData?type=video
2026-05-27;1609247273;0;Eeter on vaba;Saated;ETV2 > Saated;;https://services.err.ee/api/v2/series/getSeriesData?type=video
2026-05-27;1609247279;1708885200;Lilled ja aastad;Lavastused;ETV2 > Lavastused;https://s.err.ee/photo/crop/2024/02/23/2273844hc25bt5.jpg;https://services.err.ee/api/v2/series/getSeriesData?type=video
2026-05-27;1609247282;0;Rocktail;Kontserdid;ETV2 > Kontserdid;https://s.err.ee/photo/crop/2024/02/21/2269524h1dcct5.jpg;https://services.err.ee/api/v2/series/getSeriesData?type=video
2026-05-27;1609247288;0;11 000 aastat hiljem;ETV2 saated;Jupiter > ETV2 saated;https://s.err.ee/photo/crop/2024/04/26/2371521hf3ebt5.jpg;https://services.err.ee/api/v2/series/getSeriesData?type=video
2026-05-27;1609247294;1708806000;ÜhesHingamine. XVIII tantsupidu Meri;Lavastused;ETV2 > Lavastused;https://s.err.ee/photo/crop/2024/02/23/2273424h50a0t5.jpg;https://services.err.ee/api/v2/series/getSeriesData?type=video
2026-05-27;1609247339;1752695700;EV100 Tartus;Lavastused;ETV2 > Lavastused;https://s.err.ee/photo/crop/2024/02/23/2273511hd97bt5.jpg;https://services.err.ee/api/v2/series/getSeriesData?type=video
2026-05-27;1609247366;1771970100;Pitka legend;Dokumentaalid;ETV > Dokumentaalid;https://s.err.ee/photo/crop/2024/02/22/2271732h2d4ct5.jpg;https://services.err.ee/api/v2/series/getSeriesData?type=video
2026-05-27;1609247381;0;Eesti (täielik ja kontrollitud) ajalugu;Jupiter;Jupiter;https://s.err.ee/photo/crop/2025/04/13/2822126h5c93t5.jpg;https://services.err.ee/api/v2/series/getSeriesData?type=video
2026-05-27;1609247792;1708776600;Eesti tänab 2024. Riiklike teenetemärkide üleandmine;Saated;ETV > Saated;https://s.err.ee/photo/crop/2024/02/22/2271726h04c4t5.jpg;https://services.err.ee/api/v2/series/getSeriesData?type=video
2026-05-27;1609247846;1771923600;Presidendid;Saated;ETV > Saated;https://s.err.ee/photo/crop/2024/02/21/2271183hca07t5.jpg;https://services.err.ee/api/v2/series/getSeriesData?type=video
2026-05-27;1609247849;1708713000;EV106. Peaministri aastapäevakõne Tartus;Saated;ETV > Saated;https://s.err.ee/photo/crop/2024/02/21/2269527hd59et5.jpg;https://services.err.ee/api/v2/series/getSeriesData?type=video
2026-05-27;1609247855;1708772400;"President Zelenski: ""Kallis Eesti rahvas!""";Saated;ETV > Saated;https://s.err.ee/photo/crop/2024/02/22/2271609h9da5t5.jpg;https://services.err.ee/api/v2/series/getSeriesData?type=video
2026-05-27;1609252469;0;Eesti mees sõdades;Dokumentaal;Jupiter > Video > Filmid > Dokumentaal;https://s.err.ee/photo/crop/2024/02/21/2270517h4cb2t5.jpg;https://services.err.ee/api/v2/series/getSeriesData?type=video
2026-05-27;1609253999;1732355700;Hind;Dokumentaalid;ETV2 > Dokumentaalid;https://s.err.ee/photo/crop/2024/03/01/2289420hf1e3t5.jpg;https://services.err.ee/api/v2/series/getSeriesData?type=video
2026-05-27;1609254044;0;Planeet Maa III;Dokumentaal;Jupiter > Video > Filmid > Dokumentaal;https://s.err.ee/photo/crop/2025/09/01/2996322h7719t5.jpg;https://services.err.ee/api/v2/series/getSeriesData?type=video
2026-05-27;1609254050;0;Laskesuusatamise juunioride MM Otepääl;Sport;ETV2 > Sport;https://s.err.ee/photo/crop/2024/02/27/2281947h08f6t5.jpg;https://services.err.ee/api/v2/series/getSeriesData?type=video
2026-05-27;1609254533;1709229600;Väärtustades elutööd 2024;Saated;ETV > Saated;https://s.err.ee/photo/crop/2024/02/28/2285556h8d27t5.jpg;https://services.err.ee/api/v2/series/getSeriesData?type=video
2026-05-27;1609254539;0;Arhitektuurime;Saated;Jupiter > Video > Saated;https://s.err.ee/photo/crop/2024/02/26/2280249h9adbt5.png;https://services.err.ee/api/v2/series/getSeriesData?type=video
2026-05-27;1609260080;0;Litvinenko;Draama;Jupiter > Video > Sarjad > Draama;https://s.err.ee/photo/crop/2024/03/08/2299293h46e6t5.jpg;https://services.err.ee/api/v2/series/getSeriesData?type=video
2026-05-27;1609261107;0;EV106;Saated;Jupiter > Video > Saated;https://s.err.ee/photo/crop/2024/02/21/2271174h6282t5.jpg;https://services.err.ee/api/v2/series/getSeriesData?type=video
2026-05-27;1609261196;1709633100;Eesti rahva tants. Leigarid;Lavastused;ETV2 > Lavastused;https://s.err.ee/photo/crop/2024/03/04/2294244ha58ct5.jpg;https://services.err.ee/api/v2/series/getSeriesData?type=video
2026-05-27;1609261199;1740855600;Suvekaubandus;Dokumentaalid;ETV2 > Dokumentaalid;https://s.err.ee/photo/crop/2024/03/04/2294487h310et5.jpg;https://services.err.ee/api/v2/series/getSeriesData?type=video
2026-05-27;1609261223;1767228000;Uusaastapidu kooperatiivis Kukeke;Kontserdid;ETV2 > Kontserdid;https://s.err.ee/photo/crop/2024/03/04/2294469h0cb0t5.jpg;https://services.err.ee/api/v2/series/getSeriesData?type=video
2026-05-27;1609261649;1709583000;Tuumajaamad sõjatsoonis. Uus hädaoht?;Dokumentaalid;ETV > Dokumentaalid;https://s.err.ee/photo/crop/2024/03/04/2294157h5b17t5.jpg;https://services.err.ee/api/v2/series/getSeriesData?type=video
2026-05-27;1609264499;1739031600;Tom Hanks. Nomaad;Dokumentaal;Jupiter > Video > Filmid > Dokumentaal;https://s.err.ee/photo/crop/2024/03/07/2297985hc7fat5.jpg;https://services.err.ee/api/v2/series/getSeriesData?type=video
2026-05-27;1609267862;0;Üle lääne kangemees;Lavastused;ETV2 > Lavastused;https://s.err.ee/photo/crop/2024/03/15/2310363h8e58t5.jpg;https://services.err.ee/api/v2/series/getSeriesData?type=video
2026-05-27;1609267868;1710502500;Maailm nagu pada;Lavastused;ETV2 > Lavastused;https://s.err.ee/photo/crop/2024/03/11/2303349h8acat5.jpg;https://services.err.ee/api/v2/series/getSeriesData?type=video
2026-05-27;1609267871;1710322800;Tule Toompeale, ütles Dubovik;Saated;ETV2 > Saated;https://s.err.ee/photo/crop/2024/03/12/2304009h2af4t5.jpg;https://services.err.ee/api/v2/series/getSeriesData?type=video
2026-05-27;1609267874;0;Portree;ETV2 saated;Jupiter > ETV2 saated;https://s.err.ee/photo/crop/2026/01/26/3165485hbbfft5.jpg;https://services.err.ee/api/v2/series/getSeriesData?type=video
2026-05-27;1609268138;1773006600;Elu maitse;Filmid;ETV2 > Filmid;https://s.err.ee/photo/crop/2024/03/11/2303382hf783t5.jpg;https://services.err.ee/api/v2/series/getSeriesData?type=video
2026-05-27;1609271549;0;Unenäoliblikad elavad igavesti;Dokumentaal;Jupiter > Video > Filmid > Dokumentaal;https://s.err.ee/photo/crop/2024/03/05/2295729h397dt5.jpg;https://services.err.ee/api/v2/series/getSeriesData?type=video
2026-05-27;1609272756;0;Eesti pilvepiirilt;Saated;Jupiter > Video > Saated;https://s.err.ee/photo/crop/2024/02/22/2271618hd726t5.jpg;https://services.err.ee/api/v2/series/getSeriesData?type=video
2026-05-27;1609273424;0;Parlament;Komöödia;Jupiter > Video > Sarjad > Komöödia;https://s.err.ee/photo/crop/2025/02/03/2714984h620ct5.jpg;https://services.err.ee/api/v2/series/getSeriesData?type=video
2026-05-27;1609273613;0;Kalamaja blues;Komöödia;Jupiter > Video > Sarjad > Komöödia;https://s.err.ee/photo/crop/2025/02/06/2720669h2cdat5.jpg;https://services.err.ee/api/v2/series/getSeriesData?type=video
2026-05-27;1609274498;0;Vestlusõhtu kinos;Saated;Jupiter > Video > Saated;https://s.err.ee/photo/crop/2024/03/14/2308380h92a0t5.jpg;https://services.err.ee/api/v2/series/getSeriesData?type=video
2026-05-27;1609274975;1741910100;Tummahammas keset toomepuid. Andres Ehin;Lavastused;ETV2 > Lavastused;https://s.err.ee/photo/crop/2024/03/18/2312799h83ect5.jpg;https://services.err.ee/api/v2/series/getSeriesData?type=video
2026-05-27;1609274978;0;Helenduv olend;ETV2 saated;Jupiter > ETV2 saated;https://s.err.ee/photo/crop/2024/03/22/2319129hce13t5.jpg;https://services.err.ee/api/v2/series/getSeriesData?type=video
2026-05-27;1609275194;1773345600;Üks ilus hommik;Filmid;ETV > Filmid;https://s.err.ee/photo/crop/2024/03/22/2318364h1ec9t5.jpg;https://services.err.ee/api/v2/series/getSeriesData?type=video
2026-05-27;1609280513;0;Marie Antoinette;Draama;Jupiter > Video > Sarjad > Draama;https://s.err.ee/photo/crop/2026/03/24/3274275h357bt5.jpg;https://services.err.ee/api/v2/series/getSeriesData?type=video
2026-05-27;1609281965;0;Professor T.;Krimi;Jupiter > Video > Sarjad > Krimi;https://s.err.ee/photo/crop/2025/02/28/2763209h96a8t5.jpg;https://services.err.ee/api/v2/series/getSeriesData?type=video
2026-05-27;1609282007;1770321600;Igavesti noored;Draama;Jupiter > Video > Filmid > Draama;https://s.err.ee/photo/crop/2024/04/22/2365524h05b5t5.jpg;https://services.err.ee/api/v2/series/getSeriesData?type=video
2026-05-27;1609282193;1711455600;Salu Juhan ja ta sõbrad;Lavastused;ETV2 > Lavastused;https://s.err.ee/photo/crop/2024/03/26/2324871h8a68t5.jpg;https://services.err.ee/api/v2/series/getSeriesData?type=video
2026-05-27;1609282196;0;Salongis ja kongis;Lavastused;Jupiter > Video > Saated > Lavastused;https://s.err.ee/photo/crop/2024/03/26/2325258hfed2t5.jpg;https://services.err.ee/api/v2/series/getSeriesData?type=video
2026-05-27;1609282241;1775247600;Taevatrepp;Filmid;ETV > Filmid;https://s.err.ee/photo/crop/2026/03/31/3284988hb1a2t5.jpg;https://services.err.ee/api/v2/series/getSeriesData?type=video
2026-05-27;1609282274;1743440400;Edu saladused;Dokumentaalid;ETV2 > Dokumentaalid;https://s.err.ee/photo/crop/2024/03/25/2321631ha6d3t5.jpg;https://services.err.ee/api/v2/series/getSeriesData?type=video
2026-05-27;1609282439;1774818000;Viimane buss;Filmid;ETV2 > Filmid;https://s.err.ee/photo/crop/2024/03/26/2325264h0cc9t5.jpg;https://services.err.ee/api/v2/series/getSeriesData?type=video
2026-05-27;1609282685;1711699200;Suure reede jumalateenistus Tallinna Kalju Baptistikoguduses;Saated;ETV > Saated;https://s.err.ee/photo/crop/2024/03/28/2328525ha39ct5.jpg;https://services.err.ee/api/v2/series/getSeriesData?type=video
2026-05-27;1609282688;1711875600;Ülestõusmispühade missa Rooma-Katoliku Kiriku Pühade Apostlite Peetruse ja Pauluse katedraalis;Saated;ETV > Saated;https://s.err.ee/photo/crop/2024/03/26/2325234hb301t5.jpg;https://services.err.ee/api/v2/series/getSeriesData?type=video
2026-05-27;1609282691;0;Raadio Tallinn esitleb;Saated;ETV2 > Saated;;https://services.err.ee/api/v2/series/getSeriesData?type=video
2026-05-27;1609282697;1711558800;Eesti teatri auhinnad 2024;Kultuur;ETV > Kultuur;https://s.err.ee/photo/crop/2024/03/26/2325339hcd20t5.jpg;https://services.err.ee/api/v2/series/getSeriesData?type=video
2026-05-27;1609286921;1767531000;Sinine;Lühifilmid;Jupiter > Video > Filmid > Lühifilmid;https://s.err.ee/photo/crop/2024/12/10/2649253h365ft5.jpg;https://services.err.ee/api/v2/series/getSeriesData?type=video
2026-05-27;1609286927;1770921900;Kallid reisijad;Lühifilmid;Jupiter > Video > Filmid > Lühifilmid;https://s.err.ee/photo/crop/2026/03/31/3284145ha10dt5.jpg;https://services.err.ee/api/v2/series/getSeriesData?type=video
2026-05-27;1609287767;0;Jaht Monteperdidos;Krimi;Jupiter > Video > Sarjad > Krimi;https://s.err.ee/photo/crop/2024/03/25/2321652hdcd3t5.jpg;https://services.err.ee/api/v2/series/getSeriesData?type=video
2026-05-27;1609289219;1712518800;Vanniskäik Prantsusmaal;Lavastused;ETV2 > Lavastused;https://s.err.ee/photo/crop/2024/04/02/2335695h80eet5.jpg;https://services.err.ee/api/v2/series/getSeriesData?type=video
2026-05-27;1609289222;1712496900;Meloodia 67;Kontserdid ja muusika;Jupiter > Video > Saated > Kontserdid ja muusika;https://s.err.ee/photo/crop/2024/04/02/2336040h2b06t5.jpg;https://services.err.ee/api/v2/series/getSeriesData?type=video
2026-05-27;1609289225;1712511000;Õhtusöök kahele;Lavastused;ETV2 > Lavastused;https://s.err.ee/photo/crop/2024/04/02/2335713h3961t5.jpg;https://services.err.ee/api/v2/series/getSeriesData?type=video
2026-05-27;1609289306;1777404600;Apelsin ei asenda armastust;Dokumentaal;Jupiter > Video > Filmid > Dokumentaal;https://s.err.ee/photo/crop/2024/04/01/2333775hd965t5.jpg;https://services.err.ee/api/v2/series/getSeriesData?type=video
2026-05-27;1609289312;0;Maiade tõus ja langus;Dokumentaal;Jupiter > Video > Filmid > Dokumentaal;https://s.err.ee/photo/crop/2024/04/01/2333766hd45at5.jpg;https://services.err.ee/api/v2/series/getSeriesData?type=video
2026-05-27;1609290656;0;Tagurpidi maailm. Indoneesia;Dokumentaal;Jupiter > Video > Filmid > Dokumentaal;https://s.err.ee/photo/crop/2024/04/04/2338713h4309t5.jpg;https://services.err.ee/api/v2/series/getSeriesData?type=video
2026-05-27;1609290665;0;Rahvas laulab;Saated;Jupiter > Video > Saated;https://s.err.ee/photo/crop/2024/04/23/2367708h85d2t5.jpg;https://services.err.ee/api/v2/series/getSeriesData?type=video
2026-05-27;1609290683;0;100 000 minutit ninapidi koos;Komöödia;Jupiter > Video > Sarjad > Komöödia;https://s.err.ee/photo/crop/2024/04/04/2339220h0e79t5.jpg;https://services.err.ee/api/v2/series/getSeriesData?type=video
2026-05-27;1609290716;0;Pöörane aasta Aafrikas;Dokumentaal;Jupiter > Video > Filmid > Dokumentaal;https://s.err.ee/photo/crop/2024/04/02/2336010hb448t5.jpg;https://services.err.ee/api/v2/series/getSeriesData?type=video
2026-05-27;1609292628;0;Eurovision Sport;Sport;Jupiter > Video > Teemad > Sport;https://s.err.ee/photo/crop/2024/03/25/2322006h9848t5.jpg;https://services.err.ee/api/v2/series/getSeriesData?type=video
2026-05-27;1609294505;1713115500;Nero - parim poeg;Lavastused;Jupiter > Video > Saated > Lavastused;https://s.err.ee/photo/crop/2024/04/12/2350095hbea7t5.jpg;https://services.err.ee/api/v2/series/getSeriesData?type=video
2026-05-27;1609294508;1713118200;Ohmi seadus;Lavastused;ETV2 > Lavastused;https://s.err.ee/photo/crop/2024/04/10/2347233haaeft5.jpg;https://services.err.ee/api/v2/series/getSeriesData?type=video
2026-05-27;1609294511;1765743300;Vernanda;Filmid;ETV2 > Filmid;https://s.err.ee/photo/crop/2024/04/10/2347224h2dc3t5.jpg;https://services.err.ee/api/v2/series/getSeriesData?type=video
2026-05-27;1609294709;1755372000;Uskumatu, aga tõsi;Euroopa kino;Jupiter > Video > Filmid > Euroopa kino;https://s.err.ee/photo/crop/2025/10/31/3071031h6824t5.jpg;https://services.err.ee/api/v2/series/getSeriesData?type=video
2026-05-27;1609294712;1778180400;Magusad tärnid;Filmid;ETV > Filmid;https://s.err.ee/photo/crop/2024/04/10/2347116h1695t5.jpg;https://services.err.ee/api/v2/series/getSeriesData?type=video
2026-05-27;1609297115;0;Putain;Lühifilmid;Jupiter > Video > Filmid > Lühifilmid;https://s.err.ee/photo/crop/2024/12/16/2657815hfc50t5.jpg;https://services.err.ee/api/v2/series/getSeriesData?type=video
2026-05-27;1609297907;1774812600;Lõppematu päev;Draama;Jupiter > Video > Filmid > Draama;https://s.err.ee/photo/crop/2024/04/08/2343930h86bft5.jpg;https://services.err.ee/api/v2/series/getSeriesData?type=video
2026-05-27;1609301514;0;Maatriks;Saated;Jupiter > Video > Saated;https://s.err.ee/photo/crop/2024/04/30/2375901hab33t5.jpg;https://services.err.ee/api/v2/series/getSeriesData?type=video
2026-05-27;1609303646;1753537200;Michael Caine. Tee Hollywoodi;Dokumentaal;Jupiter > Video > Filmid > Dokumentaal;https://s.err.ee/photo/crop/2024/04/17/2360964h4c36t5.jpg;https://services.err.ee/api/v2/series/getSeriesData?type=video
2026-05-27;1609303883;1777749000;Lansky. Ameerika vägevaim gangster;Hollywood;Jupiter > Video > Filmid > Hollywood;https://s.err.ee/photo/crop/2024/04/17/2360967h1a32t5.jpg;https://services.err.ee/api/v2/series/getSeriesData?type=video
2026-05-27;1609303982;1713208200;Sõnum Sašalt;Dokumentaal;Jupiter > Video > Filmid > Dokumentaal;https://s.err.ee/photo/crop/2024/04/15/2356038h0734t5.jpg;https://services.err.ee/api/v2/series/getSeriesData?type=video
2026-05-27;1609306307;1777743300;Lõpmatu armastus;ETV2 saated;Jupiter > ETV2 saated;https://s.err.ee/photo/crop/2024/04/16/2359254hf0ddt5.jpg;https://services.err.ee/api/v2/series/getSeriesData?type=video
2026-05-27;1609306376;1778396400;Emadepäev. Metsikud emad;Dokumentaal;Jupiter > Video > Filmid > Dokumentaal;https://s.err.ee/photo/crop/2024/05/09/2386164hd284t5.jpg;https://services.err.ee/api/v2/series/getSeriesData?type=video
2026-05-27;1609308797;1751187300;TANTSUTAJAD ehk rahvatantsust Karksi-Nuia moodi;Dokumentaal;Jupiter > Video > Filmid > Dokumentaal;https://s.err.ee/photo/crop/2024/04/22/2366304ha255t5.jpg;https://services.err.ee/api/v2/series/getSeriesData?type=video
2026-05-27;1609310003;1762941900;Eesti Telefilm. Senimaani;Saated;Jupiter > Video > Saated;https://s.err.ee/photo/crop/2024/04/23/2367702h7cd9t5.jpg;https://services.err.ee/api/v2/series/getSeriesData?type=video
2026-05-27;1609310219;1773043200;Metsast maratonile. Puusuusa sünd;Saated;ETV > Saated;https://s.err.ee/photo/crop/2024/04/26/2371515h9498t5.jpg;https://services.err.ee/api/v2/series/getSeriesData?type=video
2026-05-27;1609310423;1739025300;Peresüstid;ETV2 saated;Jupiter > ETV2 saated;https://s.err.ee/photo/crop/2024/04/22/2366193hdc93t5.jpg;https://services.err.ee/api/v2/series/getSeriesData?type=video
2026-05-27;1609310426;1713897000;Veteranirock 2024;ETV2 saated;Jupiter > ETV2 saated;https://s.err.ee/photo/crop/2024/04/22/2366217haf98t5.jpg;https://services.err.ee/api/v2/series/getSeriesData?type=video
2026-05-27;1609311794;1756488000;Katmandu kung fu nunnad;Dokumentaal;Jupiter > Video > Filmid > Dokumentaal;https://s.err.ee/photo/crop/2024/04/26/2371122h23abt5.jpg;https://services.err.ee/api/v2/series/getSeriesData?type=video
2026-05-27;1609311809;0;Esimesed päevad;Draama;Jupiter > Video > Sarjad > Draama;https://s.err.ee/photo/crop/2024/04/23/2367720hed00t5.jpg;https://services.err.ee/api/v2/series/getSeriesData?type=video
2026-05-27;1609317341;1714561200;Vigursõit vanalinnas;ETV2 saated;Jupiter > ETV2 saated;https://s.err.ee/photo/crop/2024/04/30/2375925h6a89t5.jpg;https://services.err.ee/api/v2/series/getSeriesData?type=video
2026-05-27;1609317344;1714928400;Telelavastus. Fenomenid;Lavastused;Jupiter > Video > Saated > Lavastused;https://s.err.ee/photo/crop/2020/06/03/785026h65cct5.jpg;https://services.err.ee/api/v2/series/getSeriesData?type=video
2026-05-27;1609317581;1714678200;Alcarràs;ETV2 saated;Jupiter > ETV2 saated;https://s.err.ee/photo/crop/2024/05/01/2376177haf1dt5.jpg;https://services.err.ee/api/v2/series/getSeriesData?type=video
2026-05-27;1609317755;1770199200;Viimane reliikvia;Dokumentaalid;ETV > Dokumentaalid;https://s.err.ee/photo/crop/2024/04/29/2374602hdafct5.jpg;https://services.err.ee/api/v2/series/getSeriesData?type=video
2026-05-27;1609317815;1746299700;Vara küps;ETV2 saated;Jupiter > ETV2 saated;https://s.err.ee/photo/crop/2026/03/31/3284268hb922t5.jpg;https://services.err.ee/api/v2/series/getSeriesData?type=video
2026-05-27;1609317818;1714582800;Minu Eesti, minu Euroopa. 20 aastat hiljem;Saated;ETV > Saated;https://s.err.ee/photo/crop/2024/04/30/2376045hbab1t5.jpg;https://services.err.ee/api/v2/series/getSeriesData?type=video
2026-05-27;1609317821;1774471500;Jaan Tätte. Elu võtted;Elusaated;ETV > Elusaated;https://s.err.ee/photo/crop/2024/05/02/2377251h0a75t5.jpg;https://services.err.ee/api/v2/series/getSeriesData?type=video
2026-05-27;1609317824;1739625300;5MIINUST ja Puuluup. (sellest) Eurovisioonist ei tea nad (küll) midagi;Kultuur;ETV > Kultuur;https://s.err.ee/photo/crop/2024/05/02/2377248h44b2t5.jpg;https://services.err.ee/api/v2/series/getSeriesData?type=video
2026-05-27;1609317827;1760698200;Sähvatus. Heini Vaikmaa. Mahavok. Padise klooster;Meelelahutus;ETV > Meelelahutus;https://s.err.ee/photo/crop/2024/05/01/2376165hd0c1t5.jpg;https://services.err.ee/api/v2/series/getSeriesData?type=video
2026-05-27;1609318847;1746105000;Nõukogudeaja bussiootepaviljonid;Dokumentaal;Jupiter > Video > Filmid > Dokumentaal;https://s.err.ee/photo/crop/2025/01/07/2681176h2d5ft5.jpg;https://services.err.ee/api/v2/series/getSeriesData?type=video
2026-05-27;1609318862;1771102500;ABBA. Vastu kõiki ootusi;Dokumentaal;Jupiter > Video > Filmid > Dokumentaal;https://s.err.ee/photo/crop/2024/04/30/2375991h049et5.jpg;https://services.err.ee/api/v2/series/getSeriesData?type=video
2026-05-27;1609320461;1714546800;Alla Pugatšova. Õnnitluskaart Tallinnast;Saated;Jupiter > Video > Saated;https://s.err.ee/photo/crop/2022/07/11/1538647h5a2ft5.jpg;https://services.err.ee/api/v2/series/getSeriesData?type=video
2026-05-27;1609320503;0;Aasia linnulennult;Dokumentaal;Jupiter > Video > Filmid > Dokumentaal;https://s.err.ee/photo/crop/2024/05/03/2378253hf3aet5.jpg;https://services.err.ee/api/v2/series/getSeriesData?type=video
2026-05-27;1609320932;1715446200;Hiidude ajastu;Dokumentaal;Jupiter > Video > Filmid > Dokumentaal;https://s.err.ee/photo/crop/2024/04/30/2375613h7bf0t5.jpg;https://services.err.ee/api/v2/series/getSeriesData?type=video
2026-05-27;1609324013;1716224400;Kliimakatastroof: surmav uputus;Dokumentaal;Jupiter > Video > Filmid > Dokumentaal;https://s.err.ee/photo/crop/2024/04/30/2375595h4ccbt5.jpg;https://services.err.ee/api/v2/series/getSeriesData?type=video
2026-05-27;1609324178;0;Fotosaated;ETV2 saated;Jupiter > ETV2 saated;https://s.err.ee/photo/crop/2025/10/29/3068967h212et5.jpg;https://services.err.ee/api/v2/series/getSeriesData?type=video
2026-05-27;1609324184;1715535600;Sürrealism Eesti kunstis;ETV2 saated;Jupiter > ETV2 saated;https://s.err.ee/photo/crop/2024/05/07/2383479h1260t5.jpg;https://services.err.ee/api/v2/series/getSeriesData?type=video
2026-05-27;1609324187;0;Uue muusika maailm;ETV2 saated;Jupiter > ETV2 saated;https://s.err.ee/photo/crop/2024/05/07/2383473he066t5.jpg;https://services.err.ee/api/v2/series/getSeriesData?type=video
2026-05-27;1609324193;1774791600;Aedniku kevad;ETV2 saated;Jupiter > ETV2 saated;https://s.err.ee/photo/crop/2024/05/09/2386374hc148t5.jpg;https://services.err.ee/api/v2/series/getSeriesData?type=video
2026-05-27;1609324613;1717147500;Euroopa päeva kontsert 2024;Saated;ETV > Saated;https://s.err.ee/photo/crop/2024/05/07/2383320h0b4bt5.jpg;https://services.err.ee/api/v2/series/getSeriesData?type=video
2026-05-27;1609324646;1715501700;Emadepäeva kontsert Türil;Saated;ETV > Saated;https://s.err.ee/photo/crop/2024/05/09/2386356h4579t5.jpg;https://services.err.ee/api/v2/series/getSeriesData?type=video
2026-05-27;1609324676;1715452500;Kuidas valmistutakse Eurovisiooniks Malmös;Saated;ETV > Saated;https://s.err.ee/photo/crop/2024/05/10/2389317h0e06t5.jpg;https://services.err.ee/api/v2/series/getSeriesData?type=video
2026-05-27;1609324691;0;Valimisstuudio;Jupiter;Jupiter;https://s.err.ee/photo/crop/2024/05/06/2381421h2183t5.jpg;https://services.err.ee/api/v2/series/getSeriesData?type=video
2026-05-27;1609325339;0;Tuled akendes. Uno Loop;Saated;ETV2 > Saated;https://s.err.ee/photo/crop/2024/04/30/2375880hc6c5t5.jpg;https://services.err.ee/api/v2/series/getSeriesData?type=video
2026-05-27;1609325699;1738967100;Võssotski 2017;Kontserdid ja muusika;Jupiter > Video > Saated > Kontserdid ja muusika;https://s.err.ee/photo/crop/2024/05/09/2386101he1act5.jpg;https://services.err.ee/api/v2/series/getSeriesData?type=video
2026-05-27;1609328921;1742046300;Eesti 100 tamme;Saated;Jupiter > Video > Saated;https://s.err.ee/photo/crop/2024/05/06/2381463h43a8t5.jpg;https://services.err.ee/api/v2/series/getSeriesData?type=video
2026-05-27;1609330221;0;Lumelinn;Saated;Jupiter > Video > Saated;https://s.err.ee/photo/crop/2024/04/30/2375853h431ft5.jpg;https://services.err.ee/api/v2/series/getSeriesData?type=video
2026-05-27;1609330227;0;Kama kaks;Saated;Jupiter > Video > Saated;https://s.err.ee/photo/crop/2024/04/30/2375856he04bt5.jpg;https://services.err.ee/api/v2/series/getSeriesData?type=video
2026-05-27;1609330233;0;Jah! Show tribüüt sõpradele;Saated;Jupiter > Video > Saated;https://s.err.ee/photo/crop/2024/04/30/2375859h6e25t5.jpg;https://services.err.ee/api/v2/series/getSeriesData?type=video
2026-05-27;1609330254;0;Kuniks elu;Saated;Jupiter > Video > Saated;https://s.err.ee/photo/crop/2024/04/30/2375862h5c09t5.jpg;https://services.err.ee/api/v2/series/getSeriesData?type=video
2026-05-27;1609330263;0;Lihtne , vaene ja ilus. Lennart Meri;Saated;Jupiter > Video > Saated;https://s.err.ee/photo/crop/2024/04/30/2375865h4149t5.jpg;https://services.err.ee/api/v2/series/getSeriesData?type=video
2026-05-27;1609330272;0;Reisile sinuga;Saated;Jupiter > Video > Saated;https://s.err.ee/photo/crop/2024/04/30/2375868h4b03t5.jpg;https://services.err.ee/api/v2/series/getSeriesData?type=video
2026-05-27;1609330278;0;Rännud Kersnaga. Kilimanjaro;Saated;Jupiter > Video > Saated;https://s.err.ee/photo/crop/2024/04/30/2375874hf66at5.jpg;https://services.err.ee/api/v2/series/getSeriesData?type=video
2026-05-27;1609330281;0;Pealtnägija klassika;Saated;Jupiter > Video > Saated;https://s.err.ee/photo/crop/2024/04/30/2375877h9738t5.jpg;https://services.err.ee/api/v2/series/getSeriesData?type=video
2026-05-27;1609330287;0;Iga pink räägib loo. Kaika Laine;Saated;Jupiter > Video > Saated;https://s.err.ee/photo/crop/2024/04/30/2375883h3155t5.jpg;https://services.err.ee/api/v2/series/getSeriesData?type=video
2026-05-27;1609331447;1778871600;Hiilgus;Maailmakino;Jupiter > Video > Filmid > Maailmakino;https://s.err.ee/photo/crop/2024/05/14/2395911h48edt5.jpg;https://services.err.ee/api/v2/series/getSeriesData?type=video
2026-05-27;1609333394;1715881800;Öko? Loogiline: Virumaa veed puhtaks;Saated;Jupiter > Video > Saated;;https://services.err.ee/api/v2/series/getSeriesData?type=video
2026-05-27;1609334438;1779191100;Perpetuum mobile;ETV2 saated;Jupiter > ETV2 saated;https://s.err.ee/photo/crop/2024/05/13/2393202h33act5.jpg;https://services.err.ee/api/v2/series/getSeriesData?type=video
2026-05-27;1609334441;1715639400;Üksikud katked haaramatust tervikust. Kaarel Kurismaa;ETV2 saated;Jupiter > ETV2 saated;https://s.err.ee/photo/crop/2024/05/13/2392824h49f9t5.jpg;https://services.err.ee/api/v2/series/getSeriesData?type=video
2026-05-27;1609334477;1715626800;Kaarel Kurismaa ajatuse piirid;ETV2 saated;Jupiter > ETV2 saated;https://s.err.ee/photo/crop/2024/05/13/2392812h7639t5.jpg;https://services.err.ee/api/v2/series/getSeriesData?type=video
2026-05-27;1609334615;1756586700;Meie unistuste summa;ETV2 saated;Jupiter > ETV2 saated;https://s.err.ee/photo/crop/2024/05/14/2395923h8949t5.jpg;https://services.err.ee/api/v2/series/getSeriesData?type=video
2026-05-27;1609334846;1744713300;Koerkorter;ETV2 saated;Jupiter > ETV2 saated;https://s.err.ee/photo/crop/2026/03/31/3284139heb86t5.jpg;https://services.err.ee/api/v2/series/getSeriesData?type=video
2026-05-27;1609334861;1758740700;Pool sajandit värske Apelsin;Kultuur;ETV > Kultuur;https://s.err.ee/photo/crop/2024/05/17/2400333h76f2t5.jpg;https://services.err.ee/api/v2/series/getSeriesData?type=video
2026-05-27;1609334870;1716053400;Enne suudlust Tartus;Saated;ETV > Saated;https://s.err.ee/photo/crop/2024/05/17/2400342h48c4t5.jpg;https://services.err.ee/api/v2/series/getSeriesData?type=video
2026-05-27;1609334873;1716057300;Tartu 2024. Kontsertetendus Suudlev Tartu;Meelelahutus;ETV > Meelelahutus;https://s.err.ee/photo/crop/2024/05/17/2400348hdca8t5.jpg;https://services.err.ee/api/v2/series/getSeriesData?type=video
2026-05-27;1609337441;1716536700;R2 Aastahitt 2014;ETV2 saated;Jupiter > ETV2 saated;https://s.err.ee/photo/crop/2024/05/23/2409105h27e6t5.jpg;https://services.err.ee/api/v2/series/getSeriesData?type=video
2026-05-27;1609337492;1748365200;Lucie müsteerium: spioonid natside juures;ETV2 saated;Jupiter > ETV2 saated;https://s.err.ee/photo/crop/2024/05/20/2404860had01t5.jpg;https://services.err.ee/api/v2/series/getSeriesData?type=video
2026-05-27;1609340831;1716486600;Öko? Loogiline: Virumaa veed puhtaks;Saated;Jupiter > Video > Saated;;https://services.err.ee/api/v2/series/getSeriesData?type=video
2026-05-27;1609344056;1717346100;Kümme küsimust Reet Linnale;ETV2 saated;Jupiter > ETV2 saated;https://s.err.ee/photo/crop/2024/05/30/2418789hfc77t5.jpg;https://services.err.ee/api/v2/series/getSeriesData?type=video
2026-05-27;1609344125;1761674400;"Operatsioon ""Marss Rooma""";ETV2 saated;Jupiter > ETV2 saated;https://s.err.ee/photo/crop/2024/05/27/2414274hae0et5.jpg;https://services.err.ee/api/v2/series/getSeriesData?type=video
2026-05-27;1609344455;1780740000;Rokenroll ja bugi-vugi, need on Reeda elu tugi;Elusaated;ETV > Elusaated;https://s.err.ee/photo/crop/2024/05/30/2418864hd04et5.jpg;https://services.err.ee/api/v2/series/getSeriesData?type=video
2026-05-27;1609344458;1717269900;Valgusvihus;Filmid;ETV > Filmid;https://s.err.ee/photo/crop/2024/06/01/2422715h2b2ft5.jpg;https://services.err.ee/api/v2/series/getSeriesData?type=video
2026-05-27;1609345859;1778671200;Tartu 2024. Eurovisioon ühendab;Meelelahutus;ETV > Meelelahutus;https://s.err.ee/photo/crop/2024/05/29/2417820h8540t5.jpg;https://services.err.ee/api/v2/series/getSeriesData?type=video
2026-05-27;1609350518;0;Prügikast 2 ehk Põhi paistab;ETV2 saated;Jupiter > ETV2 saated;https://s.err.ee/photo/crop/2024/06/07/2429273h72c0t5.jpg;https://services.err.ee/api/v2/series/getSeriesData?type=video
2026-05-27;1609350524;1717841400;Millest mõtleb Eri Klas?;ETV2 saated;Jupiter > ETV2 saated;https://s.err.ee/photo/crop/2024/06/05/2427059hc857t5.jpg;https://services.err.ee/api/v2/series/getSeriesData?type=video
2026-05-27;1609350788;1717958100;Valimiste õhtu;Saated;ETV > Saated;https://s.err.ee/photo/crop/2024/06/05/2427113hfaa0t5.jpg;https://services.err.ee/api/v2/series/getSeriesData?type=video
2026-05-27;1609350830;1717775100;Pardiralli 2024;Elusaated;ETV > Elusaated;https://s.err.ee/photo/crop/2024/06/05/2427008h6755t5.jpg;https://services.err.ee/api/v2/series/getSeriesData?type=video
2026-05-27;1609351587;1716710100;43. Tartu Rattaralli;Jupiter otse;Jupiter > Video > Kanalid > Jupiter otse;https://s.err.ee/photo/crop/2024/05/22/2407251h9c77t5.jpg;https://services.err.ee/api/v2/series/getSeriesData?type=video
2026-05-27;1609353119;0;Ökomajad;Dokumentaal;Jupiter > Video > Filmid > Dokumentaal;https://s.err.ee/photo/crop/2024/06/06/2428451h547dt5.jpg;https://services.err.ee/api/v2/series/getSeriesData?type=video
2026-05-27;1609357453;0;Jalgpalli EM EURO 2024;ETV saated;Jupiter > ETV saated;https://s.err.ee/photo/crop/2024/06/13/2435555h5402t5.jpg;https://services.err.ee/api/v2/series/getSeriesData?type=video
2026-05-27;1609357510;1735762800;Ivo Linna. Üks ja ainus;ETV saated;Jupiter > ETV saated;https://s.err.ee/photo/crop/2024/06/12/2435342h56f7t5.jpg;https://services.err.ee/api/v2/series/getSeriesData?type=video
2026-05-27;1609359748;0;Õhtujutt;ETV2 saated;Jupiter > ETV2 saated;https://s.err.ee/photo/crop/2026/01/26/3165554h80a3t5.jpg;https://services.err.ee/api/v2/series/getSeriesData?type=video
2026-05-27;1609363867;1719128700;Võidupüha paraad 2024;ETV saated;Jupiter > ETV saated;https://s.err.ee/photo/crop/2024/06/20/2443454h9e81t5.jpg;https://services.err.ee/api/v2/series/getSeriesData?type=video
2026-05-27;1609363873;1719068400;Tartu laulupidu. Õnn ja rõõm;ETV2 saated;Jupiter > ETV2 saated;https://s.err.ee/photo/crop/2024/06/18/2441135hd4ebt5.jpg;https://services.err.ee/api/v2/series/getSeriesData?type=video
2026-05-27;1609363876;0;Minu meri;ETV saated;Jupiter > ETV saated;https://s.err.ee/photo/crop/2024/06/20/2443439hc7f5t5.jpg;https://services.err.ee/api/v2/series/getSeriesData?type=video
2026-05-27;1609363906;1762006200;Nublu ja Gameboy Tetris Vabaduse väljakul;ETV2 saated;Jupiter > ETV2 saated;https://s.err.ee/photo/crop/2024/06/17/2440196h0670t5.jpg;https://services.err.ee/api/v2/series/getSeriesData?type=video
2026-05-27;1609365368;1717958100;Valimiste õhtu (viipekeeles);Jupiter otse;Jupiter > Video > Kanalid > Jupiter otse;https://s.err.ee/photo/crop/2024/06/06/2428478h6d90t5.jpg;https://services.err.ee/api/v2/series/getSeriesData?type=video
2026-05-27;1609366585;1753047300;Täna öösel me ei maga;ETV2 saated;Jupiter > ETV2 saated;https://s.err.ee/photo/crop/2024/06/18/2441069h1e83t5.jpg;https://services.err.ee/api/v2/series/getSeriesData?type=video
2026-05-27;1609368754;0;Salaopakad;Komöödia;Jupiter > Video > Sarjad > Komöödia;https://s.err.ee/photo/crop/2024/11/04/2604538h839et5.jpg;https://services.err.ee/api/v2/series/getSeriesData?type=video
2026-05-27;1609370023;1768079700;Luikede järv;Lavastused;Jupiter > Video > Saated > Lavastused;https://s.err.ee/photo/crop/2024/08/26/2523733h0deft5.jpg;https://services.err.ee/api/v2/series/getSeriesData?type=video
2026-05-27;1609370038;1741475400;"Alexander Ekman, ""Hammer""";Lavastused;Jupiter > Video > Saated > Lavastused;https://s.err.ee/photo/crop/2024/08/26/2523739h0778t5.jpg;https://services.err.ee/api/v2/series/getSeriesData?type=video
2026-05-27;1609370149;0;Must orb. Kajad;Draama;Jupiter > Video > Sarjad > Draama;https://s.err.ee/photo/crop/2024/09/02/2531693hd410t5.jpg;https://services.err.ee/api/v2/series/getSeriesData?type=video
2026-05-27;1609370623;1719779700;Lilled Liale;ETV2 saated;Jupiter > ETV2 saated;https://s.err.ee/photo/crop/2024/06/25/2452051hae2et5.jpg;https://services.err.ee/api/v2/series/getSeriesData?type=video
2026-05-27;1609370626;1719772800;Squirrel;ETV2 saated;Jupiter > ETV2 saated;https://s.err.ee/photo/crop/2024/06/25/2452057h404dt5.jpg;https://services.err.ee/api/v2/series/getSeriesData?type=video
2026-05-27;1609370629;0;Kummaline missis Savage;ETV2 saated;Jupiter > ETV2 saated;https://s.err.ee/photo/crop/2020/09/16/818750he766t5.jpg;https://services.err.ee/api/v2/series/getSeriesData?type=video
2026-05-27;1609370821;1771659000;Allan Noormets. Nagu teile meeldib;ETV saated;Jupiter > ETV saated;https://s.err.ee/photo/crop/2024/06/25/2451833hb126t5.jpg;https://services.err.ee/api/v2/series/getSeriesData?type=video
2026-05-27;1609370872;1719669600;Vaimulik laulupidu. Rõõm üle maa;ETV2 saated;Jupiter > ETV2 saated;https://s.err.ee/photo/crop/2024/06/25/2452312h3173t5.jpg;https://services.err.ee/api/v2/series/getSeriesData?type=video
2026-05-27;1609370881;0;Ringvaatega lõunal;ETV saated;Jupiter > ETV saated;https://s.err.ee/photo/crop/2024/07/01/2458658hf955t5.jpg;https://services.err.ee/api/v2/series/getSeriesData?type=video
2026-05-27;1609370896;1719592200;Tartu Laulupidu. Õnnelikud ja rõõmsad hetked;ETV saated;Jupiter > ETV saated;https://s.err.ee/photo/crop/2024/06/25/2452351h7a19t5.jpg;https://services.err.ee/api/v2/series/getSeriesData?type=video
2026-05-27;1609373329;1750716900;Jaanipäeva segu;Kontserdid ja muusika;Jupiter > Video > Saated > Kontserdid ja muusika;https://s.err.ee/photo/crop/2023/06/21/1961174h8860t5.jpg;https://services.err.ee/api/v2/series/getSeriesData?type=video
2026-05-27;1609373332;1719218400;Vürst Gabriel. 50 aastat hiljem;Saated;Jupiter > Video > Saated;https://s.err.ee/photo/crop/2023/06/21/1961171h7135t5.jpg;https://services.err.ee/api/v2/series/getSeriesData?type=video
2026-05-27;1609373383;0;Maa illuminaatoris;Saated;Jupiter > Video > Saated;;https://services.err.ee/api/v2/series/getSeriesData?type=video
2026-05-27;1609376584;0;Lepatriinutalv;Dokumentaal;Jupiter > Video > Filmid > Dokumentaal;https://s.err.ee/photo/crop/2024/06/20/2443607hf6a3t5.jpg;https://services.err.ee/api/v2/series/getSeriesData?type=video
2026-05-27;1609376587;1757868000;Eetrikunst;Saated;Jupiter > Video > Saated;https://s.err.ee/photo/crop/2024/06/20/2443610hc4e9t5.jpg;https://services.err.ee/api/v2/series/getSeriesData?type=video
2026-05-27;1609376590;0;Jaak ja Maire;Dokumentaal;Jupiter > Video > Filmid > Dokumentaal;https://s.err.ee/photo/crop/2024/06/20/2443580hd1d6t5.jpg;https://services.err.ee/api/v2/series/getSeriesData?type=video
2026-05-27;1609376593;0;Kabinettide kiuste: telerahva lood;Saated;Jupiter > Video > Saated;;https://services.err.ee/api/v2/series/getSeriesData?type=video
2026-05-27;1609376692;1748691900;Uno;ETV2 saated;Jupiter > ETV2 saated;https://s.err.ee/photo/crop/2025/05/26/2878527hcef6t5.jpg;https://services.err.ee/api/v2/series/getSeriesData?type=video
2026-05-27;1609377442;1719873000;Inimese hääl;ETV2 saated;Jupiter > ETV2 saated;https://s.err.ee/photo/crop/2024/07/01/2458691h501bt5.jpg;https://services.err.ee/api/v2/series/getSeriesData?type=video
2026-05-27;1609377448;1720349100;Aastapidu;ETV saated;Jupiter > ETV saated;https://s.err.ee/photo/crop/2024/07/05/2463146h4311t5.jpg;https://services.err.ee/api/v2/series/getSeriesData?type=video
2026-05-27;1609377451;1772455500;Väikese Illimari radadel;ETV2 saated;Jupiter > ETV2 saated;https://s.err.ee/photo/crop/2024/07/05/2463179he20et5.jpg;https://services.err.ee/api/v2/series/getSeriesData?type=video
2026-05-27;1609382926;0;Löö laulu, vastas Jumal, löö laulu väike mees;ETV2 saated;Jupiter > ETV2 saated;https://s.err.ee/photo/crop/2024/07/08/2465947hec3ct5.jpg;https://services.err.ee/api/v2/series/getSeriesData?type=video
2026-05-27;1609382932;1720480500;Sinise taeva all;ETV2 saated;Jupiter > ETV2 saated;https://s.err.ee/photo/crop/2024/07/08/2465788hbed1t5.jpg;https://services.err.ee/api/v2/series/getSeriesData?type=video
2026-05-27;1609382935;1756447200;Karlsson tembutab jälle;Etendused;Lasteekraan > Vaata ja kuula > Video > Etendused;https://s.err.ee/photo/crop/2025/08/21/2981358h8cf0t5.jpg;https://services.err.ee/api/v2/series/getSeriesData?type=video
2026-05-27;1609382938;1720873800;Kukerpillid;ETV2 saated;Jupiter > ETV2 saated;https://s.err.ee/photo/crop/2024/07/08/2466109h3bcdt5.jpg;https://services.err.ee/api/v2/series/getSeriesData?type=video
2026-05-27;1609382941;1720871100;Näitlev jalgpall Helsingis;ETV2 saated;Jupiter > ETV2 saated;https://s.err.ee/photo/crop/2024/07/08/2466115h18aet5.jpg;https://services.err.ee/api/v2/series/getSeriesData?type=video
2026-05-27;1609382944;1720977600;Kratimäng;ETV2 saated;Jupiter > ETV2 saated;;https://services.err.ee/api/v2/series/getSeriesData?type=video
2026-05-27;1609382947;1720981200;Kitarre käes ja mantel üle õla. Kaarel Kilvet;ETV2 saated;Jupiter > ETV2 saated;https://s.err.ee/photo/crop/2024/07/08/2466031haf73t5.jpg;https://services.err.ee/api/v2/series/getSeriesData?type=video
2026-05-27;1609382950;1720461000;Tartu;ETV2 saated;Jupiter > ETV2 saated;https://s.err.ee/photo/crop/2024/07/08/2465770ha378t5.jpg;https://services.err.ee/api/v2/series/getSeriesData?type=video
2026-05-27;1609382956;1750327800;Edur, Aints, Modigliani Estonia laval;ETV2 saated;Jupiter > ETV2 saated;https://s.err.ee/photo/crop/2024/07/08/2465821h03cet5.jpg;https://services.err.ee/api/v2/series/getSeriesData?type=video
2026-05-27;1609388378;0;Teoteatri filmilaagri lühifilmid 2024;Io noored;Jupiter > Video > Io noored;https://s.err.ee/photo/crop/2024/07/07/2465599hd8dbt5.jpg;https://services.err.ee/api/v2/series/getSeriesData?type=video
2026-05-27;1609388599;0;Ei mingit kahtlust;ETV2 saated;Jupiter > ETV2 saated;https://s.err.ee/photo/crop/2024/07/18/2477770h58bdt5.jpg;https://services.err.ee/api/v2/series/getSeriesData?type=video
2026-05-27;1609388605;1721583000;Meie laulud õpetajale;ETV2 saated;Jupiter > ETV2 saated;https://s.err.ee/photo/crop/2024/07/18/2477773h8645t5.jpg;https://services.err.ee/api/v2/series/getSeriesData?type=video
2026-05-27;1609388614;0;Avatud talude päev;ETV2 saated;Jupiter > ETV2 saated;;https://services.err.ee/api/v2/series/getSeriesData?type=video
2026-05-27;1609388827;1726941600;Viljandi suveooper. Öine lend üle ookeani;ETV saated;Jupiter > ETV saated;https://s.err.ee/photo/crop/2024/07/18/2477764he047t5.jpg;https://services.err.ee/api/v2/series/getSeriesData?type=video
2026-05-27;1609389436;0;Topeltpanused;Krimi;Jupiter > Video > Sarjad > Krimi;https://s.err.ee/photo/crop/2024/07/17/2476930h3d56t5.jpg;https://services.err.ee/api/v2/series/getSeriesData?type=video
2026-05-27;1609389490;1751870100;Pikim laine;Dokumentaal;Jupiter > Video > Filmid > Dokumentaal;https://s.err.ee/photo/crop/2024/07/17/2476864ha702t5.jpg;https://services.err.ee/api/v2/series/getSeriesData?type=video
2026-05-27;1609391314;0;Kuld;Krimi;Jupiter > Video > Sarjad > Krimi;https://s.err.ee/photo/crop/2024/09/11/2542193hd8fct5.jpg;https://services.err.ee/api/v2/series/getSeriesData?type=video
2026-05-27;1609393267;0;Eesti Tennis 100;Dokumentaal;Jupiter > Video > Filmid > Dokumentaal;https://s.err.ee/photo/crop/2024/07/10/2468110h2fa2t5.jpg;https://services.err.ee/api/v2/series/getSeriesData?type=video
2026-05-27;1609394647;1771781400;Mona Lisa;ETV2 saated;Jupiter > ETV2 saated;https://s.err.ee/photo/crop/2024/07/19/2478853h119dt5.jpg;https://services.err.ee/api/v2/series/getSeriesData?type=video
2026-05-27;1609394650;0;Telelavastus. Kriminaaltango ja väga korralikud inimesed;ETV2 saated;Jupiter > ETV2 saated;https://s.err.ee/photo/crop/2024/07/24/2484571h75cat5.jpg;https://services.err.ee/api/v2/series/getSeriesData?type=video
2026-05-27;1609394656;1721989500;Tont nr. 5;ETV2 saated;Jupiter > ETV2 saated;https://s.err.ee/photo/crop/2024/07/19/2478850ha78dt5.jpg;https://services.err.ee/api/v2/series/getSeriesData?type=video
2026-05-27;1609394665;0;Tartu vaim;ETV2 saated;Jupiter > ETV2 saated;https://s.err.ee/photo/crop/2024/07/24/2484499h0e21t5.jpg;https://services.err.ee/api/v2/series/getSeriesData?type=video
2026-05-27;1609394881;1722013200;Merelaulude öölaulupidu. Meie ja meri;ETV saated;Jupiter > ETV saated;https://s.err.ee/photo/crop/2024/07/19/2478877h651dt5.jpg;https://services.err.ee/api/v2/series/getSeriesData?type=video
2026-05-27;1609400275;0;Ühe minuti filmid 2023 - Märk ja meel;Lühifilmid;Jupiter > Video > Filmid > Lühifilmid;https://s.err.ee/photo/crop/2024/07/16/2475652h0ad5t5.jpg;https://services.err.ee/api/v2/series/getSeriesData?type=video
2026-05-27;1609400347;1722776100;Kaheksa päeva nädalas;ETV2 saated;Jupiter > ETV2 saated;https://s.err.ee/photo/crop/2024/07/30/2492326hf966t5.jpg;https://services.err.ee/api/v2/series/getSeriesData?type=video
2026-05-27;1609400350;1722418800;Loomaaialugu;ETV2 saated;Jupiter > ETV2 saated;https://s.err.ee/photo/crop/2024/07/29/2490970hb760t5.jpg;https://services.err.ee/api/v2/series/getSeriesData?type=video
2026-05-27;1609400356;1727955000;Lugu hobusest Palladium;ETV2 saated;Jupiter > ETV2 saated;https://s.err.ee/photo/crop/2024/07/30/2492257h404bt5.jpg;https://services.err.ee/api/v2/series/getSeriesData?type=video
2026-05-27;1609400362;1722790800;Loojangule vastu;ETV2 saated;Jupiter > ETV2 saated;https://s.err.ee/photo/crop/2024/07/30/2492272h6c1ct5.jpg;https://services.err.ee/api/v2/series/getSeriesData?type=video
2026-05-27;1609400548;1755721500;Tartu2024. Suur Suvepidu;ETV saated;Jupiter > ETV saated;https://s.err.ee/photo/crop/2024/07/30/2492296h033dt5.jpg;https://services.err.ee/api/v2/series/getSeriesData?type=video
2026-05-27;1609400551;1725732000;Saaremaa ooperipäevad 2024;ETV saated;Jupiter > ETV saated;https://s.err.ee/photo/crop/2024/07/29/2490979hcb26t5.jpg;https://services.err.ee/api/v2/series/getSeriesData?type=video
2026-05-27;1609401406;1777753800;Mäng;Lavastused;Jupiter > Video > Saated > Lavastused;https://s.err.ee/photo/crop/2024/08/26/2523769h34f0t5.jpg;https://services.err.ee/api/v2/series/getSeriesData?type=video
2026-05-27;1609401412;1750535700;Suveöö unistus;Lavastused;Jupiter > Video > Saated > Lavastused;https://s.err.ee/photo/crop/2024/08/26/2523916ha016t5.jpg;https://services.err.ee/api/v2/series/getSeriesData?type=video
2026-05-27;1609403068;0;La Promesa;Draama;Jupiter > Video > Sarjad > Draama;https://s.err.ee/photo/crop/2024/10/21/2588791h07c0t5.jpg;https://services.err.ee/api/v2/series/getSeriesData?type=video
2026-05-27;1609406680;0;Auschwitzi tätoveerija;Draama;Jupiter > Video > Sarjad > Draama;https://s.err.ee/photo/crop/2024/11/05/2606206h4073t5.jpg;https://services.err.ee/api/v2/series/getSeriesData?type=video
2026-05-27;1609406701;0;Pikk vari;Krimi;Jupiter > Video > Sarjad > Krimi;https://s.err.ee/photo/crop/2024/08/27/2525783h7b6dt5.jpg;https://services.err.ee/api/v2/series/getSeriesData?type=video
2026-05-27;1609406878;0;Pühapäevalõuna;Komöödia;Jupiter > Video > Sarjad > Komöödia;https://s.err.ee/photo/crop/2025/09/29/3033366h9b37t5.jpg;https://services.err.ee/api/v2/series/getSeriesData?type=video
2026-05-27;1609406926;0;Nicolas le Floch;Krimi;Jupiter > Video > Sarjad > Krimi;https://s.err.ee/photo/crop/2024/09/16/2547428ha8aft5.jpg;https://services.err.ee/api/v2/series/getSeriesData?type=video
2026-05-27;1609407967;1723287300;Kolm, neli ja...;ETV2 saated;Jupiter > ETV2 saated;https://s.err.ee/photo/crop/2024/08/05/2500252h6d46t5.jpg;https://services.err.ee/api/v2/series/getSeriesData?type=video
2026-05-27;1609407970;1723398600;Kilgas, naised ja kontsert;ETV2 saated;Jupiter > ETV2 saated;https://s.err.ee/photo/crop/2024/08/05/2500228hd3bct5.jpg;https://services.err.ee/api/v2/series/getSeriesData?type=video
2026-05-27;1609407994;1723243500;Aitäh, et sa minuga juhtusid;ETV2 saated;Jupiter > ETV2 saated;https://s.err.ee/photo/crop/2024/08/05/2500105hc310t5.jpg;https://services.err.ee/api/v2/series/getSeriesData?type=video
2026-05-27;1609408198;0;Metsikud bitid;ETV2 saated;Jupiter > ETV2 saated;https://s.err.ee/photo/crop/2024/08/05/2500255hdecbt5.jpg;https://services.err.ee/api/v2/series/getSeriesData?type=video
2026-05-27;1609408213;1723318200;Vanemuise suvekontsert Kassitoomel;ETV saated;Jupiter > ETV saated;https://s.err.ee/photo/crop/2024/08/05/2500099hfe33t5.jpg;https://services.err.ee/api/v2/series/getSeriesData?type=video
2026-05-27;1609412902;0;Päeva kunstitöö;ETV2 saated;Jupiter > ETV2 saated;https://s.err.ee/photo/crop/2024/12/02/2640742hf034t5.jpg;https://services.err.ee/api/v2/series/getSeriesData?type=video
2026-05-27;1609413877;1722682800;"XV erivajadusega inimeste laulu- ja tantsupidu ""Kajagu maa""";Jupiter otse;Jupiter > Video > Kanalid > Jupiter otse;https://s.err.ee/photo/crop/2024/08/02/2497264hb0bct5.jpg;https://services.err.ee/api/v2/series/getSeriesData?type=video
2026-05-27;1609415749;1731239100;Rabade vaikuses;Dokumentaal;Jupiter > Video > Filmid > Dokumentaal;https://s.err.ee/photo/crop/2024/11/08/2609737h86f0t5.jpg;https://services.err.ee/api/v2/series/getSeriesData?type=video
2026-05-27;1609415926;0;Telelavastus. Kassimäng;Lavastused;Jupiter > Video > Saated > Lavastused;https://s.err.ee/photo/crop/2024/08/12/2507458he8cft5.jpg;https://services.err.ee/api/v2/series/getSeriesData?type=video
2026-05-27;1609416295;0;Tundmatu 60;ETV2 saated;Jupiter > ETV2 saated;https://s.err.ee/photo/crop/2024/08/13/2508142h2ee1t5.jpg;https://services.err.ee/api/v2/series/getSeriesData?type=video
2026-05-27;1609416301;1723542000;Celia;ETV2 saated;Jupiter > ETV2 saated;https://s.err.ee/photo/crop/2024/08/12/2507629h50b8t5.jpg;https://services.err.ee/api/v2/series/getSeriesData?type=video
2026-05-27;1609416307;1724006100;Eestlus Kanadas;ETV2 saated;Jupiter > ETV2 saated;https://s.err.ee/photo/crop/2024/08/13/2508112he881t5.jpg;https://services.err.ee/api/v2/series/getSeriesData?type=video
2026-05-27;1609416310;1737207900;Jänki jälgedes Hiiumaal;ETV2 saated;Jupiter > ETV2 saated;https://s.err.ee/photo/crop/2024/08/13/2508124h31a4t5.jpg;https://services.err.ee/api/v2/series/getSeriesData?type=video
2026-05-27;1609416493;0;Simple Session 24;ETV2 saated;Jupiter > ETV2 saated;https://s.err.ee/photo/crop/2024/12/23/2670577h5b8at5.jpg;https://services.err.ee/api/v2/series/getSeriesData?type=video
2026-05-27;1609416550;1765544100;Astu pardale!;ETV saated;Jupiter > ETV saated;https://s.err.ee/photo/crop/2024/08/12/2507644h96eft5.jpg;https://services.err.ee/api/v2/series/getSeriesData?type=video
2026-05-27;1609417237;0;TEDx Tartu;Saated;Jupiter > Video > Saated;;https://services.err.ee/api/v2/series/getSeriesData?type=video
2026-05-27;1609420183;1724175300;Poolükskõik. Johansonid;ETV2 saated;Jupiter > ETV2 saated;https://s.err.ee/photo/crop/2024/08/21/2515984h40e5t5.jpg;https://services.err.ee/api/v2/series/getSeriesData?type=video
2026-05-27;1609420201;1724409600;Zoo-Tallinn;ETV2 saated;Jupiter > ETV2 saated;https://s.err.ee/photo/crop/2024/08/22/2519497h52adt5.jpg;https://services.err.ee/api/v2/series/getSeriesData?type=video
2026-05-27;1609420204;1763326800;Seto leelo;ETV2 saated;Jupiter > ETV2 saated;https://s.err.ee/photo/crop/2024/08/19/2512402hc2e4t5.jpg;https://services.err.ee/api/v2/series/getSeriesData?type=video
2026-05-27;1609420207;1763318700;Mulgi puder;ETV2 saated;Jupiter > ETV2 saated;https://s.err.ee/photo/crop/2024/08/19/2512351he818t5.jpg;https://services.err.ee/api/v2/series/getSeriesData?type=video
2026-05-27;1609420210;1724507100;Ivan Orava pöördumine;ETV2 saated;Jupiter > ETV2 saated;;https://services.err.ee/api/v2/series/getSeriesData?type=video
2026-05-27;1609420222;1724537400;Foto;ETV2 saated;Jupiter > ETV2 saated;https://s.err.ee/photo/crop/2024/08/21/2518318h3ab5t5.jpg;https://services.err.ee/api/v2/series/getSeriesData?type=video
2026-05-27;1609420390;0;Suvebiatloni MM Otepääl;ETV saated;Jupiter > ETV saated;https://s.err.ee/photo/crop/2024/08/26/2523931h21c9t5.jpg;https://services.err.ee/api/v2/series/getSeriesData?type=video
2026-05-27;1609420468;1750696200;Marko Matvere ja VLÜ 35;ETV saated;Jupiter > ETV saated;https://s.err.ee/photo/crop/2024/08/19/2513071h757dt5.jpg;https://services.err.ee/api/v2/series/getSeriesData?type=video
2026-05-27;1609420471;1756036800;Valentõn Sõlvestrov. Ukraina vaikne ja võimas hääl;ETV saated;Jupiter > ETV saated;https://s.err.ee/photo/crop/2024/08/21/2518402h643ct5.jpg;https://services.err.ee/api/v2/series/getSeriesData?type=video
2026-05-27;1609420474;0;Simple Session 2025;ETV2 saated;Jupiter > ETV2 saated;https://s.err.ee/photo/crop/2025/03/06/2768300hd85at5.png;https://services.err.ee/api/v2/series/getSeriesData?type=video
2026-05-27;1609420492;0;Eesti Vabariigi presidendi vastuvõtt Kadrioru lossi roosiaias 2024;ETV saated;Jupiter > ETV saated;https://s.err.ee/photo/crop/2024/08/19/2512951h5136t5.jpg;https://services.err.ee/api/v2/series/getSeriesData?type=video
2026-05-27;1609420507;1754213400;Võimas Viru Laul;ETV saated;Jupiter > ETV saated;https://s.err.ee/photo/crop/2024/08/22/2519512h2df5t5.jpg;https://services.err.ee/api/v2/series/getSeriesData?type=video
2026-05-27;1609420567;0;25 aastat Eesti iseseisvuse taastamisest;Saated;Jupiter > Video > Saated;https://s.err.ee/photo/crop/2024/08/21/2515981h61e6t5.jpg;https://services.err.ee/api/v2/series/getSeriesData?type=video
2026-05-27;1609421626;0;Hetk ajaloos;ETV2 saated;Jupiter > ETV2 saated;;https://services.err.ee/api/v2/series/getSeriesData?type=video
2026-05-27;1609426825;1750373400;Gentel-Dentel. Genialistid;ETV2 saated;Jupiter > ETV2 saated;https://s.err.ee/photo/crop/2024/08/26/2524636h0810t5.jpg;https://services.err.ee/api/v2/series/getSeriesData?type=video
2026-05-27;1609426828;1743969600;Isa Nikodemus;ETV2 saated;Jupiter > ETV2 saated;https://s.err.ee/photo/crop/2024/08/28/2526236h2313t5.jpg;https://services.err.ee/api/v2/series/getSeriesData?type=video
2026-05-27;1609426831;1724667900;Ansambel Suveniir;ETV2 saated;Jupiter > ETV2 saated;https://s.err.ee/photo/crop/2024/08/26/2523922h98abt5.jpg;https://services.err.ee/api/v2/series/getSeriesData?type=video
2026-05-27;1609426858;1725127200;EV100. Jutud muinastulede ööl;ETV2 saated;Jupiter > ETV2 saated;https://s.err.ee/photo/crop/2024/08/27/2525789ha56et5.jpg;https://services.err.ee/api/v2/series/getSeriesData?type=video
2026-05-27;1609427020;0;Route 66. Ameerika kahel pool maanteed;ETV saated;Jupiter > ETV saated;https://s.err.ee/photo/crop/2024/08/27/2525762h3459t5.jpg;https://services.err.ee/api/v2/series/getSeriesData?type=video
2026-05-27;1609427086;1753789200;Bedwetters Vabaduse väljakul;ETV2 saated;Jupiter > ETV2 saated;https://s.err.ee/photo/crop/2024/08/26/2524627hc4e6t5.jpg;https://services.err.ee/api/v2/series/getSeriesData?type=video
2026-05-27;1609427116;1725213300;Vabariigi presidendi tervitus kooliaasta alguse puhul;ETV saated;Jupiter > ETV saated;https://s.err.ee/photo/crop/2024/08/28/2526227h30b0t5.jpg;https://services.err.ee/api/v2/series/getSeriesData?type=video
2026-05-27;1609427122;1725208200;Vabariigi presidendi tervitus kooliaasta alguse puhul (viipekeeles);ETV2 saated;Jupiter > ETV2 saated;https://s.err.ee/photo/crop/2024/08/27/2525759hbb6bt5.jpg;https://services.err.ee/api/v2/series/getSeriesData?type=video
2026-05-27;1609427263;0;Hetk ajaloos;ETV2 saated;Jupiter > ETV2 saated;https://s.err.ee/photo/crop/2026/02/02/3175013haeaet5.jpg;https://services.err.ee/api/v2/series/getSeriesData?type=video
2026-05-27;1609428739;0;Vaikimine;Krimi;Jupiter > Video > Sarjad > Krimi;https://s.err.ee/photo/crop/2024/08/28/2526092hd003t5.jpg;https://services.err.ee/api/v2/series/getSeriesData?type=video
2026-05-27;1609428784;1756645200;Aita mul seda ise teha. Montessori meetod;Dokumentaal;Jupiter > Video > Filmid > Dokumentaal;https://s.err.ee/photo/crop/2024/08/27/2525771h620bt5.jpg;https://services.err.ee/api/v2/series/getSeriesData?type=video
2026-05-27;1609429120;0;Paralümpiamängud 2026;ETV2 saated;Jupiter > ETV2 saated;https://s.err.ee/photo/crop/2026/03/03/3236504h7a7et5.jpg;https://services.err.ee/api/v2/series/getSeriesData?type=video
2026-05-27;1609429261;0;Minu Euroopa;Saated;Jupiter > Video > Saated;https://s.err.ee/photo/crop/2024/08/21/2516029h660ft5.jpg;https://services.err.ee/api/v2/series/getSeriesData?type=video
2026-05-27;1609431817;0;Naerda või mitte naerda...;ETV2 saated;Jupiter > ETV2 saated;https://s.err.ee/photo/crop/2024/09/03/2532896h2413t5.jpg;https://services.err.ee/api/v2/series/getSeriesData?type=video
2026-05-27;1609431823;1725709800;Telelavastus. Mängumõrv;ETV2 saated;Jupiter > ETV2 saated;https://s.err.ee/photo/crop/2020/06/02/784902h739dt5.jpg;https://services.err.ee/api/v2/series/getSeriesData?type=video
2026-05-27;1609431826;0;Südameasi;ETV saated;Jupiter > ETV saated;https://s.err.ee/photo/crop/2024/09/02/2531690h2851t5.jpg;https://services.err.ee/api/v2/series/getSeriesData?type=video
2026-05-27;1609431856;1725271800;Sajand kunstiülikooli;ETV2 saated;Jupiter > ETV2 saated;https://s.err.ee/photo/crop/2024/09/02/2531711h2a14t5.jpg;https://services.err.ee/api/v2/series/getSeriesData?type=video
2026-05-27;1609431892;0;Maitse sünd;ETV saated;Jupiter > ETV saated;https://s.err.ee/photo/crop/2024/09/04/2534513h704et5.jpg;https://services.err.ee/api/v2/series/getSeriesData?type=video
2026-05-27;1609432138;0;Elu loomaaias;ETV saated;Jupiter > ETV saated;https://s.err.ee/photo/crop/2024/09/03/2533526h5c2at5.jpg;https://services.err.ee/api/v2/series/getSeriesData?type=video
2026-05-27;1609432270;0;Shakespeare. Geeniuse kujunemine;ETV2 saated;Jupiter > ETV2 saated;https://s.err.ee/photo/crop/2024/09/02/2532605h6cb0t5.jpg;https://services.err.ee/api/v2/series/getSeriesData?type=video
2026-05-27;1609432288;1744470900;Taylor Swifti Ameerika;ETV saated;Jupiter > ETV saated;https://s.err.ee/photo/crop/2024/09/02/2532464hed89t5.jpg;https://services.err.ee/api/v2/series/getSeriesData?type=video
2026-05-27;1609432309;1725296400;Hapud kurgid 2024;ETV saated;Jupiter > ETV saated;https://s.err.ee/photo/crop/2024/09/02/2532458h7a34t5.jpg;https://services.err.ee/api/v2/series/getSeriesData?type=video
2026-05-27;1609433461;0;Ootame külla;Dokumentaal;Jupiter > Video > Filmid > Dokumentaal;https://s.err.ee/photo/crop/2022/12/23/1724362h16f3t5.jpg;https://services.err.ee/api/v2/series/getSeriesData?type=video
2026-05-27;1609433479;0;18-aastane oligarh;Komöödia;Jupiter > Video > Sarjad > Komöödia;https://s.err.ee/photo/crop/2024/09/02/2532449h23cct5.jpg;https://services.err.ee/api/v2/series/getSeriesData?type=video
2026-05-27;1609433524;0;Keeleveski;Saated;Jupiter > Video > Saated;https://s.err.ee/photo/crop/2024/09/05/2535887he2cat5.jpg;https://services.err.ee/api/v2/series/getSeriesData?type=video
2026-05-27;1609433569;1757955600;Seente erakordne maailm;Dokumentaal;Jupiter > Video > Filmid > Dokumentaal;https://s.err.ee/photo/crop/2024/09/05/2535863h20a0t5.jpg;https://services.err.ee/api/v2/series/getSeriesData?type=video
2026-05-27;1609434118;1772825400;Ukraina naised;Dokumentaal;Jupiter > Video > Filmid > Dokumentaal;https://s.err.ee/photo/crop/2024/08/21/2518408hc07at5.jpg;https://services.err.ee/api/v2/series/getSeriesData?type=video
2026-05-27;1609435870;1725558600;Öko? Loogiline: Virumaa veed puhtaks;Saated;Jupiter > Video > Saated;;https://services.err.ee/api/v2/series/getSeriesData?type=video
2026-05-27;1609438297;1726318800;Palli-Propeller;ETV2 saated;Jupiter > ETV2 saated;https://s.err.ee/photo/crop/2024/09/11/2542922h29f3t5.jpg;https://services.err.ee/api/v2/series/getSeriesData?type=video
2026-05-27;1609438300;1726352700;Vürst Volkonski;ETV2 saated;Jupiter > ETV2 saated;https://s.err.ee/photo/crop/2024/09/11/2543219hbbb8t5.jpg;https://services.err.ee/api/v2/series/getSeriesData?type=video
2026-05-27;1609438627;1779652200;55 sammu;ETV saated;Jupiter > ETV saated;https://s.err.ee/photo/crop/2024/09/13/2545340hb88ct5.jpg;https://services.err.ee/api/v2/series/getSeriesData?type=video
2026-05-27;1609438699;1725909000;Välisteenistus: Euroopa diplomaatia keskmes;ETV saated;Jupiter > ETV saated;https://s.err.ee/photo/crop/2024/09/09/2539244he281t5.jpg;https://services.err.ee/api/v2/series/getSeriesData?type=video
2026-05-27;1609438717;0;Eesti imeline loodus;ETV saated;Jupiter > ETV saated;;https://services.err.ee/api/v2/series/getSeriesData?type=video
2026-05-27;1609439443;1726163400;Öko? Loogiline: Virumaa veed puhtaks;Saated;Jupiter > Video > Saated;;https://services.err.ee/api/v2/series/getSeriesData?type=video
2026-05-27;1609439446;0;Aasia salajased elud ja peidetud paigad;Dokumentaal;Jupiter > Video > Filmid > Dokumentaal;https://s.err.ee/photo/crop/2024/09/11/2543150ha592t5.jpg;https://services.err.ee/api/v2/series/getSeriesData?type=video
2026-05-27;1609439452;0;Hiirelõks kassile;Krimi;Jupiter > Video > Sarjad > Krimi;https://s.err.ee/photo/crop/2024/09/03/2533643hb410t5.jpg;https://services.err.ee/api/v2/series/getSeriesData?type=video
2026-05-27;1609444801;1758975000;September;ETV2 saated;Jupiter > ETV2 saated;https://s.err.ee/photo/crop/2024/09/19/2551273he2fft5.jpg;https://services.err.ee/api/v2/series/getSeriesData?type=video
2026-05-27;1609445179;1757531100;Hagi Šein. Parimal võimalikul moel;ETV saated;Jupiter > ETV saated;https://s.err.ee/photo/crop/2024/09/16/2547497hbdd7t5.jpg;https://services.err.ee/api/v2/series/getSeriesData?type=video
2026-05-27;1609445182;1750418700;Eesti on vaataja silmades: pagulasena Saksamaal;ETV2 saated;Jupiter > ETV2 saated;https://s.err.ee/photo/crop/2024/09/19/2551261h44ect5.jpg;https://services.err.ee/api/v2/series/getSeriesData?type=video
2026-05-27;1609445224;1726513800;President juhuse tahtel;ETV saated;Jupiter > ETV saated;https://s.err.ee/photo/crop/2024/09/16/2547488h25cat5.jpg;https://services.err.ee/api/v2/series/getSeriesData?type=video
2026-05-27;1609445968;1780757700;Suur põgenemine 1944. Pisarais paadid;Saated;Jupiter > Video > Saated;https://s.err.ee/photo/crop/2024/09/19/2551276h6028t5.jpg;https://services.err.ee/api/v2/series/getSeriesData?type=video
2026-05-27;1609451746;1727475300;Häiritud aastad;ETV2 saated;Jupiter > ETV2 saated;https://s.err.ee/photo/crop/2024/09/26/2559460hd29bt5.jpg;https://services.err.ee/api/v2/series/getSeriesData?type=video
2026-05-27;1609451749;1727116200;Süda ei põle ära;ETV2 saated;Jupiter > ETV2 saated;https://s.err.ee/photo/crop/2024/09/23/2555356hc736t5.jpg;https://services.err.ee/api/v2/series/getSeriesData?type=video
2026-05-27;1609451752;1727634900;Kuus päeva iga nädal on...;ETV2 saated;Jupiter > ETV2 saated;https://s.err.ee/photo/crop/2024/09/23/2555422h5b1at5.jpg;https://services.err.ee/api/v2/series/getSeriesData?type=video
2026-05-27;1609451770;1727630100;Luuletus. Aruanne kirjandusministrile;ETV2 saated;Jupiter > ETV2 saated;;https://services.err.ee/api/v2/series/getSeriesData?type=video
2026-05-27;1609451785;1727556600;Üks päev neljanda võimu elus;ETV2 saated;Jupiter > ETV2 saated;https://s.err.ee/photo/crop/2024/09/26/2559475hc45et5.jpg;https://services.err.ee/api/v2/series/getSeriesData?type=video
2026-05-27;1609452058;1727547900;Päästke meie hinged;ETV2 saated;Jupiter > ETV2 saated;https://s.err.ee/photo/crop/2024/09/24/2556973h130et5.jpg;https://services.err.ee/api/v2/series/getSeriesData?type=video
2026-05-27;1609452064;1743702600;Ülekuulamine Vikerraadio keldris;Kultuur;ETV > Kultuur;https://s.err.ee/photo/crop/2024/09/24/2556961hdd53t5.jpg;https://services.err.ee/api/v2/series/getSeriesData?type=video
2026-05-27;1609452232;1759079700;Jutud Juuretasandil;ETV2 saated;Jupiter > ETV2 saated;https://s.err.ee/photo/crop/2024/09/24/2556952h1da9t5.jpg;https://services.err.ee/api/v2/series/getSeriesData?type=video
2026-05-27;1609452781;1727536500;Pariis, gastronoomia pealinn;Dokumentaal;Jupiter > Video > Filmid > Dokumentaal;https://s.err.ee/photo/crop/2024/09/24/2557120ha46et5.jpg;https://services.err.ee/api/v2/series/getSeriesData?type=video
2026-05-27;1609452808;1758354000;Parvlaev Estonia. Merre maetud;Saated;Jupiter > Video > Saated;https://s.err.ee/photo/crop/2024/09/26/2559490hbb6ft5.jpg;https://services.err.ee/api/v2/series/getSeriesData?type=video
2026-05-27;1609460497;1780115400;Kust konnad tulevad?;ETV2 saated;Jupiter > ETV2 saated;https://s.err.ee/photo/crop/2024/05/02/2377386hef66t5.jpg;https://services.err.ee/api/v2/series/getSeriesData?type=video
2026-05-27;1609461448;1772543700;Kaktusehotell;ETV2 saated;Jupiter > ETV2 saated;https://s.err.ee/photo/crop/2024/09/16/2547407h3436t5.jpg;https://services.err.ee/api/v2/series/getSeriesData?type=video
2026-05-27;1609465002;1728163500;Torquato Tasso;ETV2 saated;Jupiter > ETV2 saated;https://s.err.ee/photo/crop/2024/10/02/2565968hc966t5.jpg;https://services.err.ee/api/v2/series/getSeriesData?type=video
2026-05-27;1609465008;1741455600;Võõrad öös;ETV2 saated;Jupiter > ETV2 saated;https://s.err.ee/photo/crop/2024/09/30/2563385h1bedt5.jpg;https://services.err.ee/api/v2/series/getSeriesData?type=video
2026-05-27;1609465017;1775513700;Etüüdid modelliga;ETV2 saated;Jupiter > ETV2 saated;https://s.err.ee/photo/crop/2024/10/02/2565938hc4c6t5.jpg;https://services.err.ee/api/v2/series/getSeriesData?type=video
2026-05-27;1609465020;0;Paar;ETV2 saated;Jupiter > ETV2 saated;;https://services.err.ee/api/v2/series/getSeriesData?type=video
2026-05-27;1609465041;1727862600;Kitarriga kulgeja Mart Soo;ETV2 saated;Jupiter > ETV2 saated;https://s.err.ee/photo/crop/2024/09/30/2563418hcae7t5.jpg;https://services.err.ee/api/v2/series/getSeriesData?type=video
2026-05-27;1609465386;1728143100;Aasta õpetaja gala 2024;ETV saated;Jupiter > ETV saated;https://s.err.ee/photo/crop/2024/10/02/2566016h946at5.jpg;https://services.err.ee/api/v2/series/getSeriesData?type=video
2026-05-27;1609465479;1727809500;Rahvusvahelise muusikapäeva gala 2024;ETV saated;Jupiter > ETV saated;https://s.err.ee/photo/crop/2024/09/30/2563415hc8e3t5.jpg;https://services.err.ee/api/v2/series/getSeriesData?type=video
2026-05-27;1609465482;0;Tallinn International Horse Show;ETV2 saated;Jupiter > ETV2 saated;https://s.err.ee/photo/crop/2024/10/01/2563919h9411t5.jpg;https://services.err.ee/api/v2/series/getSeriesData?type=video
2026-05-27;1609465491;1734202500;Pärimusmuusika lõikuspidu. Etnokulp 2024;ETV saated;Jupiter > ETV saated;https://s.err.ee/photo/crop/2024/09/30/2563424hf71ct5.jpg;https://services.err.ee/api/v2/series/getSeriesData?type=video
2026-05-27;1609465497;0;IT-vaatlik;ETV saated;Jupiter > ETV saated;https://s.err.ee/photo/crop/2024/10/14/2579710h19f0t5.jpg;https://services.err.ee/api/v2/series/getSeriesData?type=video
2026-05-27;1609471632;0;Jana - igaveseks märgitud;Krimi;Jupiter > Video > Sarjad > Krimi;https://s.err.ee/photo/crop/2026/05/04/3483070h6d83t5.jpg;https://services.err.ee/api/v2/series/getSeriesData?type=video
2026-05-27;1609472772;0;Weekend Festival Pärnus;Saated;Jupiter > Video > Saated;https://s.err.ee/photo/crop/2024/10/08/2574586h1122t5.jpg;https://services.err.ee/api/v2/series/getSeriesData?type=video
2026-05-27;1609472865;1728377700;Maalikunstnik Andres Tolts;ETV2 saated;Jupiter > ETV2 saated;https://s.err.ee/photo/crop/2024/10/08/2574787h8adct5.jpg;https://services.err.ee/api/v2/series/getSeriesData?type=video
2026-05-27;1609472868;0;Niskamäe noorperenaine;ETV2 saated;Jupiter > ETV2 saated;https://s.err.ee/photo/crop/2024/10/08/2574565h97fct5.jpg;https://services.err.ee/api/v2/series/getSeriesData?type=video
2026-05-27;1609472874;1728670800;Minu Virumaa;ETV2 saated;Jupiter > ETV2 saated;https://s.err.ee/photo/crop/2024/10/08/2573989h69cet5.jpg;https://services.err.ee/api/v2/series/getSeriesData?type=video
2026-05-27;1609472892;1738500600;Muusika ja teatri kodu;ETV saated;Jupiter > ETV saated;https://s.err.ee/photo/crop/2024/10/09/2575189h68b3t5.jpg;https://services.err.ee/api/v2/series/getSeriesData?type=video
2026-05-27;1609472901;1731267000;Mees missioonil;ETV saated;Jupiter > ETV saated;https://s.err.ee/photo/crop/2024/10/08/2573932h0e4dt5.jpg;https://services.err.ee/api/v2/series/getSeriesData?type=video
2026-05-27;1609472916;0;Kunstiskandaalid;ETV saated;Jupiter > ETV saated;https://s.err.ee/photo/crop/2024/10/09/2575249h69e0t5.jpg;https://services.err.ee/api/v2/series/getSeriesData?type=video
2026-05-27;1609474953;0;Laste Ööülikooli rännakud;Lastesaated ja -sarjad;Lasteekraan > Vaata ja kuula > Video > Sarjad > Lastesaated ja -sarjad;https://s.err.ee/photo/crop/2024/10/30/2599873h0361t5.jpg;https://services.err.ee/api/v2/series/getSeriesData?type=video
2026-05-27;1609476870;1752494700;Hea eesti musa;ETV2 saated;Jupiter > ETV2 saated;https://s.err.ee/photo/crop/2025/06/16/2901084h54e9t5.jpg;https://services.err.ee/api/v2/series/getSeriesData?type=video
2026-05-27;1609478121;1729441800;Need on need laulud... Kalju Terasmaa;ETV2 saated;Jupiter > ETV2 saated;https://s.err.ee/photo/crop/2024/10/16/2583175h6214t5.jpg;https://services.err.ee/api/v2/series/getSeriesData?type=video
2026-05-27;1609478571;1729363500;Väike prints. Tähe sünd;ETV2 saated;Jupiter > ETV2 saated;https://s.err.ee/photo/crop/2024/10/15/2581093hf077t5.jpg;https://services.err.ee/api/v2/series/getSeriesData?type=video
2026-05-27;1609478595;0;Nad muutsid Eestit;ETV2 saated;Jupiter > ETV2 saated;https://s.err.ee/photo/crop/2024/10/15/2581126h4401t5.jpg;https://services.err.ee/api/v2/series/getSeriesData?type=video
2026-05-27;1609478631;0;Noorte suusasari;ETV2 saated;Jupiter > ETV2 saated;https://s.err.ee/photo/crop/2025/02/03/2715422he45ft5.jpg;https://services.err.ee/api/v2/series/getSeriesData?type=video
2026-05-27;1609481679;0;Ükskord Odessas;Komöödia;Jupiter > Video > Sarjad > Komöödia;https://s.err.ee/photo/crop/2024/10/14/2579695he7f3t5.jpg;https://services.err.ee/api/v2/series/getSeriesData?type=video
2026-05-27;1609481706;1769279700;Vallalisuse võlud;Komöödia;Jupiter > Video > Filmid > Komöödia;https://s.err.ee/photo/crop/2024/10/15/2581087h75c6t5.jpg;https://services.err.ee/api/v2/series/getSeriesData?type=video
2026-05-27;1609481709;0;Tšingis-khaani Mongoolia;Dokumentaal;Jupiter > Video > Filmid > Dokumentaal;https://s.err.ee/photo/crop/2024/10/16/2583151h26a7t5.jpg;https://services.err.ee/api/v2/series/getSeriesData?type=video
2026-05-27;1609486375;0;Partituur neuroni genotüübile;Dokumentaal;Jupiter > Video > Filmid > Dokumentaal;https://s.err.ee/photo/crop/2024/10/11/2577400h1799t5.jpg;https://services.err.ee/api/v2/series/getSeriesData?type=video
2026-05-27;1609486817;1729968600;Angerjas karris;ETV2 saated;Jupiter > ETV2 saated;https://s.err.ee/photo/crop/2024/10/22/2589946h1b30t5.jpg;https://services.err.ee/api/v2/series/getSeriesData?type=video
2026-05-27;1609487306;1772051700;Annega Sopotis;ETV saated;Jupiter > ETV saated;https://s.err.ee/photo/crop/2024/10/22/2589940hfdc6t5.jpg;https://services.err.ee/api/v2/series/getSeriesData?type=video
2026-05-27;1609488215;1729537800;Vaikne sissetung: Hiina Balkani strateegia;ETV saated;Jupiter > ETV saated;https://s.err.ee/photo/crop/2024/10/21/2588803hb663t5.jpg;https://services.err.ee/api/v2/series/getSeriesData?type=video
2026-05-27;1609490741;1662659400;Öko? Loogiline: Virumaa veed puhtaks;Saated;Jupiter > Video > Saated;;https://services.err.ee/api/v2/series/getSeriesData?type=video
2026-05-27;1609490744;1663264200;Öko? Loogiline: Virumaa veed puhtaks;Saated;Jupiter > Video > Saated;;https://services.err.ee/api/v2/series/getSeriesData?type=video
2026-05-27;1609490747;1663869600;Öko? Loogiline: Virumaa veed puhtaks;Saated;Jupiter > Video > Saated;;https://services.err.ee/api/v2/series/getSeriesData?type=video
2026-05-27;1609490750;1664473800;Öko? Loogiline: Virumaa veed puhtaks;Saated;Jupiter > Video > Saated;;https://services.err.ee/api/v2/series/getSeriesData?type=video
2026-05-27;1609491527;1729452600;Don Giovanni. Teater Vanemuine;ETV2 saated;Jupiter > ETV2 saated;https://s.err.ee/photo/crop/2024/10/18/2586265ha279t5.jpg;https://services.err.ee/api/v2/series/getSeriesData?type=video
2026-05-27;1609494881;1730374500;Orelimeister;ETV2 saated;Jupiter > ETV2 saated;https://s.err.ee/photo/crop/2024/10/31/2600878h09bbt5.jpg;https://services.err.ee/api/v2/series/getSeriesData?type=video
2026-05-27;1609494884;1730674200;Noor pensionär;ETV2 saated;Jupiter > ETV2 saated;https://s.err.ee/photo/crop/2024/10/31/2601190h9260t5.jpg;https://services.err.ee/api/v2/series/getSeriesData?type=video
2026-05-27;1609494905;1730466600;Toscana päikese all - Elle lugu;ETV saated;Jupiter > ETV saated;https://s.err.ee/photo/crop/2024/10/30/2599606hf92bt5.jpg;https://services.err.ee/api/v2/series/getSeriesData?type=video
2026-05-27;1609495262;0;Loodud kestma;ETV saated;Jupiter > ETV saated;https://s.err.ee/photo/crop/2024/10/31/2600881h75f6t5.jpg;https://services.err.ee/api/v2/series/getSeriesData?type=video
2026-05-27;1609495376;1730576100;Eesti parimad ettevõtted 2024;ETV saated;Jupiter > ETV saated;https://s.err.ee/photo/crop/2024/10/30/2599531h86d4t5.jpg;https://services.err.ee/api/v2/series/getSeriesData?type=video
2026-05-27;1609495379;1765584600;Eesti lipp ümber maailma 25;ETV saated;Jupiter > ETV saated;https://s.err.ee/photo/crop/2024/10/30/2599609ha926t5.jpg;https://services.err.ee/api/v2/series/getSeriesData?type=video
2026-05-27;1609495382;1774712700;Köielkõndija;ETV saated;Jupiter > ETV saated;https://s.err.ee/photo/crop/2024/10/28/2596105h1b46t5.jpg;https://services.err.ee/api/v2/series/getSeriesData?type=video
2026-05-27;1609501184;0;Kahekõne valik;ETV2 saated;Jupiter > ETV2 saated;;https://services.err.ee/api/v2/series/getSeriesData?type=video
2026-05-27;1609501376;1743354000;AC/DC. Igavesti noor;ETV2 saated;Jupiter > ETV2 saated;https://s.err.ee/photo/crop/2024/11/06/2606908hbea5t5.jpg;https://services.err.ee/api/v2/series/getSeriesData?type=video
2026-05-27;1609501595;1770489300;Tagasi jääle;ETV saated;Jupiter > ETV saated;https://s.err.ee/photo/crop/2024/11/06/2606911hfb1ft5.jpg;https://services.err.ee/api/v2/series/getSeriesData?type=video
2026-05-27;1609501637;0;Keel ja kool;ETV saated;Jupiter > ETV saated;https://s.err.ee/photo/crop/2024/11/08/2609743hbe4ct5.jpg;https://services.err.ee/api/v2/series/getSeriesData?type=video
2026-05-27;1609501655;0;Saaremaal on zoo;ETV saated;Jupiter > ETV saated;https://s.err.ee/photo/crop/2025/11/11/3084942h6935t5.jpg;https://services.err.ee/api/v2/series/getSeriesData?type=video
2026-05-27;1609501682;1773399600;AHHAA! 27 aastat teadust!;ETV2 saated;Jupiter > ETV2 saated;https://s.err.ee/photo/crop/2024/11/08/2609746h176ct5.jpg;https://services.err.ee/api/v2/series/getSeriesData?type=video
2026-05-27;1609501685;1730751000;Valik 2024;ETV saated;Jupiter > ETV saated;https://s.err.ee/photo/crop/2024/11/04/2604550h1176t5.jpg;https://services.err.ee/api/v2/series/getSeriesData?type=video
2026-05-27;1609501694;1731230100;Isadepäeva kontsert Kilingi-Nõmmel;ETV2 saated;Jupiter > ETV2 saated;https://s.err.ee/photo/crop/2024/11/08/2609728h1f5ft5.jpg;https://services.err.ee/api/v2/series/getSeriesData?type=video
2026-05-27;1609505615;1767864900;Teadus kasumiks;ETV2 saated;Jupiter > ETV2 saated;https://s.err.ee/photo/crop/2024/11/11/2614780hd018t5.jpg;https://services.err.ee/api/v2/series/getSeriesData?type=video
2026-05-27;1609508555;0;Eesti mustrid;ETV2 saated;Jupiter > ETV2 saated;https://s.err.ee/photo/crop/2024/11/11/2614792h4845t5.jpg;https://services.err.ee/api/v2/series/getSeriesData?type=video
2026-05-27;1609509062;0;Uma Pido;ETV2 saated;Jupiter > ETV2 saated;https://s.err.ee/photo/crop/2024/11/14/2618863h240ft5.jpg;https://services.err.ee/api/v2/series/getSeriesData?type=video
2026-05-27;1609509068;1766339700;Metsik Lõuna;ETV2 saated;Jupiter > ETV2 saated;https://s.err.ee/photo/crop/2024/11/14/2618842h3bfbt5.jpg;https://services.err.ee/api/v2/series/getSeriesData?type=video
2026-05-27;1609509152;0;Vanusevahe;Komöödia;Jupiter > Video > Sarjad > Komöödia;https://s.err.ee/photo/crop/2024/11/11/2614609h9b07t5.jpg;https://services.err.ee/api/v2/series/getSeriesData?type=video
2026-05-27;1609509173;0;Erinnüsed;Krimi;Jupiter > Video > Sarjad > Krimi;https://s.err.ee/photo/crop/2024/11/11/2614831h55cdt5.jpg;https://services.err.ee/api/v2/series/getSeriesData?type=video
2026-05-27;1609515050;1732370400;Karavan liigub edasi;ETV2 saated;Jupiter > ETV2 saated;https://s.err.ee/photo/crop/2024/11/20/2625685h4f03t5.jpg;https://services.err.ee/api/v2/series/getSeriesData?type=video
2026-05-27;1609515056;0;Terve suvi;ETV2 saated;Jupiter > ETV2 saated;https://s.err.ee/photo/crop/2024/11/21/2627191hc172t5.jpg;https://services.err.ee/api/v2/series/getSeriesData?type=video
2026-05-27;1609515062;1771201500;Hämarad alleed;ETV2 saated;Jupiter > ETV2 saated;https://s.err.ee/photo/crop/2024/11/12/2615893h7ab9t5.jpg;https://services.err.ee/api/v2/series/getSeriesData?type=video
2026-05-27;1609515077;1732018800;Leping saatanaga. Vahur Kersna vestleb spordifilosoof Paavo Kivisega;ETV2 saated;Jupiter > ETV2 saated;https://s.err.ee/photo/crop/2024/11/14/2619052h640at5.jpg;https://services.err.ee/api/v2/series/getSeriesData?type=video
2026-05-27;1609515098;1771684500;Kuu - värav universumisse;ETV2 saated;Jupiter > ETV2 saated;https://s.err.ee/photo/crop/2024/11/12/2615899h5b3et5.jpg;https://services.err.ee/api/v2/series/getSeriesData?type=video
2026-05-27;1609515503;1772797200;Venemaa, Hiina, Iraan - impeeriumide revanš;ETV saated;Jupiter > ETV saated;https://s.err.ee/photo/crop/2025/06/22/2908530h1379t5.jpg;https://services.err.ee/api/v2/series/getSeriesData?type=video
2026-05-27;1609515554;0;Tants + linn;ETV2 saated;Jupiter > ETV2 saated;https://s.err.ee/photo/crop/2024/11/21/2627164he311t5.jpg;https://services.err.ee/api/v2/series/getSeriesData?type=video
2026-05-27;1609515578;1763717400;Sukk poolsada;ETV saated;Jupiter > ETV saated;https://s.err.ee/photo/crop/2024/11/12/2615920h9118t5.jpg;https://services.err.ee/api/v2/series/getSeriesData?type=video
2026-05-27;1609522280;1755358800;Päike - taevane põrgu;Dokumentaal;Jupiter > Video > Filmid > Dokumentaal;https://s.err.ee/photo/crop/2024/11/25/2632954h6b3et5.jpg;https://services.err.ee/api/v2/series/getSeriesData?type=video
2026-05-27;1609522283;1732908600;Varblane, mitte kanaarilind;Draama;Jupiter > Video > Filmid > Draama;https://s.err.ee/photo/crop/2024/11/28/2636224h2bf5t5.jpg;https://services.err.ee/api/v2/series/getSeriesData?type=video
2026-05-27;1609526183;0;Alexander Armstrong Sri Lankal;ETV saated;Jupiter > ETV saated;https://s.err.ee/photo/crop/2026/04/13/3301141hcae8t5.jpg;https://services.err.ee/api/v2/series/getSeriesData?type=video
2026-05-27;1609526222;1733076000;Piljardi Eesti meistrivõistlused. 9-palli finaal;ETV2 saated;Jupiter > ETV2 saated;https://s.err.ee/photo/crop/2024/11/25/2633197hc4c3t5.jpg;https://services.err.ee/api/v2/series/getSeriesData?type=video
2026-05-27;1609526249;1736193600;Ikeda universum;ETV saated;Jupiter > ETV saated;https://s.err.ee/photo/crop/2024/11/25/2632984he147t5.jpg;https://services.err.ee/api/v2/series/getSeriesData?type=video
2026-05-27;1609527932;0;Kadunud pruut;Krimi;Jupiter > Video > Sarjad > Krimi;https://s.err.ee/photo/crop/2024/11/28/2636203h20b5t5.jpg;https://services.err.ee/api/v2/series/getSeriesData?type=video
2026-05-27;1609527956;0;Päästa ema;Draama;Jupiter > Video > Sarjad > Draama;https://s.err.ee/photo/crop/2024/12/23/2667910hd841t5.jpg;https://services.err.ee/api/v2/series/getSeriesData?type=video
2026-05-27;1609527983;1747573200;Hunt ja lõvi;Maailmakino;Jupiter > Video > Filmid > Maailmakino;https://s.err.ee/photo/crop/2024/11/28/2636245h7a41t5.jpg;https://services.err.ee/api/v2/series/getSeriesData?type=video
2026-05-27;1609528514;0;Laululahing;ETV2 saated;Jupiter > ETV2 saated;;https://services.err.ee/api/v2/series/getSeriesData?type=video
2026-05-27;1609528802;1769895000;Hotell Babylon;ETV2 saated;Jupiter > ETV2 saated;https://s.err.ee/photo/crop/2024/12/04/2643577hddb1t5.jpg;https://services.err.ee/api/v2/series/getSeriesData?type=video
2026-05-27;1609528964;1733170200;Kakskümmend neli keelt, üks Euroopa;ETV saated;Jupiter > ETV saated;https://s.err.ee/photo/crop/2024/12/02/2640649ha494t5.jpg;https://services.err.ee/api/v2/series/getSeriesData?type=video
2026-05-27;1609529012;1733245200;Ühtekuuluvuskontsert. Elukoor;ETV2 saated;Jupiter > ETV2 saated;https://s.err.ee/photo/crop/2024/12/02/2640685h450ct5.jpg;https://services.err.ee/api/v2/series/getSeriesData?type=video
2026-05-27;1609529720;0;Ajameelne;Saated;Jupiter > Video > Saated;https://s.err.ee/photo/crop/2024/12/02/2640250ha6a3t5.jpg;https://services.err.ee/api/v2/series/getSeriesData?type=video
2026-05-27;1609532794;0;Ühe minuti filmid 2022 - Keha ja keel;Lühifilmid;Jupiter > Video > Filmid > Lühifilmid;https://s.err.ee/photo/crop/2024/11/26/2633824ha05et5.jpg;https://services.err.ee/api/v2/series/getSeriesData?type=video
2026-05-27;1609533923;0;Davos 1917;Draama;Jupiter > Video > Sarjad > Draama;https://s.err.ee/photo/crop/2024/12/27/2672551h94f4t5.jpg;https://services.err.ee/api/v2/series/getSeriesData?type=video
2026-05-27;1609534913;1755375000;Nähtamatu võitlus;Komöödia;Jupiter > Video > Filmid > Komöödia;https://s.err.ee/photo/crop/2026/03/31/3284319ha86dt5.jpg;https://services.err.ee/api/v2/series/getSeriesData?type=video
2026-05-27;1609535294;1734285900;Krokodill;ETV2 saated;Jupiter > ETV2 saated;https://s.err.ee/photo/crop/2024/12/10/2649919h4223t5.jpg;https://services.err.ee/api/v2/series/getSeriesData?type=video
2026-05-27;1609535297;0;Misantroop;ETV2 saated;Jupiter > ETV2 saated;https://s.err.ee/photo/crop/2024/12/10/2649928h3d24t5.jpg;https://services.err.ee/api/v2/series/getSeriesData?type=video
2026-05-27;1609535465;1770454800;Jäätee veerel;ETV2 saated;Jupiter > ETV2 saated;https://s.err.ee/photo/crop/2024/12/10/2649973hb67bt5.jpg;https://services.err.ee/api/v2/series/getSeriesData?type=video
2026-05-27;1609535813;1780746900;Monumendid ja apelsinid;ETV saated;Jupiter > ETV saated;https://s.err.ee/photo/crop/2024/12/09/2648014h6a19t5.jpg;https://services.err.ee/api/v2/series/getSeriesData?type=video
2026-05-27;1609536683;0;Hundiseadus;Draama;Jupiter > Video > Sarjad > Draama;https://s.err.ee/photo/crop/2024/12/10/2649241h4d24t5.jpg;https://services.err.ee/api/v2/series/getSeriesData?type=video
2026-05-27;1609536770;1780168500;Paljunäoline Jim Carrey;Dokumentaal;Jupiter > Video > Filmid > Dokumentaal;https://s.err.ee/photo/crop/2024/12/10/2649988ha0a2t5.jpg;https://services.err.ee/api/v2/series/getSeriesData?type=video
2026-05-27;1609540000;0;Ühe minuti filmid 2024 - AI=TA;Lühifilmid;Jupiter > Video > Filmid > Lühifilmid;https://s.err.ee/photo/crop/2024/12/09/2648032h5ccat5.jpg;https://services.err.ee/api/v2/series/getSeriesData?type=video
2026-05-27;1609540925;0;Majakas-23;Draama;Jupiter > Video > Sarjad > Draama;https://s.err.ee/photo/crop/2025/04/07/2815307h382at5.jpg;https://services.err.ee/api/v2/series/getSeriesData?type=video
2026-05-27;1609541027;0;Kunagi pole liiga hilja;Draama;Jupiter > Video > Sarjad > Draama;https://s.err.ee/photo/crop/2025/05/05/2847848hba89t5.jpg;https://services.err.ee/api/v2/series/getSeriesData?type=video
2026-05-27;1609541312;0;Viis minutit veel;Draama;Jupiter > Video > Sarjad > Draama;https://s.err.ee/photo/crop/2025/02/28/2762969h66eft5.jpg;https://services.err.ee/api/v2/series/getSeriesData?type=video
2026-05-27;1609542613;0;Eesti Laul 2025. Etteasted ja muusikavideod;Kontserdid ja muusika;Jupiter > Video > Saated > Kontserdid ja muusika;https://s.err.ee/photo/crop/2025/02/16/2738795h86b1t5.jpg;https://services.err.ee/api/v2/series/getSeriesData?type=video
2026-05-27;1609542647;1734783900;"Hendrik Krumm ja ""Maskiball""";ETV2 saated;Jupiter > ETV2 saated;https://s.err.ee/photo/crop/2024/12/16/2657743hd1b3t5.jpg;https://services.err.ee/api/v2/series/getSeriesData?type=video
2026-05-27;1609542656;1752899400;Vaata kööki!;ETV2 saated;Jupiter > ETV2 saated;https://s.err.ee/photo/crop/2024/12/16/2657047hcb34t5.jpg;https://services.err.ee/api/v2/series/getSeriesData?type=video
2026-05-27;1609543088;1772395200;Põgenedes Putini mürgi eest;ETV saated;Jupiter > ETV saated;https://s.err.ee/photo/crop/2024/12/16/2657143h9dd9t5.jpg;https://services.err.ee/api/v2/series/getSeriesData?type=video
2026-05-27;1609543100;0;Elizabeth Taylor. Mässajast superstaar;ETV saated;Jupiter > ETV saated;https://s.err.ee/photo/crop/2024/12/16/2657164h0663t5.jpg;https://services.err.ee/api/v2/series/getSeriesData?type=video
2026-05-27;1609543106;1734470400;Ühendekspeditsiooniväe tippkohtumine Tallinnas;ETV2 saated;Jupiter > ETV2 saated;https://s.err.ee/photo/crop/2024/12/16/2657155h051bt5.jpg;https://services.err.ee/api/v2/series/getSeriesData?type=video
2026-05-27;1609546268;0;Järelkuma;Komöödia;Jupiter > Video > Sarjad > Komöödia;https://s.err.ee/photo/crop/2025/01/20/2695891h4471t5.jpg;https://services.err.ee/api/v2/series/getSeriesData?type=video
2026-05-27;1609549184;0;Onu Tik-Taki seiklused;ETV2 saated;Jupiter > ETV2 saated;https://s.err.ee/photo/crop/2024/12/26/2671894he838t5.jpg;https://services.err.ee/api/v2/series/getSeriesData?type=video
2026-05-27;1609549193;1734948000;Ammuker jõulutaevas;ETV2 saated;Jupiter > ETV2 saated;https://s.err.ee/photo/crop/2024/12/23/2668000hda00t5.jpg;https://services.err.ee/api/v2/series/getSeriesData?type=video
2026-05-27;1609549346;1779569400;Armunud Orphea;ETV2 saated;Jupiter > ETV2 saated;https://s.err.ee/photo/crop/2024/12/27/2672470h94aat5.jpg;https://services.err.ee/api/v2/series/getSeriesData?type=video
2026-05-27;1609549349;1735434000;Sähvatus. Mahavoki uued lood;ETV2 saated;Jupiter > ETV2 saated;https://s.err.ee/photo/crop/2024/12/26/2671975h0cfdt5.jpg;https://services.err.ee/api/v2/series/getSeriesData?type=video
2026-05-27;1609549430;1735156200;Jaan Tätte. Sõbrad, teiega on hea;ETV saated;Jupiter > ETV saated;https://s.err.ee/photo/crop/2024/08/08/2502820h5944t5.jpg;https://services.err.ee/api/v2/series/getSeriesData?type=video
2026-05-27;1609549454;1764530700;Osnap;ETV saated;Jupiter > ETV saated;https://s.err.ee/photo/crop/2024/12/24/2670799h434et5.jpg;https://services.err.ee/api/v2/series/getSeriesData?type=video
2026-05-27;1609549466;1735056000;Kolm meest ja naine. Erilised teatrilood;ETV saated;Jupiter > ETV saated;https://s.err.ee/photo/crop/2024/12/23/2669029h9f36t5.jpg;https://services.err.ee/api/v2/series/getSeriesData?type=video
2026-05-27;1609549469;1766535300;Loni jõulud;ETV saated;Jupiter > ETV saated;https://s.err.ee/photo/crop/2023/12/23/2194216h2762t5.png;https://services.err.ee/api/v2/series/getSeriesData?type=video
2026-05-27;1609549472;1734982200;Intervjuu president Alar Karisega 2024;ETV saated;Jupiter > ETV saated;https://s.err.ee/photo/crop/2024/12/23/2668090h2d21t5.jpg;https://services.err.ee/api/v2/series/getSeriesData?type=video
2026-05-27;1609549478;1734982200;Intervjuu president Alar Karisega 2024 (viipekeeles);ETV2 saated;Jupiter > ETV2 saated;https://s.err.ee/photo/crop/2024/12/23/2668093h20bbt5.jpg;https://services.err.ee/api/v2/series/getSeriesData?type=video
2026-05-27;1609549490;1772879700;Kadri nagu orkester;ETV saated;Jupiter > ETV saated;https://s.err.ee/photo/crop/2024/12/26/2671906hfd3dt5.jpg;https://services.err.ee/api/v2/series/getSeriesData?type=video
2026-05-27;1609549493;1735124400;Esimese jõulupüha jumalateenistus Eesti Kristliku Nelipühi Kiriku Toompea kogudusest;ETV saated;Jupiter > ETV saated;https://s.err.ee/photo/crop/2024/12/23/2669614h166et5.jpg;https://services.err.ee/api/v2/series/getSeriesData?type=video
2026-05-27;1609549517;1735501200;2024 Aktuaalses kaameras;ETV saated;Jupiter > ETV saated;https://s.err.ee/photo/crop/2024/12/26/2671960h504ct5.jpg;https://services.err.ee/api/v2/series/getSeriesData?type=video
2026-05-27;1609549520;1735228800;Annabelle ja Noorte Eurovisioon 2024;ETV saated;Jupiter > ETV saated;https://s.err.ee/photo/crop/2024/12/24/2670784h9b3ft5.jpg;https://services.err.ee/api/v2/series/getSeriesData?type=video
2026-05-27;1609549523;1735048800;Jõuluõhtu jumalateenistus Rapla Maarja-Magdaleena kirikus;ETV saated;Jupiter > ETV saated;https://s.err.ee/photo/crop/2024/12/23/2668879hc204t5.jpg;https://services.err.ee/api/v2/series/getSeriesData?type=video
2026-05-27;1609549532;1735057800;Tuhast tõusnud. Estonia Jumalaema kirikus;ETV saated;Jupiter > ETV saated;https://s.err.ee/photo/crop/2024/12/23/2669035h9d28t5.jpg;https://services.err.ee/api/v2/series/getSeriesData?type=video
2026-05-27;1609549538;1764529800;Osnap võrdub Panso;ETV saated;Jupiter > ETV saated;https://s.err.ee/photo/crop/2024/12/24/2670790hb5bbt5.jpg;https://services.err.ee/api/v2/series/getSeriesData?type=video
2026-05-27;1609549541;1734972300;Aasta kultuuripealinnas. Tartu 2024;ETV saated;Jupiter > ETV saated;https://s.err.ee/photo/crop/2024/12/23/2668039h74eet5.jpg;https://services.err.ee/api/v2/series/getSeriesData?type=video
2026-05-27;1609549550;1767987000;Mart Sander Guinnessi rekordi jälgedel;ETV saated;Jupiter > ETV saated;https://s.err.ee/photo/crop/2024/12/27/2672464h21a4t5.jpg;https://services.err.ee/api/v2/series/getSeriesData?type=video
2026-05-27;1609549553;1735061400;Jõulud ETVga;ETV saated;Jupiter > ETV saated;https://s.err.ee/photo/crop/2024/12/23/2669041h7816t5.jpg;https://services.err.ee/api/v2/series/getSeriesData?type=video
2026-05-27;1609549559;1765821600;Kõik saab korda;ETV saated;Jupiter > ETV saated;https://s.err.ee/photo/crop/2024/12/23/2668081h75a3t5.jpg;https://services.err.ee/api/v2/series/getSeriesData?type=video
2026-05-27;1609550666;1744661100;Galina;Dokumentaal;Jupiter > Video > Filmid > Dokumentaal;https://s.err.ee/photo/crop/2024/12/26/2671900he208t5.jpg;https://services.err.ee/api/v2/series/getSeriesData?type=video
2026-05-27;1609550675;0;Aasta planeedil Maa;Dokumentaal;Jupiter > Video > Filmid > Dokumentaal;https://s.err.ee/photo/crop/2024/12/24/2670772h3946t5.jpg;https://services.err.ee/api/v2/series/getSeriesData?type=video
2026-05-27;1609550687;0;Parandamatu Belmondo;Dokumentaal;Jupiter > Video > Filmid > Dokumentaal;https://s.err.ee/photo/crop/2024/12/27/2672446he89bt5.jpg;https://services.err.ee/api/v2/series/getSeriesData?type=video
2026-05-27;1609552685;0;Kass kukub käppadele;Lühifilmid;Jupiter > Video > Filmid > Lühifilmid;https://s.err.ee/photo/crop/2024/12/19/2661697h793ft5.jpg;https://services.err.ee/api/v2/series/getSeriesData?type=video
2026-05-27;1609553831;1767218400;Kreisiraadio šõu;ETV2 saated;Jupiter > ETV2 saated;https://s.err.ee/photo/crop/2024/12/31/2676652hab56t5.jpg;https://services.err.ee/api/v2/series/getSeriesData?type=video
2026-05-27;1609553924;1748458200;Casablanca;ETV2 saated;Jupiter > ETV2 saated;https://s.err.ee/photo/crop/2025/01/02/2678287h5825t5.jpg;https://services.err.ee/api/v2/series/getSeriesData?type=video
2026-05-27;1609553930;1766590200;Mööda rohelisi niite. Eesti Raadio Meeskvarteti lugu;ETV saated;Jupiter > ETV saated;https://s.err.ee/photo/crop/2024/12/30/2676253h922ft5.jpg;https://services.err.ee/api/v2/series/getSeriesData?type=video
2026-05-27;1609553936;1750759200;Urissaare kauboid;ETV saated;Jupiter > ETV saated;https://s.err.ee/photo/crop/2024/12/30/2675983h7b13t5.jpg;https://services.err.ee/api/v2/series/getSeriesData?type=video
2026-05-27;1609554020;1771106100;Bryan Adams Royal Albert Hallis;ETV2 saated;Jupiter > ETV2 saated;https://s.err.ee/photo/crop/2024/12/30/2676361h3871t5.jpg;https://services.err.ee/api/v2/series/getSeriesData?type=video
2026-05-27;1609554035;1777645500;Laulge kaasa Reet Linnaga;ETV saated;Jupiter > ETV saated;https://s.err.ee/photo/crop/2024/12/30/2675998h63c8t5.jpg;https://services.err.ee/api/v2/series/getSeriesData?type=video
2026-05-27;1609554038;1735756200;Kohvipaksult 2025;ETV saated;Jupiter > ETV saated;https://s.err.ee/photo/crop/2024/12/31/2676682h7555t5.jpg;https://services.err.ee/api/v2/series/getSeriesData?type=video
2026-05-27;1609554047;1768153200;Eestlane, atleetide kuningas;ETV saated;Jupiter > ETV saated;https://s.err.ee/photo/crop/2024/12/31/2676685hc3cft5.jpg;https://services.err.ee/api/v2/series/getSeriesData?type=video
2026-05-27;1609554059;1735664400;Suur aastalõpuviktoriin 2024;ETV saated;Jupiter > ETV saated;https://s.err.ee/photo/crop/2024/12/30/2676256hd50ct5.jpg;https://services.err.ee/api/v2/series/getSeriesData?type=video
2026-05-27;1609554065;1735583400;Reet Linna läheb Pärnusse;ETV saated;Jupiter > ETV saated;https://s.err.ee/photo/crop/2024/12/30/2675986ha075t5.jpg;https://services.err.ee/api/v2/series/getSeriesData?type=video
2026-05-27;1609554086;1767304800;Unustamatu JAM;ETV saated;Jupiter > ETV saated;https://s.err.ee/photo/crop/2024/12/30/2676364hd972t5.jpg;https://services.err.ee/api/v2/series/getSeriesData?type=video
2026-05-27;1609554089;1767193200;Kreisiraadio juubel;ETV saated;Jupiter > ETV saated;https://s.err.ee/photo/crop/2024/12/30/2676337hd7bbt5.jpg;https://services.err.ee/api/v2/series/getSeriesData?type=video
2026-05-27;1609554092;1735758600;Riigikogu esimehe uusaastatervitus;ETV saated;Jupiter > ETV saated;https://s.err.ee/photo/crop/2024/12/31/2676667hdb2dt5.jpg;https://services.err.ee/api/v2/series/getSeriesData?type=video
2026-05-27;1609554101;1735681800;Eesti Vabariigi presidendi uusaastatervitus (viipekeelse tõlkega);ETV2 saated;Jupiter > ETV2 saated;https://s.err.ee/photo/crop/2024/12/30/2676307hde28t5.jpg;https://services.err.ee/api/v2/series/getSeriesData?type=video
2026-05-27;1609554104;1735752600;Riigikogu esimehe uusaastatervitus (viipekeelse tõlkega);ETV2 saated;Jupiter > ETV2 saated;https://s.err.ee/photo/crop/2024/12/31/2676661hffc1t5.jpg;https://services.err.ee/api/v2/series/getSeriesData?type=video
2026-05-27;1609554125;1735681800;Eesti Vabariigi presidendi uusaastatervitus;ETV saated;Jupiter > ETV saated;https://s.err.ee/photo/crop/2024/12/30/2676310hcc25t5.jpg;https://services.err.ee/api/v2/series/getSeriesData?type=video
2026-05-27;1609554131;1735672200;Pidu Draamas ja Estonias;ETV saated;Jupiter > ETV saated;https://s.err.ee/photo/crop/2024/12/30/2676262h4415t5.jpg;https://services.err.ee/api/v2/series/getSeriesData?type=video
2026-05-27;1609555646;0;Aastavahetuse segadik;Komöödia;Jupiter > Video > Sarjad > Komöödia;https://s.err.ee/photo/crop/2024/12/30/2675974h5a9dt5.jpg;https://services.err.ee/api/v2/series/getSeriesData?type=video
2026-05-27;1609555667;0;Aastavahetuse patrull;Komöödia;Jupiter > Video > Filmid > Komöödia;https://s.err.ee/photo/crop/2024/12/30/2676244hddf6t5.jpg;https://services.err.ee/api/v2/series/getSeriesData?type=video
2026-05-27;1609555808;1760814900;Rong väljaspool sõiduplaani;Euroopa kino;Jupiter > Video > Filmid > Euroopa kino;https://s.err.ee/photo/crop/2025/01/02/2678317h68e9t5.jpg;https://services.err.ee/api/v2/series/getSeriesData?type=video
2026-05-27;1609555814;0;Pikk nädalavahetus Rory O'Connelliga;Dokumentaal;Jupiter > Video > Filmid > Dokumentaal;https://s.err.ee/photo/crop/2025/01/02/2678296hf29bt5.jpg;https://services.err.ee/api/v2/series/getSeriesData?type=video
2026-05-27;1609555844;1772295600;Looduse maagilised hetked;Dokumentaal;Jupiter > Video > Filmid > Dokumentaal;https://s.err.ee/photo/crop/2025/01/02/2678335h6fe6t5.jpg;https://services.err.ee/api/v2/series/getSeriesData?type=video
2026-05-27;1609555880;0;Lahku. Barcelona;Draama;Jupiter > Video > Sarjad > Draama;https://s.err.ee/photo/crop/2025/01/06/2680408hcce3t5.jpg;https://services.err.ee/api/v2/series/getSeriesData?type=video
2026-05-27;1609556216;0;Rick Steini salajane Prantsusmaa;ETV saated;Jupiter > ETV saated;https://s.err.ee/photo/crop/2025/01/08/2682901h8615t5.jpg;https://services.err.ee/api/v2/series/getSeriesData?type=video
2026-05-27;1609556450;0;Ivalo;ETV saated;Jupiter > ETV saated;https://s.err.ee/photo/crop/2026/05/04/3482731hac97t5.jpg;https://services.err.ee/api/v2/series/getSeriesData?type=video
2026-05-27;1609556525;0;Eesti Laul 2025. Proovipäev;ETV saated;Jupiter > ETV saated;https://s.err.ee/photo/crop/2025/01/13/2688859ha371t5.jpg;https://services.err.ee/api/v2/series/getSeriesData?type=video
2026-05-27;1609556552;0;Kultuuri kodu;ETV saated;Jupiter > ETV saated;https://s.err.ee/photo/crop/2025/01/06/2680666h6ccat5.jpg;https://services.err.ee/api/v2/series/getSeriesData?type=video
2026-05-27;1609556564;1766954100;Maksusõjad;ETV saated;Jupiter > ETV saated;https://s.err.ee/photo/crop/2025/01/06/2680288hb27dt5.jpg;https://services.err.ee/api/v2/series/getSeriesData?type=video
2026-05-27;1609557209;0;Kah mul sugulased;Komöödia;Jupiter > Video > Sarjad > Komöödia;https://s.err.ee/photo/crop/2025/01/06/2680336h1beat5.jpg;https://services.err.ee/api/v2/series/getSeriesData?type=video
2026-05-27;1609557245;0;Erakordsed Šveitsi mägiraudteed;Dokumentaal;Jupiter > Video > Filmid > Dokumentaal;https://s.err.ee/photo/crop/2025/01/09/2685115h6523t5.jpg;https://services.err.ee/api/v2/series/getSeriesData?type=video
2026-05-27;1609565312;1736934300;Maastikud. Anu Kalm;ETV2 saated;Jupiter > ETV2 saated;https://s.err.ee/photo/crop/2025/01/13/2688964hdb19t5.jpg;https://services.err.ee/api/v2/series/getSeriesData?type=video
2026-05-27;1609565315;1737324600;Kodused kontserdid. Erki Pärnoja : Efterglow;ETV2 saated;Jupiter > ETV2 saated;https://s.err.ee/photo/crop/2025/01/13/2689000h14c6t5.jpg;https://services.err.ee/api/v2/series/getSeriesData?type=video
2026-05-27;1609565318;1736888400;Kodused kontserdid. Hedvig Hanson & Band;ETV saated;Jupiter > ETV saated;https://s.err.ee/photo/crop/2025/01/13/2688949hcd25t5.jpg;https://services.err.ee/api/v2/series/getSeriesData?type=video
2026-05-27;1609565375;1768743300;Nii ta on;ETV2 saated;Jupiter > ETV2 saated;https://s.err.ee/photo/crop/2025/01/13/2689330hae44t5.jpg;https://services.err.ee/api/v2/series/getSeriesData?type=video
2026-05-27;1609565738;1775647200;Maduro - hävinematu;ETV saated;Jupiter > ETV saated;https://s.err.ee/photo/crop/2025/01/13/2688907ha4c4t5.jpg;https://services.err.ee/api/v2/series/getSeriesData?type=video
2026-05-27;1609568312;1736587800;President Arnold Rüütli ärasaatmine;ETV saated;Jupiter > ETV saated;https://s.err.ee/photo/crop/2025/01/09/2684239hce38t5.jpg;https://services.err.ee/api/v2/series/getSeriesData?type=video
2026-05-27;1609568315;1736578800;President Arnold Rüütli ärasaatmine. Mälestushetk Toompeal;ETV saated;Jupiter > ETV saated;https://s.err.ee/photo/crop/2025/01/09/2684215h8cabt5.jpg;https://services.err.ee/api/v2/series/getSeriesData?type=video
2026-05-27;1609568318;1736589000;President Arnold Rüütli ärasaatmine (viipekeelse tõlkega);ETV2 saated;Jupiter > ETV2 saated;https://s.err.ee/photo/crop/2025/01/09/2684233hd937t5.jpg;https://services.err.ee/api/v2/series/getSeriesData?type=video
2026-05-27;1609568486;1767636000;Jääkütid;Dokumentaal;Jupiter > Video > Filmid > Dokumentaal;https://s.err.ee/photo/crop/2025/01/13/2689351h8fe5t5.jpg;https://services.err.ee/api/v2/series/getSeriesData?type=video
2026-05-27;1609571051;0;Pealtnägija+;Saated;Jupiter > Video > Saated;https://s.err.ee/photo/crop/2025/01/08/2682880h927et5.jpg;https://services.err.ee/api/v2/series/getSeriesData?type=video
2026-05-27;1609571147;1736506500;Kümme aastat vabariigist noorem. Arnold Rüütel;ETV2 saated;Jupiter > ETV2 saated;https://s.err.ee/photo/crop/2025/01/14/2690935h88f4t5.jpg;https://services.err.ee/api/v2/series/getSeriesData?type=video
2026-05-27;1609571387;1737810900;Veluurpintsak;ETV2 saated;Jupiter > ETV2 saated;https://s.err.ee/photo/crop/2025/01/20/2696023h1d24t5.jpg;https://services.err.ee/api/v2/series/getSeriesData?type=video
2026-05-27;1609571390;0;Hüüdja hääl;ETV2 saated;Jupiter > ETV2 saated;https://s.err.ee/photo/crop/2025/01/20/2697676h0d2bt5.jpg;https://services.err.ee/api/v2/series/getSeriesData?type=video
2026-05-27;1609571396;1737935700;Valged jõulud. Fred Jüssi jõulumõtisklus;ETV2 saated;Jupiter > ETV2 saated;https://s.err.ee/photo/crop/2025/01/20/2697673hda3ft5.jpg;https://services.err.ee/api/v2/series/getSeriesData?type=video
2026-05-27;1609571414;0;Paljad helid;ETV2 saated;Jupiter > ETV2 saated;;https://services.err.ee/api/v2/series/getSeriesData?type=video
2026-05-27;1609571420;1737485400;Ärkamine. Hannah Ild;ETV2 saated;Jupiter > ETV2 saated;;https://services.err.ee/api/v2/series/getSeriesData?type=video
2026-05-27;1609571654;1770380700;Päikeseaeg;ETV2 saated;Jupiter > ETV2 saated;https://s.err.ee/photo/crop/2025/01/20/2696221hc663t5.jpg;https://services.err.ee/api/v2/series/getSeriesData?type=video
2026-05-27;1609571834;1746300000;Meie mees Ameerikas;ETV saated;Jupiter > ETV saated;https://s.err.ee/photo/crop/2025/01/20/2696218he1cft5.jpg;https://services.err.ee/api/v2/series/getSeriesData?type=video
2026-05-27;1609571837;1773000000;Krüptovale;ETV saated;Jupiter > ETV saated;https://s.err.ee/photo/crop/2025/01/20/2695867h0fc7t5.jpg;https://services.err.ee/api/v2/series/getSeriesData?type=video
2026-05-27;1609572287;1741120200;Liv Ullmann: vähem tallatud rada;Dokumentaal;Jupiter > Video > Filmid > Dokumentaal;https://s.err.ee/photo/crop/2025/02/28/2763041ha9a7t5.jpg;https://services.err.ee/api/v2/series/getSeriesData?type=video
2026-05-27;1609572311;1765227900;George Michael. Kunstniku portree;Dokumentaal;Jupiter > Video > Filmid > Dokumentaal;https://s.err.ee/photo/crop/2025/03/31/2807897h4a13t5.jpg;https://services.err.ee/api/v2/series/getSeriesData?type=video
2026-05-27;1609572584;0;Papi;Komöödia;Jupiter > Video > Sarjad > Komöödia;https://s.err.ee/photo/crop/2025/01/20/2695759h731ft5.jpg;https://services.err.ee/api/v2/series/getSeriesData?type=video
2026-05-27;1609574765;0;Tallinn - 80;Dokumentaal;Jupiter > Video > Filmid > Dokumentaal;https://s.err.ee/photo/crop/2025/02/28/2763020hd36ft5.jpg;https://services.err.ee/api/v2/series/getSeriesData?type=video
2026-05-27;1609575731;0;Maxima;Draama;Jupiter > Video > Sarjad > Draama;https://s.err.ee/photo/crop/2025/04/04/2812160hf082t5.jpg;https://services.err.ee/api/v2/series/getSeriesData?type=video
2026-05-27;1609578053;1738447800;Kellanupp;ETV2 saated;Jupiter > ETV2 saated;https://s.err.ee/photo/crop/2025/01/28/2704280ha37ft5.jpg;https://services.err.ee/api/v2/series/getSeriesData?type=video
2026-05-27;1609578056;1738282500;Kõrvemaa sügis;ETV2 saated;Jupiter > ETV2 saated;https://s.err.ee/photo/crop/2025/01/27/2703548h1d47t5.jpg;https://services.err.ee/api/v2/series/getSeriesData?type=video
2026-05-27;1609578059;1738319100;Mõistatuslik inimene. Mõttemäng. A. H. Tammsaare;ETV2 saated;Jupiter > ETV2 saated;https://s.err.ee/photo/crop/2025/01/28/2704310h494at5.jpg;https://services.err.ee/api/v2/series/getSeriesData?type=video
2026-05-27;1609578077;1738528200;EV100. Kuidas tähistasime Tartu rahu;ETV2 saated;Jupiter > ETV2 saated;https://s.err.ee/photo/crop/2025/01/27/2703824h101ct5.jpg;https://services.err.ee/api/v2/series/getSeriesData?type=video
2026-05-27;1609578125;1738441500;Kild minu südamest;ETV saated;Jupiter > ETV saated;https://s.err.ee/photo/crop/2025/01/27/2703833hb5fet5.jpg;https://services.err.ee/api/v2/series/getSeriesData?type=video
2026-05-27;1609579217;1778097900;Suur võidusõit. Lancia Audi vastu;Draama;Jupiter > Video > Filmid > Draama;https://s.err.ee/photo/crop/2025/01/27/2703599hed48t5.jpg;https://services.err.ee/api/v2/series/getSeriesData?type=video
2026-05-27;1609579370;1738512000;Kultuurkapitali aastapreemiate gala 2025;ETV2 saated;Jupiter > ETV2 saated;https://s.err.ee/photo/crop/2024/02/09/2251221hee51t5.jpg;https://services.err.ee/api/v2/series/getSeriesData?type=video
2026-05-27;1609584332;1738968900;Ristumise fenomen;ETV2 saated;Jupiter > ETV2 saated;https://s.err.ee/photo/crop/2025/02/03/2716673h7af7t5.jpg;https://services.err.ee/api/v2/series/getSeriesData?type=video
2026-05-27;1609584335;1739042700;Müümise kunst;ETV2 saated;Jupiter > ETV2 saated;https://s.err.ee/photo/crop/2025/02/05/2719781h6a2et5.jpg;https://services.err.ee/api/v2/series/getSeriesData?type=video
2026-05-27;1609584839;1768912500;Salaja piiril;ETV saated;Jupiter > ETV saated;https://s.err.ee/photo/crop/2025/02/03/2716676h69e6t5.jpg;https://services.err.ee/api/v2/series/getSeriesData?type=video
2026-05-27;1609585470;0;Esimesed pääsukesed;Draama;Jupiter > Video > Sarjad > Draama;https://s.err.ee/photo/crop/2025/02/17/2739869h33dat5.jpg;https://services.err.ee/api/v2/series/getSeriesData?type=video
2026-05-27;1609588692;0;Eesti raamat 500;ETV2 saated;Jupiter > ETV2 saated;https://s.err.ee/photo/crop/2025/01/31/2710289h750at5.jpg;https://services.err.ee/api/v2/series/getSeriesData?type=video
2026-05-27;1609591221;1739727900;Suvekool;ETV2 saated;Jupiter > ETV2 saated;https://s.err.ee/photo/crop/2025/02/12/2731310hba26t5.jpg;https://services.err.ee/api/v2/series/getSeriesData?type=video
2026-05-27;1609591281;1777216800;Sharon Stone. Ellujäämisinstinkt;ETV2 saated;Jupiter > ETV2 saated;https://s.err.ee/photo/crop/2025/02/11/2728112ha221t5.jpg;https://services.err.ee/api/v2/series/getSeriesData?type=video
2026-05-27;1609591716;0;Eesti Laul 2025. Finaal (viipekeelse tõlkega);ETV2 saated;Jupiter > ETV2 saated;https://s.err.ee/photo/crop/2025/02/14/2733881h71dct5.jpg;https://services.err.ee/api/v2/series/getSeriesData?type=video
2026-05-27;1609591737;1739218200;Trumpi tagasitulek;ETV saated;Jupiter > ETV saated;https://s.err.ee/photo/crop/2025/02/06/2720663h5b85t5.jpg;https://services.err.ee/api/v2/series/getSeriesData?type=video
2026-05-27;1609592166;0;Kasakad. Läbi ja lõhki väljamõeldud lugu;Komöödia;Jupiter > Video > Sarjad > Komöödia;https://s.err.ee/photo/crop/2025/02/11/2727986h2504t5.jpg;https://services.err.ee/api/v2/series/getSeriesData?type=video
2026-05-27;1609594215;0;Avatud ja hoitud raamatud;Dokumentaal;Jupiter > Video > Filmid > Dokumentaal;https://s.err.ee/photo/crop/2025/02/06/2720609ha776t5.jpg;https://services.err.ee/api/v2/series/getSeriesData?type=video
2026-05-27;1609594479;1749804600;Kristjan Järvi ja kesköö päike;ETV2 saated;Jupiter > ETV2 saated;https://s.err.ee/photo/crop/2025/02/11/2728118hbc54t5.jpg;https://services.err.ee/api/v2/series/getSeriesData?type=video
2026-05-27;1609596093;1778359500;Stella Stellaris;Lavastused;Jupiter > Video > Saated > Lavastused;https://s.err.ee/photo/crop/2025/02/06/2720603hf50ft5.jpg;https://services.err.ee/api/v2/series/getSeriesData?type=video
2026-05-27;1609597209;0;Isamaa ilu;Dokumentaal;Jupiter > Video > Filmid > Dokumentaal;https://s.err.ee/photo/crop/2025/02/06/2720858h40b0t5.jpg;https://services.err.ee/api/v2/series/getSeriesData?type=video
2026-05-27;1609597407;0;Telelavastus. Ma armastasin sakslast;ETV2 saated;Jupiter > ETV2 saated;https://s.err.ee/photo/crop/2025/02/17/2741132h43b9t5.jpg;https://services.err.ee/api/v2/series/getSeriesData?type=video
2026-05-27;1609597413;1739959200;Kross Krossilt;ETV saated;Jupiter > ETV saated;https://s.err.ee/photo/crop/2025/02/17/2740757hb0a8t5.jpg;https://services.err.ee/api/v2/series/getSeriesData?type=video
2026-05-27;1609597419;1740333600;See mis jääb. Elbert Tuganov;ETV2 saated;Jupiter > ETV2 saated;https://s.err.ee/photo/crop/2025/02/17/2741276haf9ft5.jpg;https://services.err.ee/api/v2/series/getSeriesData?type=video
2026-05-27;1609597503;1740340800;Kelly: kellegi teise unistus;ETV saated;Jupiter > ETV saated;https://s.err.ee/photo/crop/2025/02/17/2739863hccc8t5.jpg;https://services.err.ee/api/v2/series/getSeriesData?type=video
2026-05-27;1609597908;1740326400;EV107. Peaministri aastapäevakõne Tartus;ETV saated;Jupiter > ETV saated;https://s.err.ee/photo/crop/2025/02/23/2752373h393dt5.jpg;https://services.err.ee/api/v2/series/getSeriesData?type=video
2026-05-27;1609597911;1740331800;EV107. Peaministri aastapäevakõne Tartus (viipekeelse tõlkega);ETV2 saated;Jupiter > ETV2 saated;https://s.err.ee/photo/crop/2025/02/17/2740907hf1e4t5.jpg;https://services.err.ee/api/v2/series/getSeriesData?type=video
2026-05-27;1609598757;1740233400;Elujanu;Dokumentaal;Jupiter > Video > Filmid > Dokumentaal;https://s.err.ee/photo/crop/2025/02/17/2741261h37b1t5.jpg;https://services.err.ee/api/v2/series/getSeriesData?type=video
2026-05-27;1609600716;1768026900;Eiffeli torni kulisside taga;Dokumentaal;Jupiter > Video > Filmid > Dokumentaal;https://s.err.ee/photo/crop/2025/02/17/2741249he71dt5.jpg;https://services.err.ee/api/v2/series/getSeriesData?type=video
2026-05-27;1609604586;1774209600;Omariikluse katkematu punane lõng;ETV2 saated;Jupiter > ETV2 saated;https://s.err.ee/photo/crop/2025/02/23/2752193h85adt5.jpg;https://services.err.ee/api/v2/series/getSeriesData?type=video
2026-05-27;1609604814;1740404700;Eesti tänab 2025. Riiklike teenetemärkide üleandmine;ETV saated;Jupiter > ETV saated;https://s.err.ee/photo/crop/2025/02/23/2752244h62d5t5.jpg;https://services.err.ee/api/v2/series/getSeriesData?type=video
2026-05-27;1609604865;1740395400;Orzel. Laidoneri ööd;ETV saated;Jupiter > ETV saated;https://s.err.ee/photo/crop/2025/02/23/2752235h83d2t5.jpg;https://services.err.ee/api/v2/series/getSeriesData?type=video
2026-05-27;1609604892;1756038900;Mille Sina võtaksid?;ETV2 saated;Jupiter > ETV2 saated;https://s.err.ee/photo/crop/2025/02/23/2752253hfde4t5.jpg;https://services.err.ee/api/v2/series/getSeriesData?type=video
2026-05-27;1609605447;1775330700;Süvamaa;Draama;Jupiter > Video > Filmid > Draama;https://s.err.ee/photo/crop/2025/02/27/2761802hbd13t5.jpg;https://services.err.ee/api/v2/series/getSeriesData?type=video
2026-05-27;1609607712;0;Von Fock;Draama;Jupiter > Video > Sarjad > Draama;https://s.err.ee/photo/crop/2025/03/11/2774999he956t5.jpg;https://services.err.ee/api/v2/series/getSeriesData?type=video
2026-05-27;1609610846;0;EV107;Saated;Jupiter > Video > Saated;https://s.err.ee/photo/crop/2025/02/23/2751965hfac4t5.jpg;https://services.err.ee/api/v2/series/getSeriesData?type=video
2026-05-27;1609610909;0;EV107 (viipekeelse tõlkega);Saated;Jupiter > Video > Saated;https://s.err.ee/photo/crop/2025/02/23/2751968h13e5t5.jpg;https://services.err.ee/api/v2/series/getSeriesData?type=video
2026-05-27;1609611306;1780865100;Telelavastus. Naine, kes saabus kell kuus;ETV2 saated;Jupiter > ETV2 saated;https://s.err.ee/photo/crop/2025/03/01/2763800h6d6bt5.jpg;https://services.err.ee/api/v2/series/getSeriesData?type=video
2026-05-27;1609611309;0;Ateljeekontsert;ETV2 saated;Jupiter > ETV2 saated;https://s.err.ee/photo/crop/2025/03/01/2763839h685et5.jpg;https://services.err.ee/api/v2/series/getSeriesData?type=video
2026-05-27;1609611315;1741564200;Veab nagu Subbil...;ETV2 saated;Jupiter > ETV2 saated;https://s.err.ee/photo/crop/2025/03/01/2763851hd3bft5.jpg;https://services.err.ee/api/v2/series/getSeriesData?type=video
2026-05-27;1609611369;1779557700;Margherita teel tähtede poole;ETV saated;Jupiter > ETV saated;https://s.err.ee/photo/crop/2025/02/28/2763053h354at5.jpg;https://services.err.ee/api/v2/series/getSeriesData?type=video
2026-05-27;1609611798;1762609200;Eesti rula lugu. Täispikk versioon;ETV2 saated;Jupiter > ETV2 saated;https://s.err.ee/photo/crop/2025/02/28/2763038h0deat5.jpg;https://services.err.ee/api/v2/series/getSeriesData?type=video
2026-05-27;1609611801;1771000200;Chuck Norris vs Muttika ja Hermaküla;ETV saated;Jupiter > ETV saated;https://s.err.ee/photo/crop/2025/02/28/2763251hd4bct5.jpg;https://services.err.ee/api/v2/series/getSeriesData?type=video
2026-05-27;1609611831;1756063800;Nad lihtsalt tapavad meid;ETV saated;Jupiter > ETV saated;https://s.err.ee/photo/crop/2025/02/28/2763029hc01ct5.jpg;https://services.err.ee/api/v2/series/getSeriesData?type=video
2026-05-27;1609612274;0;Eesti Laul 2025;Kontserdid ja muusika;Jupiter > Video > Saated > Kontserdid ja muusika;https://s.err.ee/photo/crop/2025/02/21/2748164hcecet5.jpg;https://services.err.ee/api/v2/series/getSeriesData?type=video
2026-05-27;1609617235;1741902000;Haldja talu valgus. Helju Mikkel;ETV2 saated;Jupiter > ETV2 saated;https://s.err.ee/photo/crop/2025/03/10/2774306hce0bt5.jpg;https://services.err.ee/api/v2/series/getSeriesData?type=video
2026-05-27;1609617238;0;Ma armastan prantsuse keelt;ETV2 saated;Jupiter > ETV2 saated;https://s.err.ee/photo/crop/2025/03/10/2773376h5474t5.jpg;https://services.err.ee/api/v2/series/getSeriesData?type=video
2026-05-27;1609617274;1741809900;Teekond koju;ETV saated;Jupiter > ETV saated;https://s.err.ee/photo/crop/2025/03/10/2774153h0257t5.jpg;https://services.err.ee/api/v2/series/getSeriesData?type=video
2026-05-27;1609617280;1777147800;Freya Ridings Baloise Sessionil;ETV2 saated;Jupiter > ETV2 saated;https://s.err.ee/photo/crop/2025/03/13/2778278hb620t5.jpg;https://services.err.ee/api/v2/series/getSeriesData?type=video
2026-05-27;1609617331;0;Naisspioonid II maailmasõjas;ETV2 saated;Jupiter > ETV2 saated;https://s.err.ee/photo/crop/2025/03/10/2773817h0607t5.jpg;https://services.err.ee/api/v2/series/getSeriesData?type=video
2026-05-27;1609618654;0;Öine rong;Krimi;Jupiter > Video > Sarjad > Krimi;https://s.err.ee/photo/crop/2025/03/24/2798354haa84t5.jpg;https://services.err.ee/api/v2/series/getSeriesData?type=video
2026-05-27;1609620520;0;Stepilõvi Celaleddin;Draama;Jupiter > Video > Sarjad > Draama;https://s.err.ee/photo/crop/2025/03/10/2773379h5475t5.jpg;https://services.err.ee/api/v2/series/getSeriesData?type=video
2026-05-27;1609620535;1759071900;Täiuslik noot. Céline Dioni seiklus Šveitsis;Dokumentaal;Jupiter > Video > Filmid > Dokumentaal;https://s.err.ee/photo/crop/2025/03/13/2778305hde92t5.jpg;https://services.err.ee/api/v2/series/getSeriesData?type=video
2026-05-27;1609624138;0;Eesti interpreedid;ETV2 saated;Jupiter > ETV2 saated;;https://services.err.ee/api/v2/series/getSeriesData?type=video
2026-05-27;1609624144;1742728500;Finišini on jäänud...;ETV2 saated;Jupiter > ETV2 saated;https://s.err.ee/photo/crop/2025/03/17/2785508h8bd9t5.jpg;https://services.err.ee/api/v2/series/getSeriesData?type=video
2026-05-27;1609624147;1742680200;Trimalhio pidu;ETV2 saated;Jupiter > ETV2 saated;https://s.err.ee/photo/crop/2025/03/17/2785457h04d2t5.jpg;https://services.err.ee/api/v2/series/getSeriesData?type=video
2026-05-27;1609624150;1742596800;Kümme aastat muusikapäevi;ETV2 saated;Jupiter > ETV2 saated;https://s.err.ee/photo/crop/2025/03/17/2784785h08aat5.jpg;https://services.err.ee/api/v2/series/getSeriesData?type=video
2026-05-27;1609624153;1742387400;Tantsib Tamara Soone;ETV2 saated;Jupiter > ETV2 saated;https://s.err.ee/photo/crop/2025/03/17/2784557habact5.jpg;https://services.err.ee/api/v2/series/getSeriesData?type=video
2026-05-27;1609624168;1742389800;Flamencomania;ETV2 saated;Jupiter > ETV2 saated;https://s.err.ee/photo/crop/2025/03/17/2784581h813et5.jpg;https://services.err.ee/api/v2/series/getSeriesData?type=video
2026-05-27;1609624219;0;Tuled kodusadamas;ETV saated;Jupiter > ETV saated;https://s.err.ee/photo/crop/2025/03/17/2785466h02a9t5.jpg;https://services.err.ee/api/v2/series/getSeriesData?type=video
2026-05-27;1609624651;1742675400;Kohtumine Roomas;Komöödia;Jupiter > Video > Filmid > Komöödia;https://s.err.ee/photo/crop/2025/03/17/2785460ha271t5.jpg;https://services.err.ee/api/v2/series/getSeriesData?type=video
2026-05-27;1609624678;1742242200;Arktika relvastamine;ETV saated;Jupiter > ETV saated;https://s.err.ee/photo/crop/2025/03/17/2784278h3547t5.jpg;https://services.err.ee/api/v2/series/getSeriesData?type=video
2026-05-27;1609624714;0;Minu pidu;ETV saated;Jupiter > ETV saated;https://s.err.ee/photo/crop/2025/03/21/2792647h4896t5.jpg;https://services.err.ee/api/v2/series/getSeriesData?type=video
2026-05-27;1609625275;0;Oski;Dokumentaal;Jupiter > Video > Filmid > Dokumentaal;https://s.err.ee/photo/crop/2025/03/11/2775137h7b0bt5.jpg;https://services.err.ee/api/v2/series/getSeriesData?type=video
2026-05-27;1609627459;1750446000;Kuidas peaks seksima?;Euroopa kino;Jupiter > Video > Filmid > Euroopa kino;https://s.err.ee/photo/crop/2025/04/16/2825630hc975t5.jpg;https://services.err.ee/api/v2/series/getSeriesData?type=video
2026-05-27;1609627486;0;Queen of F*cking Everything;Komöödia;Jupiter > Video > Sarjad > Komöödia;https://s.err.ee/photo/crop/2025/04/21/2829788hef2bt5.jpg;https://services.err.ee/api/v2/series/getSeriesData?type=video
2026-05-27;1609631611;0;Pilk sirmi taha;Saated;Jupiter > Video > Saated;https://s.err.ee/photo/crop/2025/03/14/2779421hbb8at5.jpg;https://services.err.ee/api/v2/series/getSeriesData?type=video
2026-05-27;1609632052;1779483300;Lihtne lugu, lõpuga;ETV2 saated;Jupiter > ETV2 saated;https://s.err.ee/photo/crop/2025/03/24/2798333h3cf0t5.jpg;https://services.err.ee/api/v2/series/getSeriesData?type=video
2026-05-27;1609632055;1742821800;Ariste;ETV2 saated;Jupiter > ETV2 saated;https://s.err.ee/photo/crop/2025/03/24/2796926h9509t5.jpg;https://services.err.ee/api/v2/series/getSeriesData?type=video
2026-05-27;1609632058;1743115500;Hüvasti, musketärid!;ETV2 saated;Jupiter > ETV2 saated;https://s.err.ee/photo/crop/2025/03/24/2798363hb791t5.jpg;https://services.err.ee/api/v2/series/getSeriesData?type=video
2026-05-27;1609632079;0;Mehed räägivad armastusest;ETV2 saated;Jupiter > ETV2 saated;https://s.err.ee/photo/crop/2025/03/24/2798351hcba8t5.jpg;https://services.err.ee/api/v2/series/getSeriesData?type=video
2026-05-27;1609632139;1742839200;Hämmastavad taimed;ETV2 saated;Jupiter > ETV2 saated;https://s.err.ee/photo/crop/2025/03/24/2796932hfd2at5.jpg;https://services.err.ee/api/v2/series/getSeriesData?type=video
2026-05-27;1609632556;1774692300;BFM 20 – kool, kus teostuvad unistused;ETV saated;Jupiter > ETV saated;https://s.err.ee/photo/crop/2025/03/24/2797061hbd6at5.jpg;https://services.err.ee/api/v2/series/getSeriesData?type=video
2026-05-27;1609632559;1742847000;Venemaa petuskeem;ETV saated;Jupiter > ETV saated;https://s.err.ee/photo/crop/2025/03/24/2796935hd0e6t5.jpg;https://services.err.ee/api/v2/series/getSeriesData?type=video
2026-05-27;1609632571;1767142200;Eesti teatri auhinnad 2025;ETV2 saated;Jupiter > ETV2 saated;https://s.err.ee/photo/crop/2025/03/24/2798366h908dt5.jpg;https://services.err.ee/api/v2/series/getSeriesData?type=video
2026-05-27;1609637386;1747164600;Korporatiivne toit;Dokumentaal;Jupiter > Video > Filmid > Dokumentaal;https://s.err.ee/photo/crop/2025/04/30/2843006hc9c6t5.jpg;https://services.err.ee/api/v2/series/getSeriesData?type=video
2026-05-27;1609637416;1747769400;Ohtlikult lähedal;Dokumentaal;Jupiter > Video > Filmid > Dokumentaal;https://s.err.ee/photo/crop/2026/05/04/3483010hb309t5.jpg;https://services.err.ee/api/v2/series/getSeriesData?type=video
2026-05-27;1609638211;1739639700;Eesti Laul 2025;Kontserdid ja muusika;Jupiter > Video > Saated > Kontserdid ja muusika;;https://services.err.ee/api/v2/series/getSeriesData?type=video
2026-05-27;1609638700;1743945300;Imeline paik. Laulab Kärt Tomingas;ETV2 saated;Jupiter > ETV2 saated;https://s.err.ee/photo/crop/2025/03/31/2806799h0804t5.jpg;https://services.err.ee/api/v2/series/getSeriesData?type=video
2026-05-27;1609638703;1743586800;Strindbergimäng;ETV2 saated;Jupiter > ETV2 saated;https://s.err.ee/photo/crop/2025/03/31/2807909h8db1t5.jpg;https://services.err.ee/api/v2/series/getSeriesData?type=video
2026-05-27;1609638706;1743876300;Kolm paralleelset sirget lõikuvad enne lõpmatust;ETV2 saated;Jupiter > ETV2 saated;https://s.err.ee/photo/crop/2025/03/31/2807558h2ef7t5.jpg;https://services.err.ee/api/v2/series/getSeriesData?type=video
2026-05-27;1609639228;1743448200;Kas Euroopa on Putinil peos?;ETV saated;Jupiter > ETV saated;https://s.err.ee/photo/crop/2025/03/31/2806604hca8ct5.jpg;https://services.err.ee/api/v2/series/getSeriesData?type=video
2026-05-27;1609642328;0;Eurovisiooni laulud;ETV saated;Jupiter > ETV saated;https://s.err.ee/photo/crop/2026/04/27/3399490h7a24t5.jpg;https://services.err.ee/api/v2/series/getSeriesData?type=video
2026-05-27;1609643270;1746559800;Ükskord metsas;Dokumentaal;Jupiter > Video > Filmid > Dokumentaal;https://s.err.ee/photo/crop/2025/04/30/2843009hd58et5.jpg;https://services.err.ee/api/v2/series/getSeriesData?type=video
2026-05-27;1609643288;0;Puu, mis varjutab metsa;Dokumentaal;Jupiter > Video > Filmid > Dokumentaal;https://s.err.ee/photo/crop/2025/04/28/2839406h1dfet5.jpg;https://services.err.ee/api/v2/series/getSeriesData?type=video
2026-05-27;1609644770;0;Kena nägu;Komöödia;Jupiter > Video > Sarjad > Komöödia;https://s.err.ee/photo/crop/2025/12/01/3109101hb81ct5.jpg;https://services.err.ee/api/v2/series/getSeriesData?type=video
2026-05-27;1609645877;0;Leigo järvemuusika;ETV2 saated;Jupiter > ETV2 saated;https://s.err.ee/photo/crop/2024/06/25/2452282hb207t5.jpg;https://services.err.ee/api/v2/series/getSeriesData?type=video
2026-05-27;1609645883;1744568700;"Kümnes korrus.""Õnne 13"" tegijad Itaalias";ETV2 saated;Jupiter > ETV2 saated;https://s.err.ee/photo/crop/2025/04/08/2816783h878dt5.jpg;https://services.err.ee/api/v2/series/getSeriesData?type=video
2026-05-27;1609645895;0;Pantokraator 30;ETV2 saated;Jupiter > ETV2 saated;https://s.err.ee/photo/crop/2025/04/08/2816777h7385t5.jpg;https://services.err.ee/api/v2/series/getSeriesData?type=video
2026-05-27;1609645925;1775677200;MARJUSTIN 8.0 Juubelisaade Marju Lauristinist;ETV saated;Jupiter > ETV saated;https://s.err.ee/photo/crop/2025/04/07/2815343hea36t5.jpg;https://services.err.ee/api/v2/series/getSeriesData?type=video
2026-05-27;1609646387;1767011100;Eesti muuseumide aastaauhinnad;ETV saated;Jupiter > ETV saated;https://s.err.ee/photo/crop/2024/02/16/2261433hc735t5.jpg;https://services.err.ee/api/v2/series/getSeriesData?type=video
2026-05-27;1609647506;1777145700;Kahtluste võrk;Põnevus/seiklus;Jupiter > Video > Filmid > Põnevus/seiklus;https://s.err.ee/photo/crop/2025/04/07/2815697hca60t5.jpg;https://services.err.ee/api/v2/series/getSeriesData?type=video
2026-05-27;1609649141;1748374200;Vaalamaailm;Dokumentaal;Jupiter > Video > Filmid > Dokumentaal;https://s.err.ee/photo/crop/2025/04/28/2839409hfe5at5.jpg;https://services.err.ee/api/v2/series/getSeriesData?type=video
2026-05-27;1609653020;1753784100;Ringrada;ETV2 saated;Jupiter > ETV2 saated;https://s.err.ee/photo/crop/2025/04/14/2823281h10fbt5.jpg;https://services.err.ee/api/v2/series/getSeriesData?type=video
2026-05-27;1609653050;1755359100;Urmas Ott. One Man Show;ETV2 saated;Jupiter > ETV2 saated;https://s.err.ee/photo/crop/2025/04/15/2824631he2a5t5.jpg;https://services.err.ee/api/v2/series/getSeriesData?type=video
2026-05-27;1609653530;1744959600;Suure Reede jumalateenistus Tallinna Metodisti kirikus;ETV saated;Jupiter > ETV saated;https://s.err.ee/photo/crop/2025/04/14/2823299h3578t5.jpg;https://services.err.ee/api/v2/series/getSeriesData?type=video
2026-05-27;1609653533;1745139600;Ülestõusmispühade jumalateenistus Tallinna püha Siimeoni ja naisprohvet Hanna kirikus;ETV saated;Jupiter > ETV saated;https://s.err.ee/photo/crop/2025/04/21/2830049h0080t5.jpg;https://services.err.ee/api/v2/series/getSeriesData?type=video
2026-05-27;1609654403;1775204700;Ikoonide maailm;Dokumentaal;Jupiter > Video > Filmid > Dokumentaal;https://s.err.ee/photo/crop/2025/04/14/2823311h6f2dt5.jpg;https://services.err.ee/api/v2/series/getSeriesData?type=video
2026-05-27;1609654472;1745132400;Munadepühad Eestis, Lätis ja Leedus;Dokumentaal;Jupiter > Video > Filmid > Dokumentaal;https://s.err.ee/photo/crop/2025/04/15/2824643h3231t5.jpg;https://services.err.ee/api/v2/series/getSeriesData?type=video
2026-05-27;1609654481;1775203200;Notre Dame'i uuestisünd;Dokumentaal;Jupiter > Video > Filmid > Dokumentaal;https://s.err.ee/photo/crop/2025/04/14/2823329hff2at5.jpg;https://services.err.ee/api/v2/series/getSeriesData?type=video
2026-05-27;1609657490;0;Elavad nukud;Saated;Jupiter > Video > Saated;https://s.err.ee/photo/crop/2025/04/09/2817947ha4dft5.jpg;https://services.err.ee/api/v2/series/getSeriesData?type=video
2026-05-27;1609660280;1753655100;Tallinn olümpiatuultes;ETV2 saated;Jupiter > ETV2 saated;https://s.err.ee/photo/crop/2025/04/28/2839655h40a0t5.jpg;https://services.err.ee/api/v2/series/getSeriesData?type=video
2026-05-27;1609660286;1745407500;Urmas Ott ja teised. Viimane saade;ETV2 saated;Jupiter > ETV2 saated;https://s.err.ee/photo/crop/2025/04/21/2830103h0916t5.jpg;https://services.err.ee/api/v2/series/getSeriesData?type=video
2026-05-27;1609660310;1745771400;ABBA forever;ETV2 saated;Jupiter > ETV2 saated;https://s.err.ee/photo/crop/2025/04/23/2832890h91cdt5.jpg;https://services.err.ee/api/v2/series/getSeriesData?type=video
2026-05-27;1609660781;1776551100;Veteranirock 2025;ETV saated;Jupiter > ETV saated;https://s.err.ee/photo/crop/2025/04/21/2830139h0f68t5.jpg;https://services.err.ee/api/v2/series/getSeriesData?type=video
2026-05-27;1609661033;1773744300;Tervise radadel;ETV saated;Jupiter > ETV saated;https://s.err.ee/photo/crop/2025/04/21/2830451hab36t5.jpg;https://services.err.ee/api/v2/series/getSeriesData?type=video
2026-05-27;1609661042;1756059600;Leek läidab luule;ETV2 saated;Jupiter > ETV2 saated;https://s.err.ee/photo/crop/2025/04/21/2830178h6c47t5.jpg;https://services.err.ee/api/v2/series/getSeriesData?type=video
2026-05-27;1609661045;0;Kurlingu segapaaride MM;ETV2 saated;Jupiter > ETV2 saated;https://s.err.ee/photo/crop/2025/04/23/2833421he1cdt5.jpg;https://services.err.ee/api/v2/series/getSeriesData?type=video
2026-05-27;1609661948;1745674500;Reekviem Irenale;Dokumentaal;Jupiter > Video > Filmid > Dokumentaal;https://s.err.ee/photo/crop/2025/04/23/2833076hed7ct5.jpg;https://services.err.ee/api/v2/series/getSeriesData?type=video
2026-05-27;1609664246;0;Süü;Draama;Jupiter > Video > Sarjad > Draama;https://s.err.ee/photo/crop/2025/05/26/2878503h5e98t5.jpg;https://services.err.ee/api/v2/series/getSeriesData?type=video
2026-05-27;1609669121;1745867400;Tuumajaamad sõjakeerises;Dokumentaal;Jupiter > Video > Filmid > Dokumentaal;https://s.err.ee/photo/crop/2025/04/28/2839628haa71t5.jpg;https://services.err.ee/api/v2/series/getSeriesData?type=video
2026-05-27;1609669499;0;Kultuur on kallis;ETV2 saated;Jupiter > ETV2 saated;https://s.err.ee/photo/crop/2025/04/28/2839670hda55t5.jpg;https://services.err.ee/api/v2/series/getSeriesData?type=video
2026-05-27;1609669916;1768507200;Minu lemmikkook;ETV saated;Jupiter > ETV saated;https://s.err.ee/photo/crop/2025/04/28/2839742h6daat5.jpg;https://services.err.ee/api/v2/series/getSeriesData?type=video
2026-05-27;1609669943;1772890200;Osoon Timo Paloga Gröönimaal;ETV saated;Jupiter > ETV saated;https://s.err.ee/photo/crop/2025/04/30/2843174h7b40t5.jpg;https://services.err.ee/api/v2/series/getSeriesData?type=video
2026-05-27;1609670495;1745254800;Paavst Franciscuse visiit;ETV saated;Jupiter > ETV saated;https://s.err.ee/photo/crop/2025/04/21/2830154hcf6ct5.jpg;https://services.err.ee/api/v2/series/getSeriesData?type=video
2026-05-27;1609674017;1745653500;Paavst Franciscuse matusemissa;ETV saated;Jupiter > ETV saated;https://s.err.ee/photo/crop/2025/04/25/2836307h8990t5.jpg;https://services.err.ee/api/v2/series/getSeriesData?type=video
2026-05-27;1609674815;1746472200;Vastupidavus;Dokumentaal;Jupiter > Video > Filmid > Dokumentaal;https://s.err.ee/photo/crop/2025/05/05/2847959h2445t5.jpg;https://services.err.ee/api/v2/series/getSeriesData?type=video
2026-05-27;1609675022;1746702600;Lepo Sumera südameasjad. 10 aastat hiljem;ETV2 saated;Jupiter > ETV2 saated;https://s.err.ee/photo/crop/2025/05/07/2850197h047et5.jpg;https://services.err.ee/api/v2/series/getSeriesData?type=video
2026-05-27;1609675025;1746782400;Vaadates sisse;ETV2 saated;Jupiter > ETV2 saated;https://s.err.ee/photo/crop/2025/05/05/2848661h79f1t5.jpg;https://services.err.ee/api/v2/series/getSeriesData?type=video
2026-05-27;1609675493;1746951300;Emadepäeva kontsert;ETV saated;Jupiter > ETV saated;https://s.err.ee/photo/crop/2024/05/09/2386356h4579t5.jpg;https://services.err.ee/api/v2/series/getSeriesData?type=video
2026-05-27;1609675496;0;Euroopa päeva kontsert;ETV saated;Jupiter > ETV saated;https://s.err.ee/photo/crop/2024/05/07/2383320h0b4bt5.jpg;https://services.err.ee/api/v2/series/getSeriesData?type=video
2026-05-27;1609675508;1777976400;Antipolis;ETV2 saated;Jupiter > ETV2 saated;https://s.err.ee/photo/crop/2025/05/05/2848310h2551t5.jpg;https://services.err.ee/api/v2/series/getSeriesData?type=video
2026-05-27;1609675520;1771088400;Tommy Cash. Espresso Estonia;ETV saated;Jupiter > ETV saated;https://s.err.ee/photo/crop/2025/05/05/2848121hccf9t5.jpg;https://services.err.ee/api/v2/series/getSeriesData?type=video
2026-05-27;1609675523;1777707900;Taavi Teplenkov - tema majesteet komödiant;ETV saated;Jupiter > ETV saated;https://s.err.ee/photo/crop/2025/05/05/2848052h48d5t5.jpg;https://services.err.ee/api/v2/series/getSeriesData?type=video
2026-05-27;1609678589;1779051000;Shirley;Hollywood;Jupiter > Video > Filmid > Hollywood;https://s.err.ee/photo/crop/2025/05/05/2848838h1ffbt5.jpg;https://services.err.ee/api/v2/series/getSeriesData?type=video
2026-05-27;1609678616;1746884700;Krevetipüük hobustel;Dokumentaal;Jupiter > Video > Filmid > Dokumentaal;https://s.err.ee/photo/crop/2025/05/07/2850203h34c1t5.jpg;https://services.err.ee/api/v2/series/getSeriesData?type=video
2026-05-27;1609679213;1747505400;Päralejõudjad;ETV2 saated;Jupiter > ETV2 saated;https://s.err.ee/photo/crop/2025/05/12/2859374he2f5t5.jpg;https://services.err.ee/api/v2/series/getSeriesData?type=video
2026-05-27;1609679216;0;Lood Viini metsades;ETV2 saated;Jupiter > ETV2 saated;https://s.err.ee/photo/crop/2025/05/12/2859083hec1ft5.jpg;https://services.err.ee/api/v2/series/getSeriesData?type=video
2026-05-27;1609679222;1747591200;Vitamiin 10;ETV2 saated;Jupiter > ETV2 saated;https://s.err.ee/photo/crop/2025/05/12/2859896h8b95t5.jpg;https://services.err.ee/api/v2/series/getSeriesData?type=video
2026-05-27;1609679225;1747608300;Elu;ETV2 saated;Jupiter > ETV2 saated;https://s.err.ee/photo/crop/2025/05/12/2859908he5ebt5.jpg;https://services.err.ee/api/v2/series/getSeriesData?type=video
2026-05-27;1609679231;1779043800;"Märt Avandi ja Ott Sepa lauluvõistlus ""Pean saama Eurovisioonile, muidu suren 2010""";ETV saated;Jupiter > ETV saated;https://s.err.ee/photo/crop/2025/05/12/2859644h6d82t5.jpg;https://services.err.ee/api/v2/series/getSeriesData?type=video
2026-05-27;1609679255;1771193100;Süütu;ETV2 saated;Jupiter > ETV2 saated;https://s.err.ee/photo/crop/2026/02/09/3192578hbb77t5.jpg;https://services.err.ee/api/v2/series/getSeriesData?type=video
2026-05-27;1609679279;1777748700;Cannes. Lõikamata;ETV2 saated;Jupiter > ETV2 saated;https://s.err.ee/photo/crop/2025/05/12/2859038h6d8at5.jpg;https://services.err.ee/api/v2/series/getSeriesData?type=video
2026-05-27;1609679651;0;Eurovisiooni lauluvõistlus 2026;ETV saated;Jupiter > ETV saated;https://s.err.ee/photo/crop/2026/05/12/3575287hbed9t5.jpg;https://services.err.ee/api/v2/series/getSeriesData?type=video
2026-05-27;1609679678;1747506900;Kuidas valmistutakse Eurovisiooniks Baselis;ETV saated;Jupiter > ETV saated;https://s.err.ee/photo/crop/2025/05/12/2859437h3470t5.jpg;https://services.err.ee/api/v2/series/getSeriesData?type=video
2026-05-27;1609687343;1771008300;Kihnu maraton;Põnevus/seiklus;Jupiter > Video > Filmid > Põnevus/seiklus;https://s.err.ee/photo/crop/2025/10/20/3058314h9e0ft5.jpg;https://services.err.ee/api/v2/series/getSeriesData?type=video
2026-05-27;1609687364;0;Meister ja Margarita;Lavastused;Jupiter > Video > Saated > Lavastused;https://s.err.ee/photo/crop/2025/05/26/2878071hbf3et5.jpg;https://services.err.ee/api/v2/series/getSeriesData?type=video
2026-05-27;1609687817;0;Vanemuise mosaiik;ETV2 saated;Jupiter > ETV2 saated;https://s.err.ee/photo/crop/2025/05/19/2869194h0591t5.jpg;https://services.err.ee/api/v2/series/getSeriesData?type=video
2026-05-27;1609687823;1748340600;Epikuurlase õnnelik teekond. Eino Tambergi 6 maapealset episoodi;ETV2 saated;Jupiter > ETV2 saated;https://s.err.ee/photo/crop/2025/05/22/2873418hd600t5.jpg;https://services.err.ee/api/v2/series/getSeriesData?type=video
2026-05-27;1609687847;1767469800;Rolling Stones. Rokikuningad;ETV2 saated;Jupiter > ETV2 saated;https://s.err.ee/photo/crop/2025/05/21/2872722ha267t5.jpg;https://services.err.ee/api/v2/series/getSeriesData?type=video
2026-05-27;1609688234;1748106000;Endel Nõgene. Maestro Tartust;ETV saated;Jupiter > ETV saated;https://s.err.ee/photo/crop/2025/05/21/2872689h1219t5.jpg;https://services.err.ee/api/v2/series/getSeriesData?type=video
2026-05-27;1609691321;0;Eurolaulud 2025 eesti viipekeeles;Kontserdid ja muusika;Jupiter > Video > Saated > Kontserdid ja muusika;https://s.err.ee/photo/crop/2025/05/12/2860460h171at5.jpg;https://services.err.ee/api/v2/series/getSeriesData?type=video
2026-05-27;1609695065;0;Jaanipäev Setumaal;Saated;Jupiter > Video > Saated;https://s.err.ee/photo/crop/2025/06/20/2906211h2a07t5.jpg;https://services.err.ee/api/v2/series/getSeriesData?type=video
2026-05-27;1609695227;1748253900;Elujõud. Kai Leete;ETV2 saated;Jupiter > ETV2 saated;https://s.err.ee/photo/crop/2025/05/26/2878131he00et5.jpg;https://services.err.ee/api/v2/series/getSeriesData?type=video
2026-05-27;1609695230;1748252400;Siia, siia, siirdu, viirgu!;ETV2 saated;Jupiter > ETV2 saated;https://s.err.ee/photo/crop/2025/05/26/2878128h3adct5.jpg;https://services.err.ee/api/v2/series/getSeriesData?type=video
2026-05-27;1609695233;1750559700;Peiar;ETV2 saated;Jupiter > ETV2 saated;https://s.err.ee/photo/crop/2025/05/26/2878374h1de4t5.jpg;https://services.err.ee/api/v2/series/getSeriesData?type=video
2026-05-27;1609695236;1748518500;Olev Sooants-Soans. Eestimaa piltatlas;ETV2 saated;Jupiter > ETV2 saated;https://s.err.ee/photo/crop/2025/05/26/2878485h4854t5.jpg;https://services.err.ee/api/v2/series/getSeriesData?type=video
2026-05-27;1609695239;0;Tour de Danse;ETV2 saated;Jupiter > ETV2 saated;;https://services.err.ee/api/v2/series/getSeriesData?type=video
2026-05-27;1609695245;1751956200;Mina ka;ETV saated;Jupiter > ETV saated;;https://services.err.ee/api/v2/series/getSeriesData?type=video
2026-05-27;1609695251;1748797200;Saaremaa valss;ETV2 saated;Jupiter > ETV2 saated;https://s.err.ee/photo/crop/2025/05/29/2881791h75b6t5.jpg;https://services.err.ee/api/v2/series/getSeriesData?type=video
2026-05-27;1609695254;1748520900;Tantsivad Age Oks ja Toomas Edur;ETV2 saated;Jupiter > ETV2 saated;https://s.err.ee/photo/crop/2025/05/26/2878491h3e10t5.jpg;https://services.err.ee/api/v2/series/getSeriesData?type=video
2026-05-27;1609695257;1748249100;Sündinud tantsule. Kai Leete;ETV2 saated;Jupiter > ETV2 saated;https://s.err.ee/photo/crop/2025/05/26/2878098h921ft5.jpg;https://services.err.ee/api/v2/series/getSeriesData?type=video
2026-05-27;1609695638;1748794500;Pardiralli 2025;ETV saated;Jupiter > ETV saated;https://s.err.ee/photo/crop/2025/05/26/2878467hef4ct5.jpg;https://services.err.ee/api/v2/series/getSeriesData?type=video
2026-05-27;1609695647;1763382300;Ühe laua taga: kriis, inimene ja vastupidavus;ETV2 saated;Jupiter > ETV2 saated;https://s.err.ee/photo/crop/2025/05/26/2878188h1a43t5.jpg;https://services.err.ee/api/v2/series/getSeriesData?type=video
2026-05-27;1609696694;1747417800;Maile Grünbergi värvilised maailmad;ETV2 saated;Jupiter > ETV2 saated;https://s.err.ee/photo/crop/2025/05/19/2869971h90eet5.jpg;https://services.err.ee/api/v2/series/getSeriesData?type=video
2026-05-27;1609698431;1759165200;Soola paradoks – õnnistus või needus?;Dokumentaal;Jupiter > Video > Filmid > Dokumentaal;https://s.err.ee/photo/crop/2025/05/26/2878545hba85t5.jpg;https://services.err.ee/api/v2/series/getSeriesData?type=video
2026-05-27;1609700489;0;Augustivalgus;ETV2 saated;Jupiter > ETV2 saated;;https://services.err.ee/api/v2/series/getSeriesData?type=video
2026-05-27;1609701992;0;Tegijad;ETV2 saated;Jupiter > ETV2 saated;;https://services.err.ee/api/v2/series/getSeriesData?type=video
2026-05-27;1609702241;1749408000;Jalgpalli Rahvuste liiga finaal;ETV2 saated;Jupiter > ETV2 saated;https://s.err.ee/photo/crop/2025/06/06/2892549he686t5.jpg;https://services.err.ee/api/v2/series/getSeriesData?type=video
2026-05-27;1609702286;1748979600;"Viljandi suveooper. Astor Piazzola ""Extraordinarius regularis - Eri lugu""";ETV saated;Jupiter > ETV saated;https://s.err.ee/photo/crop/2025/06/03/2889252h9ee3t5.jpg;https://services.err.ee/api/v2/series/getSeriesData?type=video
2026-05-27;1609708556;1749459000;Enno. Luuletaja Ernst Enno elu ja looming;ETV2 saated;Jupiter > ETV2 saated;https://s.err.ee/photo/crop/2025/06/06/2892615h1a6at5.jpg;https://services.err.ee/api/v2/series/getSeriesData?type=video
2026-05-27;1609708559;1749994500;Oma silmaga. Telemast;ETV2 saated;Jupiter > ETV2 saated;https://s.err.ee/photo/crop/2025/06/09/2894961hccfbt5.jpg;https://services.err.ee/api/v2/series/getSeriesData?type=video
2026-05-27;1609708562;1749906300;Järvimuusika;ETV2 saated;Jupiter > ETV2 saated;https://s.err.ee/photo/crop/2025/06/09/2894811hf392t5.jpg;https://services.err.ee/api/v2/series/getSeriesData?type=video
2026-05-27;1609708565;0;Õpitee;ETV2 saated;Jupiter > ETV2 saated;;https://services.err.ee/api/v2/series/getSeriesData?type=video
2026-05-27;1609708580;1750014420;Eesti Laul 2014 laulud;Kontserdid ja muusika;Jupiter > Video > Saated > Kontserdid ja muusika;;https://services.err.ee/api/v2/series/getSeriesData?type=video
2026-05-27;1609708586;1750011000;Eesti Laul 2019 klipid;Kontserdid ja muusika;Jupiter > Video > Saated > Kontserdid ja muusika;;https://services.err.ee/api/v2/series/getSeriesData?type=video
2026-05-27;1609708589;0;EKM 100;ETV2 saated;Jupiter > ETV2 saated;;https://services.err.ee/api/v2/series/getSeriesData?type=video
2026-05-27;1609708595;1749892500;"""Ta lendab mesipuu poole"" Eesti kommunismiohvrite memoriaalis";ETV saated;Jupiter > ETV saated;;https://services.err.ee/api/v2/series/getSeriesData?type=video
2026-05-27;1609708844;1751485800;Mullaketrajad: pean saama tantsupeole, muidu suren!;ETV saated;Jupiter > ETV saated;https://s.err.ee/photo/crop/2025/06/06/2892633he345t5.jpg;https://services.err.ee/api/v2/series/getSeriesData?type=video
2026-05-27;1609711409;1775928900;2 päeva New Yorgis;Euroopa kino;Jupiter > Video > Filmid > Euroopa kino;https://s.err.ee/photo/crop/2025/06/06/2892687h40d7t5.jpg;https://services.err.ee/api/v2/series/getSeriesData?type=video
2026-05-27;1609712573;1750012500;Uni;ETV2 saated;Jupiter > ETV2 saated;https://s.err.ee/photo/crop/2025/06/09/2894985hc15bt5.jpg;https://services.err.ee/api/v2/series/getSeriesData?type=video
2026-05-27;1609712732;0;Diktorid. Endel Sõerde;Saated;Jupiter > Video > Saated;;https://services.err.ee/api/v2/series/getSeriesData?type=video
2026-05-27;1609712735;0;...nii lendab aeg!;Saated;Jupiter > Video > Saated;;https://services.err.ee/api/v2/series/getSeriesData?type=video
2026-05-27;1609712738;0;Vana masti all;Saated;Jupiter > Video > Saated;;https://services.err.ee/api/v2/series/getSeriesData?type=video
2026-05-27;1609714634;1778437800;Härra Barnett;ETV2 saated;Jupiter > ETV2 saated;https://s.err.ee/photo/crop/2025/06/16/2901237h23c6t5.jpg;https://services.err.ee/api/v2/series/getSeriesData?type=video
2026-05-27;1609714640;1750328700;Järvi festival 2014. Aints & Tüür;ETV2 saated;Jupiter > ETV2 saated;https://s.err.ee/photo/crop/2025/06/16/2901270hc1d4t5.jpg;https://services.err.ee/api/v2/series/getSeriesData?type=video
2026-05-27;1609714643;1750616700;Jaak Joala tähtkuju;ETV2 saated;Jupiter > ETV2 saated;https://s.err.ee/photo/crop/2025/06/16/2901108hf2cct5.jpg;https://services.err.ee/api/v2/series/getSeriesData?type=video
2026-05-27;1609714646;1750591200;"XX tantsupidu ""Minu arm""";ETV2 saated;Jupiter > ETV2 saated;https://s.err.ee/photo/crop/2025/06/20/2905848h5d5ft5.jpg;https://services.err.ee/api/v2/series/getSeriesData?type=video
2026-05-27;1609714802;1764442800;Armastuse olemus;ETV saated;Jupiter > ETV saated;https://s.err.ee/photo/crop/2025/06/16/2901228hc08at5.jpg;https://services.err.ee/api/v2/series/getSeriesData?type=video
2026-05-27;1609714886;0;R2 Minilaiv laulud;Kontserdid ja muusika;Jupiter > Video > Saated > Kontserdid ja muusika;;https://services.err.ee/api/v2/series/getSeriesData?type=video
2026-05-27;1609714892;1750093200;Tantsuperepidu;ETV saated;Jupiter > ETV saated;https://s.err.ee/photo/crop/2025/06/16/2901021h57b2t5.jpg;https://services.err.ee/api/v2/series/getSeriesData?type=video
2026-05-27;1609714895;1750366200;Best of BFM 2025. Balti filmi, meedia ja kunstide instituudi auhinnagala;ETV2 saated;Jupiter > ETV2 saated;https://s.err.ee/photo/crop/2025/06/16/2901258h4df6t5.jpg;https://services.err.ee/api/v2/series/getSeriesData?type=video
2026-05-27;1609717199;0;Kadunud;Draama;Jupiter > Video > Sarjad > Draama;https://s.err.ee/photo/crop/2025/07/21/2953725hc406t5.jpg;https://services.err.ee/api/v2/series/getSeriesData?type=video
2026-05-27;1609717421;0;Tee-Vee õhtu Rein Karemäega;Saated;Jupiter > Video > Saated;;https://services.err.ee/api/v2/series/getSeriesData?type=video
2026-05-27;1609720364;1750845600;Peab kõva mees olema;ETV2 saated;Jupiter > ETV2 saated;https://s.err.ee/photo/crop/2025/06/21/2907360h5da0t5.jpg;https://services.err.ee/api/v2/series/getSeriesData?type=video
2026-05-27;1609720367;1750762800;Grand Dorado;ETV2 saated;Jupiter > ETV2 saated;https://s.err.ee/photo/crop/2025/06/21/2907222heec4t5.jpg;https://services.err.ee/api/v2/series/getSeriesData?type=video
2026-05-27;1609720370;1750933500;Lugu kadunud flöödimängijast. Jaak Joala;ETV2 saated;Jupiter > ETV2 saated;https://s.err.ee/photo/crop/2025/06/21/2907519h4965t5.jpg;https://services.err.ee/api/v2/series/getSeriesData?type=video
2026-05-27;1609720373;1751220000;Trammisõit. Juhan Viiding;ETV2 saated;Jupiter > ETV2 saated;https://s.err.ee/photo/crop/2025/06/21/2907630h5351t5.jpg;https://services.err.ee/api/v2/series/getSeriesData?type=video
2026-05-27;1609720376;0;Soundcheck;ETV2 saated;Jupiter > ETV2 saated;https://s.err.ee/photo/crop/2025/06/21/2907513h0686t5.jpg;https://services.err.ee/api/v2/series/getSeriesData?type=video
2026-05-27;1609720382;1750669200;Eurolaul;Kontserdid ja muusika;Jupiter > Video > Saated > Kontserdid ja muusika;;https://services.err.ee/api/v2/series/getSeriesData?type=video
2026-05-27;1609720406;1750728900;Ivo Linna. Laulud läbi aegade;ETV saated;Jupiter > ETV saated;https://s.err.ee/photo/crop/2025/06/20/2906205h65a6t5.jpg;https://services.err.ee/api/v2/series/getSeriesData?type=video
2026-05-27;1609720430;1750789200;Leelo: Ükskord me naerame niikuinii;ETV saated;Jupiter > ETV saated;https://s.err.ee/photo/crop/2025/06/21/2907225h1e7et5.jpg;https://services.err.ee/api/v2/series/getSeriesData?type=video
2026-05-27;1609720442;1750713900;Sähvatus. Mahavoki laulud;ETV saated;Jupiter > ETV saated;;https://services.err.ee/api/v2/series/getSeriesData?type=video
2026-05-27;1609720445;1750706400;Merelaulude öölaulupidu. Karaoke versioon;ETV saated;Jupiter > ETV saated;https://s.err.ee/photo/crop/2025/06/20/2906193hd4b7t5.jpg;https://services.err.ee/api/v2/series/getSeriesData?type=video
2026-05-27;1609720604;1750664700;Võidupüha paraad 2025;ETV saated;Jupiter > ETV saated;https://s.err.ee/photo/crop/2025/06/20/2906094hab5ct5.jpg;https://services.err.ee/api/v2/series/getSeriesData?type=video
2026-05-27;1609722752;0;Praegustele ja endistele lastele;Saated;Jupiter > Video > Saated;;https://services.err.ee/api/v2/series/getSeriesData?type=video
2026-05-27;1609722761;0;Telesaate sünd;Saated;Jupiter > Video > Saated;https://s.err.ee/photo/crop/2026/03/10/3249461hbf17t5.jpg;https://services.err.ee/api/v2/series/getSeriesData?type=video
2026-05-27;1609722791;1772222700;Anne Veski kontsert Narvas;Kontserdid ja muusika;Jupiter > Video > Saated > Kontserdid ja muusika;https://s.err.ee/photo/crop/2025/06/20/2906196h9209t5.jpg;https://services.err.ee/api/v2/series/getSeriesData?type=video
2026-05-27;1609729322;0;Ekspert eetris;Saated;Jupiter > Video > Saated;https://s.err.ee/photo/crop/2025/07/03/2920086h5348t5.jpg;https://services.err.ee/api/v2/series/getSeriesData?type=video
2026-05-27;1609729622;0;Laulvad teletähed;Kontserdid ja muusika;Jupiter > Video > Saated > Kontserdid ja muusika;;https://services.err.ee/api/v2/series/getSeriesData?type=video
2026-05-27;1609729625;0;ETV 60;Saated;Jupiter > Video > Saated;;https://services.err.ee/api/v2/series/getSeriesData?type=video
2026-05-27;1609729835;0;Maast ja ilmast;Saated;Jupiter > Video > Saated;;https://services.err.ee/api/v2/series/getSeriesData?type=video
2026-05-27;1609730150;1751483100;Oja juures;ETV saated;Jupiter > ETV saated;https://s.err.ee/photo/crop/2025/06/26/2911683h22cat5.jpg;https://services.err.ee/api/v2/series/getSeriesData?type=video
2026-05-27;1609730999;1751890500;Looduse kutse;ETV2 saated;Jupiter > ETV2 saated;https://s.err.ee/photo/crop/2025/07/03/2920836h8ef6t5.jpg;https://services.err.ee/api/v2/series/getSeriesData?type=video
2026-05-27;1609731005;1752404100;Spordilinn Pärnu;ETV2 saated;Jupiter > ETV2 saated;https://s.err.ee/photo/crop/2025/07/08/2935086h88d8t5.jpg;https://services.err.ee/api/v2/series/getSeriesData?type=video
2026-05-27;1609731257;1752322500;AK filmikroonika 1982. Ilvesteade orienteerumine;ETV2 saated;Jupiter > ETV2 saated;https://s.err.ee/photo/crop/2025/07/08/2935113hcca9t5.jpg;https://services.err.ee/api/v2/series/getSeriesData?type=video
2026-05-27;1609731860;0;Ühe minuti filmid 2025 - Loovus vs Loodus;Lühifilmid;Jupiter > Video > Filmid > Lühifilmid;https://s.err.ee/photo/crop/2025/07/01/2916177h8782t5.jpg;https://services.err.ee/api/v2/series/getSeriesData?type=video
2026-05-27;1609731968;1752228000;314 meetrit televisiooni;Dokumentaal;Jupiter > Video > Filmid > Dokumentaal;https://s.err.ee/photo/crop/2025/07/08/2933085h686at5.jpg;https://services.err.ee/api/v2/series/getSeriesData?type=video
2026-05-27;1609731971;1752145200;Olümpiaregati tähed;Saated;Jupiter > Video > Saated;;https://services.err.ee/api/v2/series/getSeriesData?type=video
2026-05-27;1609733675;0;"XXVIII laulu- ja XXI tantsupidu ""Iseoma""";Kontserdid ja muusika;Jupiter > Video > Saated > Kontserdid ja muusika;https://s.err.ee/photo/crop/2025/07/03/2919792hef85t5.jpg;https://services.err.ee/api/v2/series/getSeriesData?type=video
2026-05-27;1609736858;1752970800;ETV 60: Staaride paraad;ETV saated;Jupiter > ETV saated;https://s.err.ee/photo/crop/2025/07/17/2945226hc385t5.jpg;https://services.err.ee/api/v2/series/getSeriesData?type=video
2026-05-27;1609737089;1767188400;See suur, et... Raivo E. Tamm;ETV saated;Jupiter > ETV saated;https://s.err.ee/photo/crop/2025/07/14/2941710h8192t5.jpg;https://services.err.ee/api/v2/series/getSeriesData?type=video
2026-05-27;1609737890;1751624700;Minu pidu. Tuletulemine;ETV saated;Jupiter > ETV saated;https://s.err.ee/photo/crop/2025/07/03/2918970hc8aat5.jpg;https://services.err.ee/api/v2/series/getSeriesData?type=video
2026-05-27;1609742135;0;Kahjuks ei osutunud te sellel korral valituks;ETV2 saated;Jupiter > ETV2 saated;https://s.err.ee/photo/crop/2025/09/29/3033672h6d35t5.jpg;https://services.err.ee/api/v2/series/getSeriesData?type=video
2026-05-27;1609742690;1753570500;Kindel suund;ETV2 saated;Jupiter > ETV2 saated;https://s.err.ee/photo/crop/2025/07/21/2954622hd428t5.jpg;https://services.err.ee/api/v2/series/getSeriesData?type=video
2026-05-27;1609742726;1753389300;Tallinna Olümpiaregatt 40;ETV2 saated;Jupiter > ETV2 saated;https://s.err.ee/photo/crop/2025/07/21/2954298hf8b3t5.jpg;https://services.err.ee/api/v2/series/getSeriesData?type=video
2026-05-27;1609743437;0;Dinosaurus;Komöödia;Jupiter > Video > Sarjad > Komöödia;https://s.err.ee/photo/crop/2025/09/08/3004272h42cdt5.jpg;https://services.err.ee/api/v2/series/getSeriesData?type=video
2026-05-27;1609747787;1754228100;Soolane vahuvein;ETV2 saated;Jupiter > ETV2 saated;https://s.err.ee/photo/crop/2025/07/30/2962056h245bt5.jpg;https://services.err.ee/api/v2/series/getSeriesData?type=video
2026-05-27;1609747790;1753877100;Meistrid ja muusikud;ETV2 saated;Jupiter > ETV2 saated;https://s.err.ee/photo/crop/2025/07/28/2960544h449ct5.jpg;https://services.err.ee/api/v2/series/getSeriesData?type=video
2026-05-27;1609747970;1772613000;Eesti imeline loodus;ETV saated;Jupiter > ETV saated;https://s.err.ee/photo/crop/2025/07/28/2960880h2876t5.jpg;https://services.err.ee/api/v2/series/getSeriesData?type=video
2026-05-27;1609747973;1755368100;Saaremaa ooperipäevad 2025;ETV saated;Jupiter > ETV saated;https://s.err.ee/photo/crop/2025/07/28/2960538had2dt5.jpg;https://services.err.ee/api/v2/series/getSeriesData?type=video
2026-05-27;1609748009;1760612100;Vanemuise suvekontsert 2025;ETV saated;Jupiter > ETV saated;https://s.err.ee/photo/crop/2025/08/04/2965737ha81at5.jpg;https://services.err.ee/api/v2/series/getSeriesData?type=video
2026-05-27;1609748012;1775130600;Simple Session 25. sünnipäev – Rulasõidu tipphetked;ETV2 saated;Jupiter > ETV2 saated;https://s.err.ee/photo/crop/2025/07/30/2962038hf48ft5.jpg;https://services.err.ee/api/v2/series/getSeriesData?type=video
2026-05-27;1609748015;1774529100;Simple Session 25. sünnipäev – BMX tipphetked;ETV2 saated;Jupiter > ETV2 saated;https://s.err.ee/photo/crop/2025/07/30/2962035h13edt5.jpg;https://services.err.ee/api/v2/series/getSeriesData?type=video
2026-05-27;1609752014;1753355100;Tantsuelu;ETV2 saated;Jupiter > ETV2 saated;;https://services.err.ee/api/v2/series/getSeriesData?type=video
2026-05-27;1609752017;0;Õhtu tantsuga;ETV2 saated;Jupiter > ETV2 saated;;https://services.err.ee/api/v2/series/getSeriesData?type=video
2026-05-27;1609752947;1754741700;Maised ihad;ETV2 saated;Jupiter > ETV2 saated;https://s.err.ee/photo/crop/2025/08/07/2968104hc094t5.jpg;https://services.err.ee/api/v2/series/getSeriesData?type=video
2026-05-27;1609752950;1754565000;Veljo Tormise õpituba;ETV2 saated;Jupiter > ETV2 saated;https://s.err.ee/photo/crop/2025/07/31/2962899ha4c0t5.jpg;https://services.err.ee/api/v2/series/getSeriesData?type=video
2026-05-27;1609752953;1754566500;Eesti kalendrilaulud;ETV2 saated;Jupiter > ETV2 saated;https://s.err.ee/photo/crop/2025/08/07/2968053h99a8t5.jpg;https://services.err.ee/api/v2/series/getSeriesData?type=video
2026-05-27;1609752959;1754568900;Veljo Tormise viis eesti rahvatantsu;ETV2 saated;Jupiter > ETV2 saated;https://s.err.ee/photo/crop/2025/08/07/2968065h1986t5.jpg;https://services.err.ee/api/v2/series/getSeriesData?type=video
2026-05-27;1609752962;1754911200;Mister Estonia. Ernst Jaakson;ETV2 saated;Jupiter > ETV2 saated;https://s.err.ee/photo/crop/2025/08/07/2968338h5132t5.jpg;https://services.err.ee/api/v2/series/getSeriesData?type=video
2026-05-27;1609752968;1754651700;Lihtsalt Ants Sööt;ETV2 saated;Jupiter > ETV2 saated;https://s.err.ee/photo/crop/2025/08/07/2968089h0bddt5.jpg;https://services.err.ee/api/v2/series/getSeriesData?type=video
2026-05-27;1609752977;1754847600;Eesti meeste laulud;ETV2 saated;Jupiter > ETV2 saated;https://s.err.ee/photo/crop/2025/08/07/2968344hed29t5.jpg;https://services.err.ee/api/v2/series/getSeriesData?type=video
2026-05-27;1609752995;1754601900;Veljo Tormis 85. Sünnisõnad;ETV2 saated;Jupiter > ETV2 saated;https://s.err.ee/photo/crop/2025/08/07/2968080h0339t5.jpg;https://services.err.ee/api/v2/series/getSeriesData?type=video
2026-05-27;1609753175;0;Arvamusfestival;Saated;Jupiter > Video > Saated;;https://services.err.ee/api/v2/series/getSeriesData?type=video
2026-05-27;1609755944;0;Suveöö unenägu;Lavastused;Jupiter > Video > Saated > Lavastused;https://s.err.ee/photo/crop/2025/07/31/2962854h6269t5.jpg;https://services.err.ee/api/v2/series/getSeriesData?type=video
2026-05-27;1609758431;0;Ristisõda;Krimi;Jupiter > Video > Sarjad > Krimi;https://s.err.ee/photo/crop/2025/10/13/3048462h93f9t5.jpg;https://services.err.ee/api/v2/series/getSeriesData?type=video
2026-05-27;1609758587;0;Mõrvad põhjas;Krimi;Jupiter > Video > Sarjad > Krimi;https://s.err.ee/photo/crop/2025/11/10/3083352h8537t5.jpg;https://services.err.ee/api/v2/series/getSeriesData?type=video
2026-05-27;1609760477;0;Kas oskame hoida ühte...;ETV2 saated;Jupiter > ETV2 saated;https://s.err.ee/photo/crop/2025/08/12/2971590h87eft5.jpg;https://services.err.ee/api/v2/series/getSeriesData?type=video
2026-05-27;1609760903;0;So Long, Marianne;Draama;Jupiter > Video > Sarjad > Draama;https://s.err.ee/photo/crop/2025/08/18/2977653he01ct5.jpg;https://services.err.ee/api/v2/series/getSeriesData?type=video
2026-05-27;1609766015;0;Öölaulupidu Järjepidevus. Parimad palad;ETV2 saated;Jupiter > ETV2 saated;https://s.err.ee/photo/crop/2025/08/18/2977812h2b53t5.jpg;https://services.err.ee/api/v2/series/getSeriesData?type=video
2026-05-27;1609766165;1755714600;Päikese kodanik;ETV saated;Jupiter > ETV saated;https://s.err.ee/photo/crop/2025/08/18/2977806hb16ft5.jpg;https://services.err.ee/api/v2/series/getSeriesData?type=video
2026-05-27;1609766192;1767088200;Iseoma keskel;ETV saated;Jupiter > ETV saated;https://s.err.ee/photo/crop/2025/08/18/2977821h842ct5.jpg;https://services.err.ee/api/v2/series/getSeriesData?type=video
2026-05-27;1609766204;1755709200;"XXVIII laulupidu ""Iseoma"". Kaunid hetked";ETV saated;Jupiter > ETV saated;https://s.err.ee/photo/crop/2025/08/18/2977920h755dt5.jpg;https://services.err.ee/api/v2/series/getSeriesData?type=video
2026-05-27;1609766207;1767256800;"Leib jahtub. XXVIII laulupidu ""Iseoma""";ETV2 saated;Jupiter > ETV2 saated;;https://services.err.ee/api/v2/series/getSeriesData?type=video
2026-05-27;1609766210;1755699000;"Aja tee on konarlik. XXVIII laulupidu ""Iseoma""";ETV2 saated;Jupiter > ETV2 saated;;https://services.err.ee/api/v2/series/getSeriesData?type=video
2026-05-27;1609766213;1755664200;"Mu isamaa, mu õnn ja rõõm. XXVIII laulupidu ""Iseoma""";ETV saated;Jupiter > ETV saated;;https://services.err.ee/api/v2/series/getSeriesData?type=video
2026-05-27;1609766219;1755707400;President Alar Karise kõne Roosiaias (viipekeeles);ETV2 saated;Jupiter > ETV2 saated;https://s.err.ee/photo/crop/2025/08/18/2977917h300ct5.jpg;https://services.err.ee/api/v2/series/getSeriesData?type=video
2026-05-27;1609771136;1756668300;Pärast uste sulgemist...;ETV2 saated;Jupiter > ETV2 saated;https://s.err.ee/photo/crop/2025/08/21/2981628hec32t5.jpg;https://services.err.ee/api/v2/series/getSeriesData?type=video
2026-05-27;1609771139;1756662300;Silinder;ETV2 saated;Jupiter > ETV2 saated;https://s.err.ee/photo/crop/2025/08/21/2981622h15adt5.jpg;https://services.err.ee/api/v2/series/getSeriesData?type=video
2026-05-27;1609771142;0;Lõunavaheaeg;ETV2 saated;Jupiter > ETV2 saated;https://s.err.ee/photo/crop/2025/08/21/2981457h28e4t5.jpg;https://services.err.ee/api/v2/series/getSeriesData?type=video
2026-05-27;1609771169;1771954200;Nii nad sõdivad;ETV saated;Jupiter > ETV saated;https://s.err.ee/photo/crop/2025/08/19/2978886h2ac8t5.jpg;https://services.err.ee/api/v2/series/getSeriesData?type=video
2026-05-27;1609771319;1756408500;Selgitus kõigele;ETV2 saated;Jupiter > ETV2 saated;https://s.err.ee/photo/crop/2025/08/19/2978934h8a75t5.jpg;https://services.err.ee/api/v2/series/getSeriesData?type=video
2026-05-27;1609771322;1756494000;Noémie ütleb jah;ETV2 saated;Jupiter > ETV2 saated;https://s.err.ee/photo/crop/2025/08/21/2981385ha6c6t5.jpg;https://services.err.ee/api/v2/series/getSeriesData?type=video
2026-05-27;1609771772;1765612800;Miljoni dollari einelaud;Dokumentaal;Jupiter > Video > Filmid > Dokumentaal;https://s.err.ee/photo/crop/2025/08/21/2981406h4be4t5.jpg;https://services.err.ee/api/v2/series/getSeriesData?type=video
2026-05-27;1609773179;1755674700;Mesilase päevaraamat;Dokumentaal;Jupiter > Video > Filmid > Dokumentaal;https://s.err.ee/photo/crop/2025/08/18/2977797hd331t5.jpg;https://services.err.ee/api/v2/series/getSeriesData?type=video
2026-05-27;1609773365;1758654000;Namiibia loodusimed - väikesed kangelased, suured jahimehed;Dokumentaal;Jupiter > Video > Filmid > Dokumentaal;https://s.err.ee/photo/crop/2025/09/22/3023778h8dbet5.jpg;https://services.err.ee/api/v2/series/getSeriesData?type=video
2026-05-27;1609773368;1758740400;Meie metsad. Lagendikud;Dokumentaal;Jupiter > Video > Filmid > Dokumentaal;https://s.err.ee/photo/crop/2025/09/22/3023784h3a99t5.jpg;https://services.err.ee/api/v2/series/getSeriesData?type=video
2026-05-27;1609773969;0;Eesti Vabariigi presidendi vastuvõtt Roosiaias 2025;Saated;Jupiter > Video > Saated;https://s.err.ee/photo/crop/2025/08/18/2977908h0a5dt5.jpg;https://services.err.ee/api/v2/series/getSeriesData?type=video
2026-05-27;1609775315;1757263500;Krooniball;ETV2 saated;Jupiter > ETV2 saated;https://s.err.ee/photo/crop/2025/09/05/3002088h971ct5.jpg;https://services.err.ee/api/v2/series/getSeriesData?type=video
2026-05-27;1609775318;1757022000;Merry Christmas mr. Lawrence;ETV2 saated;Jupiter > ETV2 saated;https://s.err.ee/photo/crop/2025/09/01/2996760hc4c4t5.jpg;https://services.err.ee/api/v2/series/getSeriesData?type=video
2026-05-27;1609775321;1756803600;Liiliarist;ETV saated;Jupiter > ETV saated;https://s.err.ee/photo/crop/2025/09/01/2996259hd353t5.jpg;https://services.err.ee/api/v2/series/getSeriesData?type=video
2026-05-27;1609775348;1756842900;Avalik kunst. John Kaldori projektid;ETV2 saated;Jupiter > ETV2 saated;https://s.err.ee/photo/crop/2025/09/01/2996313hb802t5.jpg;https://services.err.ee/api/v2/series/getSeriesData?type=video
2026-05-27;1609775375;0;Muusikast Mihkel Rauaga;ETV saated;Jupiter > ETV saated;https://s.err.ee/photo/crop/2025/10/13/3048513h1cb0t5.jpg;https://services.err.ee/api/v2/series/getSeriesData?type=video
2026-05-27;1609775546;1757327700;Hapud Kurgid 2025;ETV saated;Jupiter > ETV saated;https://s.err.ee/photo/crop/2025/09/01/2996046hf099t5.jpg;https://services.err.ee/api/v2/series/getSeriesData?type=video
2026-05-27;1609775681;1757145600;Peapiiskop Eduard Profittlichi SJ õndsakskuulutamise missa;ETV saated;Jupiter > ETV saated;https://s.err.ee/photo/crop/2025/09/04/3000354h60e4t5.jpg;https://services.err.ee/api/v2/series/getSeriesData?type=video
2026-05-27;1609775687;1757188800;21. sajandi bluus;ETV2 saated;Jupiter > ETV2 saated;https://s.err.ee/photo/crop/2025/09/04/3000468hda39t5.jpg;https://services.err.ee/api/v2/series/getSeriesData?type=video
2026-05-27;1609775723;1757962800;Eesti arhitektuuripreemiad 2024;ETV saated;Jupiter > ETV saated;https://s.err.ee/photo/crop/2025/09/01/2996742hc8bft5.jpg;https://services.err.ee/api/v2/series/getSeriesData?type=video
2026-05-27;1609775735;1756749300;Vabariigi presidendi tervitus kooliaasta alguse puhul;ETV saated;Jupiter > ETV saated;https://s.err.ee/photo/crop/2025/09/01/2995875h8c6ft5.jpg;https://services.err.ee/api/v2/series/getSeriesData?type=video
2026-05-27;1609775741;1756744200;Vabariigi presidendi tervitus kooliaasta alguse puhul (viipekeeles);ETV2 saated;Jupiter > ETV2 saated;https://s.err.ee/photo/crop/2025/09/01/2995980h27f2t5.jpg;https://services.err.ee/api/v2/series/getSeriesData?type=video
2026-05-27;1609775750;1756753800;Lahkumine Tallinnast. 1941;ETV saated;Jupiter > ETV saated;https://s.err.ee/photo/crop/2026/03/31/3284301hc9fat5.jpg;https://services.err.ee/api/v2/series/getSeriesData?type=video
2026-05-27;1609779371;0;Armastan sind igavesti;Draama;Jupiter > Video > Sarjad > Draama;https://s.err.ee/photo/crop/2025/09/01/2996340h88c2t5.jpg;https://services.err.ee/api/v2/series/getSeriesData?type=video
2026-05-27;1609781324;1772946000;Kariibi mere aare;Dokumentaal;Jupiter > Video > Filmid > Dokumentaal;https://s.err.ee/photo/crop/2025/09/04/3000384hf185t5.jpg;https://services.err.ee/api/v2/series/getSeriesData?type=video
2026-05-27;1609781525;0;Ankeet;Saated;Jupiter > Video > Saated;https://s.err.ee/photo/crop/2024/08/19/2512678h3013t5.jpg;https://services.err.ee/api/v2/series/getSeriesData?type=video
2026-05-27;1609781783;1778066700;Postimaja;ETV2 saated;Jupiter > ETV2 saated;https://s.err.ee/photo/crop/2025/09/09/3005724h807ct5.jpg;https://services.err.ee/api/v2/series/getSeriesData?type=video
2026-05-27;1609781786;1757805000;Eluasemed;ETV2 saated;Jupiter > ETV2 saated;https://s.err.ee/photo/crop/2025/09/09/3005685hf16ct5.jpg;https://services.err.ee/api/v2/series/getSeriesData?type=video
2026-05-27;1609781789;1757366400;Langevad lehed;ETV2 saated;Jupiter > ETV2 saated;https://s.err.ee/photo/crop/2025/09/08/3004419h8d9et5.jpg;https://services.err.ee/api/v2/series/getSeriesData?type=video
2026-05-27;1609782176;1777745400;Spektaakel;ETV saated;Jupiter > ETV saated;https://s.err.ee/photo/crop/2025/09/08/3004443hd3det5.jpg;https://services.err.ee/api/v2/series/getSeriesData?type=video
2026-05-27;1609782179;1757610000;Vaikusest sündinud. Arvo Pärt;ETV saated;Jupiter > ETV saated;https://s.err.ee/photo/crop/2025/09/09/3005595h9cc3t5.jpg;https://services.err.ee/api/v2/series/getSeriesData?type=video
2026-05-27;1609782194;1757619300;Kummardus Arvo Pärdile. Paavo Järvi ja Eesti Festivaliorkester;ETV saated;Jupiter > ETV saated;https://s.err.ee/photo/crop/2025/09/11/3009078h6829t5.jpg;https://services.err.ee/api/v2/series/getSeriesData?type=video
2026-05-27;1609782197;1763120100;Kuidas elad, eesti siga?;ETV saated;Jupiter > ETV saated;https://s.err.ee/photo/crop/2025/09/08/3004455h7879t5.jpg;https://services.err.ee/api/v2/series/getSeriesData?type=video
2026-05-27;1609785476;1757590500;Arvo Pärt Inglite linnas;Saated;Jupiter > Video > Saated;https://s.err.ee/photo/crop/2025/09/11/3009063h5a51t5.jpg;https://services.err.ee/api/v2/series/getSeriesData?type=video
2026-05-27;1609788995;1758277800;Aedniku sügis;ETV2 saated;Jupiter > ETV2 saated;https://s.err.ee/photo/crop/2025/09/17/3017409h95cct5.jpg;https://services.err.ee/api/v2/series/getSeriesData?type=video
2026-05-27;1609789004;0;Tõde ja valed;ETV2 saated;Jupiter > ETV2 saated;https://s.err.ee/photo/crop/2025/09/15/3015207hfdf9t5.jpg;https://services.err.ee/api/v2/series/getSeriesData?type=video
2026-05-27;1609789328;1758222000;Kafka teine armastus;ETV2 saated;Jupiter > ETV2 saated;https://s.err.ee/photo/crop/2025/09/15/3015321ha36ct5.jpg;https://services.err.ee/api/v2/series/getSeriesData?type=video
2026-05-27;1609789553;0;Mullist välja;ETV saated;Jupiter > ETV saated;https://s.err.ee/photo/crop/2026/04/20/3308839h3237t5.jpg;https://services.err.ee/api/v2/series/getSeriesData?type=video
2026-05-27;1609789568;1767044400;Rahva oma kaitse 30;ETV2 saated;Jupiter > ETV2 saated;https://s.err.ee/photo/crop/2025/09/17/3017688h81f5t5.jpg;https://services.err.ee/api/v2/series/getSeriesData?type=video
2026-05-27;1609789577;1758474300;Puudutus;ETV saated;Jupiter > ETV saated;https://s.err.ee/photo/crop/2025/09/19/3021648hd192t5.jpg;https://services.err.ee/api/v2/series/getSeriesData?type=video
2026-05-27;1609789583;0;Valimisstuudio (viipekeeles);ETV2 saated;Jupiter > ETV2 saated;https://s.err.ee/photo/crop/2025/09/15/3015183h295et5.jpg;https://services.err.ee/api/v2/series/getSeriesData?type=video
2026-05-27;1609791143;0;Eesti Laul 2026;ETV saated;Jupiter > ETV saated;https://s.err.ee/photo/crop/2026/02/13/3201664hb1c8t5.jpg;https://services.err.ee/api/v2/series/getSeriesData?type=video
2026-05-27;1609797554;1758568200;Venemaa varisõda Aafrikas;ETV saated;Jupiter > ETV saated;https://s.err.ee/photo/crop/2025/09/22/3024465h8adbt5.jpg;https://services.err.ee/api/v2/series/getSeriesData?type=video
2026-05-27;1609803251;1759950000;Kodukoht;Dokumentaal;Jupiter > Video > Filmid > Dokumentaal;https://s.err.ee/photo/crop/2025/10/06/3041211h1ad2t5.jpg;https://services.err.ee/api/v2/series/getSeriesData?type=video
2026-05-27;1609804505;1760122800;Taadi hällilaul;Dokumentaal;Jupiter > Video > Filmid > Dokumentaal;https://s.err.ee/photo/crop/2025/10/06/3041199hca34t5.jpg;https://services.err.ee/api/v2/series/getSeriesData?type=video
2026-05-27;1609804523;1759863600;Kõik on hästi;Dokumentaal;Jupiter > Video > Filmid > Dokumentaal;https://s.err.ee/photo/crop/2025/10/06/3041214h4a1at5.jpg;https://services.err.ee/api/v2/series/getSeriesData?type=video
2026-05-27;1609805213;1767873900;Yasmyn. Selgus päevaks või paariks;ETV2 saated;Jupiter > ETV2 saated;https://s.err.ee/photo/crop/2025/09/29/3034083hb1d6t5.jpg;https://services.err.ee/api/v2/series/getSeriesData?type=video
2026-05-27;1609805237;1767097200;Pärimusmuusika lõikuspidu. Etnokulp 2025;ETV saated;Jupiter > ETV saated;https://s.err.ee/photo/crop/2025/09/29/3033705h6ee9t5.jpg;https://services.err.ee/api/v2/series/getSeriesData?type=video
2026-05-27;1609805252;1759345500;Rahvusvahelise muusikapäeva gala;ETV saated;Jupiter > ETV saated;https://s.err.ee/photo/crop/2025/09/29/3034095hca9ct5.jpg;https://services.err.ee/api/v2/series/getSeriesData?type=video
2026-05-27;1609807490;1759173000;Süüria pärast Assadi;Dokumentaal;Jupiter > Video > Filmid > Dokumentaal;https://s.err.ee/photo/crop/2025/09/29/3033654h0dc4t5.jpg;https://services.err.ee/api/v2/series/getSeriesData?type=video
2026-05-27;1609809029;0;Õhukesel jääl. Putin ja Greenpeace;Dokumentaal;Jupiter > Video > Filmid > Dokumentaal;https://s.err.ee/photo/crop/2026/05/11/3574108h8dfft5.jpg;https://services.err.ee/api/v2/series/getSeriesData?type=video
2026-05-27;1609810658;0;Siia tuleb teater;ETV2 saated;Jupiter > ETV2 saated;https://s.err.ee/photo/crop/2025/09/29/3033681h27a1t5.jpg;https://services.err.ee/api/v2/series/getSeriesData?type=video
2026-05-27;1609811801;0;Mädaõunad;Draama;Jupiter > Video > Sarjad > Draama;https://s.err.ee/photo/crop/2025/10/20/3058881he657t5.jpg;https://services.err.ee/api/v2/series/getSeriesData?type=video
2026-05-27;1609811906;0;Eelmäng;Dokumentaal;Jupiter > Video > Filmid > Dokumentaal;https://s.err.ee/photo/crop/2026/03/30/3283419h89a2t5.jpg;https://services.err.ee/api/v2/series/getSeriesData?type=video
2026-05-27;1609811909;1763492400;Tulevased tšempionid. Kuulsuse hind;Dokumentaal;Jupiter > Video > Filmid > Dokumentaal;https://s.err.ee/photo/crop/2025/11/17/3090792h7d54t5.jpg;https://services.err.ee/api/v2/series/getSeriesData?type=video
2026-05-27;1609811981;1766538300;Norbert ehk Nukumaja;ETV2 saated;Jupiter > ETV2 saated;https://s.err.ee/photo/crop/2025/10/10/3044991h5770t5.jpg;https://services.err.ee/api/v2/series/getSeriesData?type=video
2026-05-27;1609812362;1760289300;Üheotsapilet läände;ETV saated;Jupiter > ETV saated;https://s.err.ee/photo/crop/2025/10/10/3045033hffe6t5.jpg;https://services.err.ee/api/v2/series/getSeriesData?type=video
2026-05-27;1609812401;1766568000;Egon Nuter. Saladus sees;ETV saated;Jupiter > ETV saated;https://s.err.ee/photo/crop/2025/10/06/3041643hdac5t5.jpg;https://services.err.ee/api/v2/series/getSeriesData?type=video
2026-05-27;1609812419;1766761200;Ilmsi või unes. Ivo Uukkivi;ETV saated;Jupiter > ETV saated;https://s.err.ee/photo/crop/2025/10/08/3042807hb9abt5.jpg;https://services.err.ee/api/v2/series/getSeriesData?type=video
2026-05-27;1609812422;1759777800;Lõhki rebitud. Iisraeli-Palestiina plakatisõda;ETV saated;Jupiter > ETV saated;https://s.err.ee/photo/crop/2025/10/06/3041232hc024t5.jpg;https://services.err.ee/api/v2/series/getSeriesData?type=video
2026-05-27;1609813156;1759592700;Aasta õpetaja gala 2025;ETV saated;Jupiter > ETV saated;https://s.err.ee/photo/crop/2025/10/01/3035505hf2b3t5.jpg;https://services.err.ee/api/v2/series/getSeriesData?type=video
2026-05-27;1609814545;1775395500;Palais royal!;Komöödia;Jupiter > Video > Filmid > Komöödia;https://s.err.ee/photo/crop/2025/10/06/3041652hbab7t5.jpg;https://services.err.ee/api/v2/series/getSeriesData?type=video
2026-05-27;1609817881;1764007200;Tehisaru ja sina;Dokumentaal;Jupiter > Video > Filmid > Dokumentaal;https://s.err.ee/photo/crop/2025/10/20/3059304h00b3t5.jpg;https://services.err.ee/api/v2/series/getSeriesData?type=video
2026-05-27;1609818051;0;Leiunurk;Saated;Jupiter > Video > Saated;https://s.err.ee/photo/crop/2024/09/02/2532662h2df2t5.jpg;https://services.err.ee/api/v2/series/getSeriesData?type=video
2026-05-27;1609818265;0;Õhtuintervjuu;ETV2 saated;Jupiter > ETV2 saated;https://s.err.ee/photo/crop/2025/10/13/3048480h60cet5.jpg;https://services.err.ee/api/v2/series/getSeriesData?type=video
2026-05-27;1609818298;1779549600;Aasta Jaapani looduses;ETV saated;Jupiter > ETV saated;https://s.err.ee/photo/crop/2025/10/13/3049383h855ft5.jpg;https://services.err.ee/api/v2/series/getSeriesData?type=video
2026-05-27;1609818337;0;Tulevik ülaltvaates;ETV2 saated;Jupiter > ETV2 saated;https://s.err.ee/photo/crop/2025/10/13/3048324h84act5.jpg;https://services.err.ee/api/v2/series/getSeriesData?type=video
2026-05-27;1609818472;0;Varastatud lootus: Armukelm;ETV saated;Jupiter > ETV saated;https://s.err.ee/photo/crop/2025/10/13/3049365haf1bt5.jpg;https://services.err.ee/api/v2/series/getSeriesData?type=video
2026-05-27;1609818721;0;Valimiste õhtu;ETV saated;Jupiter > ETV saated;https://s.err.ee/photo/crop/2025/10/13/3049554hb291t5.jpg;https://services.err.ee/api/v2/series/getSeriesData?type=video
2026-05-27;1609818757;1760880600;"Biatlonifestival ""Loop One"" Münchenis. Finaalid";ETV saated;Jupiter > ETV saated;https://s.err.ee/photo/crop/2025/10/13/3049413hc49dt5.jpg;https://services.err.ee/api/v2/series/getSeriesData?type=video
2026-05-27;1609818760;0;Valimiste õhtu (eesti viipekeeles);ETV2 saated;Jupiter > ETV2 saated;https://s.err.ee/photo/crop/2025/10/13/3049551hc21dt5.jpg;https://services.err.ee/api/v2/series/getSeriesData?type=video
2026-05-27;1609818772;1760382600;Kaubanduskaos;ETV saated;Jupiter > ETV saated;https://s.err.ee/photo/crop/2025/10/13/3048339hb1d3t5.jpg;https://services.err.ee/api/v2/series/getSeriesData?type=video
2026-05-27;1609820389;0;Ideest aplausini. Tallinna Linnateater 50;Saated;Jupiter > Video > Saated;https://s.err.ee/photo/crop/2025/10/08/3042750h9212t5.jpg;https://services.err.ee/api/v2/series/getSeriesData?type=video
2026-05-27;1609822396;0;Tabuun;Draama;Jupiter > Video > Sarjad > Draama;https://s.err.ee/photo/crop/2025/10/13/3048396heb25t5.jpg;https://services.err.ee/api/v2/series/getSeriesData?type=video
2026-05-27;1609822423;0;Külamehe luiskelood;Komöödia;Jupiter > Video > Sarjad > Komöödia;https://s.err.ee/photo/crop/2025/10/13/3048798h2074t5.jpg;https://services.err.ee/api/v2/series/getSeriesData?type=video
2026-05-27;1609824889;1761489300;Kodulinn;ETV2 saated;Jupiter > ETV2 saated;https://s.err.ee/photo/crop/2025/10/24/3064230h6460t5.jpg;https://services.err.ee/api/v2/series/getSeriesData?type=video
2026-05-27;1609824892;1761132600;Kristjan Raud;ETV2 saated;Jupiter > ETV2 saated;https://s.err.ee/photo/crop/2025/10/21/3059979h074at5.jpg;https://services.err.ee/api/v2/series/getSeriesData?type=video
2026-05-27;1609825345;0;Tippvormi(s);ETV saated;Jupiter > ETV saated;https://s.err.ee/photo/crop/2025/10/20/3058821hd719t5.jpg;https://services.err.ee/api/v2/series/getSeriesData?type=video
2026-05-27;1609825366;1780314600;Koolivaheaeg akordioniga;ETV2 saated;Jupiter > ETV2 saated;https://s.err.ee/photo/crop/2025/10/20/3059241hbb3ft5.jpg;https://services.err.ee/api/v2/series/getSeriesData?type=video
2026-05-27;1609826041;0;Surm paradiisis. Jõulu-eri;Krimi;Jupiter > Video > Sarjad > Krimi;https://s.err.ee/photo/crop/2025/12/03/3112761h2420t5.jpg;https://services.err.ee/api/v2/series/getSeriesData?type=video
2026-05-27;1609826161;0;Zoja;Draama;Jupiter > Video > Sarjad > Draama;https://s.err.ee/photo/crop/2025/10/20/3059571hcfa8t5.jpg;https://services.err.ee/api/v2/series/getSeriesData?type=video
2026-05-27;1609827424;1779908700;Torn;ETV2 saated;Jupiter > ETV2 saated;https://s.err.ee/photo/crop/2026/05/07/3561301h49e3t5.jpg;https://services.err.ee/api/v2/series/getSeriesData?type=video
2026-05-27;1609831075;1762125600;"Tehnikaülikooli Akadeemilise Meeskoori kevadkontsert ""Uni""";ETV2 saated;Jupiter > ETV2 saated;https://s.err.ee/photo/crop/2025/10/31/3071286h63a5t5.jpg;https://services.err.ee/api/v2/series/getSeriesData?type=video
2026-05-27;1609831105;0;Lühhike öppetus Eesti kultuurist;ETV saated;Jupiter > ETV saated;https://s.err.ee/photo/crop/2025/10/28/3067170h8c4dt5.jpg;https://services.err.ee/api/v2/series/getSeriesData?type=video
2026-05-27;1609831501;0;Toiduteadlik;ETV saated;Jupiter > ETV saated;https://s.err.ee/photo/crop/2025/10/27/3066429h6676t5.jpg;https://services.err.ee/api/v2/series/getSeriesData?type=video
2026-05-27;1609831522;1762015500;Eesti parimad ettevõtted 2025;ETV saated;Jupiter > ETV saated;https://s.err.ee/photo/crop/2025/10/28/3067431h756dt5.jpg;https://services.err.ee/api/v2/series/getSeriesData?type=video
2026-05-27;1609834714;0;Meeste jutud;Saated;Jupiter > Video > Saated;https://s.err.ee/photo/crop/2025/11/17/3090858hb472t5.jpg;https://services.err.ee/api/v2/series/getSeriesData?type=video
2026-05-27;1609834726;0;Meestemaailm;Saated;Jupiter > Video > Saated;https://s.err.ee/photo/crop/2025/11/17/3090822h4547t5.jpg;https://services.err.ee/api/v2/series/getSeriesData?type=video
2026-05-27;1609834837;0;Katuselappija;Saated;Jupiter > Video > Saated;https://s.err.ee/photo/crop/2025/11/24/3099402hcb18t5.jpg;https://services.err.ee/api/v2/series/getSeriesData?type=video
2026-05-27;1609834840;0;Suvi on lõppenud. Hando Runnel;Saated;Jupiter > Video > Saated;https://s.err.ee/photo/crop/2025/11/24/3099420h67f3t5.jpg;https://services.err.ee/api/v2/series/getSeriesData?type=video
2026-05-27;1609834849;0;Pühapäev on enda jaoks;Lavastused;Jupiter > Video > Saated > Lavastused;https://s.err.ee/photo/crop/2025/10/28/3067182h9bdct5.jpg;https://services.err.ee/api/v2/series/getSeriesData?type=video
2026-05-27;1609837125;1761202800;Meediahariduse konverents 2025: ekraanid ja hinged – elu digimaailmas;Saated;Jupiter > Video > Saated;https://s.err.ee/photo/crop/2025/10/23/3062664h60cft5.jpg;https://services.err.ee/api/v2/series/getSeriesData?type=video
2026-05-27;1609837639;0;Teekond punktist A punkti B;ETV2 saated;Jupiter > ETV2 saated;https://s.err.ee/photo/crop/2025/11/06/3078327h8449t5.jpg;https://services.err.ee/api/v2/series/getSeriesData?type=video
2026-05-27;1609837972;0;Maailm ja mõnda;ETV saated;Jupiter > ETV saated;https://s.err.ee/photo/crop/2025/11/07/3079635h3b05t5.jpg;https://services.err.ee/api/v2/series/getSeriesData?type=video
2026-05-27;1609838020;0;Ridade vahel;ETV saated;Jupiter > ETV saated;https://s.err.ee/photo/crop/2025/11/28/3106428hc231t5.jpg;https://services.err.ee/api/v2/series/getSeriesData?type=video
2026-05-27;1609838092;0;Meie õpetajad;ETV saated;Jupiter > ETV saated;https://s.err.ee/photo/crop/2025/11/06/3078342hd0e4t5.jpg;https://services.err.ee/api/v2/series/getSeriesData?type=video
2026-05-27;1609838122;1762679700;Isadepäeva kontsert;ETV saated;Jupiter > ETV saated;https://s.err.ee/photo/crop/2025/11/07/3079689h60f5t5.jpg;https://services.err.ee/api/v2/series/getSeriesData?type=video
2026-05-27;1609838689;1761471900;Nazca kõrbe saladus;Dokumentaal;Jupiter > Video > Filmid > Dokumentaal;https://s.err.ee/photo/crop/2025/10/24/3063813hb352t5.jpg;https://services.err.ee/api/v2/series/getSeriesData?type=video
2026-05-27;1609839994;0;Veronika;Draama;Jupiter > Video > Sarjad > Draama;https://s.err.ee/photo/crop/2025/11/03/3074676h0aa1t5.jpg;https://services.err.ee/api/v2/series/getSeriesData?type=video
2026-05-27;1609840615;0;Kirjandusfestival HeadRead;Saated;Jupiter > Video > Saated;https://s.err.ee/photo/crop/2025/10/28/3067482ha205t5.jpg;https://services.err.ee/api/v2/series/getSeriesData?type=video
2026-05-27;1609843381;0;Vampiiride tants;Saated;Jupiter > Video > Saated;https://s.err.ee/photo/crop/2025/10/31/3071214h0d1dt5.jpg;https://services.err.ee/api/v2/series/getSeriesData?type=video
2026-05-27;1609843393;0;Tantsu sünd;Lavastused;Jupiter > Video > Saated > Lavastused;https://s.err.ee/photo/crop/2025/11/06/3078423hedebt5.jpg;https://services.err.ee/api/v2/series/getSeriesData?type=video
2026-05-27;1609843423;0;Moderntants - mis see on?;Saated;Jupiter > Video > Saated;https://s.err.ee/photo/crop/2025/11/13/3086826h2e28t5.jpg;https://services.err.ee/api/v2/series/getSeriesData?type=video
2026-05-27;1609847800;1763150400;Murieli pulm;ETV2 saated;Jupiter > ETV2 saated;https://s.err.ee/photo/crop/2025/11/10/3083301hd5bdt5.jpg;https://services.err.ee/api/v2/series/getSeriesData?type=video
2026-05-27;1609847809;1762891200;Sannapäiv;ETV2 saated;Jupiter > ETV2 saated;https://s.err.ee/photo/crop/2026/03/31/3284169h36e9t5.jpg;https://services.err.ee/api/v2/series/getSeriesData?type=video
2026-05-27;1609847842;0;Korvpalli valikmängud;ETV2 saated;Jupiter > ETV2 saated;https://s.err.ee/photo/crop/2025/11/27/3104247he15dt5.jpg;https://services.err.ee/api/v2/series/getSeriesData?type=video
2026-05-27;1609850230;1764161100;350 korda sündinud;ETV2 saated;Jupiter > ETV2 saated;https://s.err.ee/photo/crop/2025/11/24/3100698h7293t5.jpg;https://services.err.ee/api/v2/series/getSeriesData?type=video
2026-05-27;1609850233;0;Pipi Pikksukk;ETV2 saated;Jupiter > ETV2 saated;https://s.err.ee/photo/crop/2025/11/24/3101256hfeaet5.jpg;https://services.err.ee/api/v2/series/getSeriesData?type=video
2026-05-27;1609850239;1764524100;Teatri vang;ETV2 saated;Jupiter > ETV2 saated;https://s.err.ee/photo/crop/2025/11/27/3104802heb1bt5.jpg;https://services.err.ee/api/v2/series/getSeriesData?type=video
2026-05-27;1609850320;1772357700;Mary Beardiga Rooma keisrite jälgedel;ETV2 saated;Jupiter > ETV2 saated;https://s.err.ee/photo/crop/2025/11/17/3090816h1eedt5.jpg;https://services.err.ee/api/v2/series/getSeriesData?type=video
2026-05-27;1609850335;0;Pompei. Uued avastused;ETV2 saated;Jupiter > ETV2 saated;https://s.err.ee/photo/crop/2025/11/26/3103935h8966t5.jpg;https://services.err.ee/api/v2/series/getSeriesData?type=video
2026-05-27;1609850887;1764102600;Dieppe'i näkid;ETV2 saated;Jupiter > ETV2 saated;https://s.err.ee/photo/crop/2025/11/24/3100176h646ct5.jpg;https://services.err.ee/api/v2/series/getSeriesData?type=video
2026-05-27;1609854403;0;Ilmapilk;Saated;Jupiter > Video > Saated;https://s.err.ee/photo/crop/2025/11/11/3084285hd382t5.jpg;https://services.err.ee/api/v2/series/getSeriesData?type=video
2026-05-27;1609854949;0;Veikko Tääri suusapäevikud;ETV2 saated;Jupiter > ETV2 saated;https://s.err.ee/photo/crop/2025/11/27/3104268h0341t5.jpg;https://services.err.ee/api/v2/series/getSeriesData?type=video
2026-05-27;1609856386;0;Jacques Breli laulud;Kontserdid ja muusika;Jupiter > Video > Saated > Kontserdid ja muusika;https://s.err.ee/photo/crop/2025/11/20/3095868h3342t5.jpg;https://services.err.ee/api/v2/series/getSeriesData?type=video
2026-05-27;1609859926;0;Vanaemalaulud;Saated;Jupiter > Video > Saated;https://s.err.ee/photo/crop/2025/12/08/3118372h69abt5.jpg;https://services.err.ee/api/v2/series/getSeriesData?type=video
2026-05-27;1609859929;0;Ultima Thule Linnahallis;Kontserdid ja muusika;Jupiter > Video > Saated > Kontserdid ja muusika;https://s.err.ee/photo/crop/2025/12/01/3109161h447ct5.jpg;https://services.err.ee/api/v2/series/getSeriesData?type=video
2026-05-27;1609859935;0;Flautissimo;Saated;Jupiter > Video > Saated;https://s.err.ee/photo/crop/2025/12/01/3109221h25fdt5.jpg;https://services.err.ee/api/v2/series/getSeriesData?type=video
2026-05-27;1609860034;0;Metafüüsiline luul. Madis Kõiv;Saated;Jupiter > Video > Saated;https://s.err.ee/photo/crop/2025/12/03/3112488h0aa4t5.jpg;https://services.err.ee/api/v2/series/getSeriesData?type=video
2026-05-27;1609860043;0;Moderntants. Toolimäng. Püha kevad. Exit;Lavastused;Jupiter > Video > Saated > Lavastused;https://s.err.ee/photo/crop/2025/12/08/3118081hcaf0t5.jpg;https://services.err.ee/api/v2/series/getSeriesData?type=video
2026-05-27;1609860046;0;Pooltund Lilian Semperiga;Kontserdid ja muusika;Jupiter > Video > Saated > Kontserdid ja muusika;https://s.err.ee/photo/crop/2025/12/15/3125020hba83t5.jpg;https://services.err.ee/api/v2/series/getSeriesData?type=video
2026-05-27;1609860109;0;Muumimuinasjutt;Lavastused;Jupiter > Video > Saated > Lavastused;https://s.err.ee/photo/crop/2025/11/24/3100557hdb13t5.jpg;https://services.err.ee/api/v2/series/getSeriesData?type=video
2026-05-27;1609860112;0;Nukumäng;Saated;Jupiter > Video > Saated;https://s.err.ee/photo/crop/2025/11/24/3100674hdf70t5.jpg;https://services.err.ee/api/v2/series/getSeriesData?type=video
2026-05-27;1609860154;0;Karjapoiss on kuningas;Lavastused;Jupiter > Video > Saated > Lavastused;https://s.err.ee/photo/crop/2025/11/24/3100629h8d40t5.jpg;https://services.err.ee/api/v2/series/getSeriesData?type=video
2026-05-27;1609864288;1764781200;Ühtekuuluvuskontsert Ajakaja (eesti viipekeeles);ETV2 saated;Jupiter > ETV2 saated;https://s.err.ee/photo/crop/2025/12/01/3110316h7d8at5.jpg;https://services.err.ee/api/v2/series/getSeriesData?type=video
2026-05-27;1609864309;1764871200;Eesti Laul 2026. Start;ETV saated;Jupiter > ETV saated;https://s.err.ee/photo/crop/2025/12/03/3112434he507t5.jpg;https://services.err.ee/api/v2/series/getSeriesData?type=video
2026-05-27;1609864312;1779728400;Anna Pihl sõdurirännakul;ETV saated;Jupiter > ETV saated;https://s.err.ee/photo/crop/2025/12/01/3109158h5258t5.jpg;https://services.err.ee/api/v2/series/getSeriesData?type=video
2026-05-27;1609864315;0;Sõnakalender;ETV2 saated;Jupiter > ETV2 saated;https://s.err.ee/photo/crop/2025/12/01/3109113hc28et5.jpg;https://services.err.ee/api/v2/series/getSeriesData?type=video
2026-05-27;1609866691;1779560400;Röövime panka!;Euroopa kino;Jupiter > Video > Filmid > Euroopa kino;https://s.err.ee/photo/crop/2025/12/04/3114088h1245t5.jpg;https://services.err.ee/api/v2/series/getSeriesData?type=video
2026-05-27;1609866697;0;Pipi ball;Lavastused;Jupiter > Video > Saated > Lavastused;https://s.err.ee/photo/crop/2025/12/22/3134770hb62et5.jpg;https://services.err.ee/api/v2/series/getSeriesData?type=video
2026-05-27;1609866967;0;Palgamõrvar;Krimi;Jupiter > Video > Sarjad > Krimi;https://s.err.ee/photo/crop/2025/12/19/3131464h9814t5.jpg;https://services.err.ee/api/v2/series/getSeriesData?type=video
2026-05-27;1609870294;1778952600;My Way;ETV2 saated;Jupiter > ETV2 saated;https://s.err.ee/photo/crop/2025/12/08/3118387he455t5.jpg;https://services.err.ee/api/v2/series/getSeriesData?type=video
2026-05-27;1609870429;1779215400;Elu läbi Saatse saapa;ETV saated;Jupiter > ETV saated;https://s.err.ee/photo/crop/2025/12/08/3118012h1dact5.jpg;https://services.err.ee/api/v2/series/getSeriesData?type=video
2026-05-27;1609870705;1777661400;Edmond;Komöödia;Jupiter > Video > Filmid > Komöödia;https://s.err.ee/photo/crop/2025/12/08/3118375h9eb5t5.jpg;https://services.err.ee/api/v2/series/getSeriesData?type=video
2026-05-27;1609870744;1775320200;Saint-Tropez' sandarm;Komöödia;Jupiter > Video > Filmid > Komöödia;https://s.err.ee/photo/crop/2026/04/10/3297451heb1at5.jpg;https://services.err.ee/api/v2/series/getSeriesData?type=video
2026-05-27;1609872640;0;Pähklipureja juubelikontsert;Lavastused;Jupiter > Video > Saated > Lavastused;https://s.err.ee/photo/crop/2025/12/09/3119566ha25ft5.jpg;https://services.err.ee/api/v2/series/getSeriesData?type=video
2026-05-27;1609873653;0;Eesti Laul 2026. Etteasted ja muusikavideod;Kontserdid ja muusika;Jupiter > Video > Saated > Kontserdid ja muusika;https://s.err.ee/photo/crop/2026/02/13/3201748hebaet5.jpg;https://services.err.ee/api/v2/series/getSeriesData?type=video
2026-05-27;1609873861;0;Cyrillus Kreek. Kuus vaimulikku rahvalaulu;Kontserdid ja muusika;Jupiter > Video > Saated > Kontserdid ja muusika;https://s.err.ee/photo/crop/2025/12/08/3118411he08ct5.jpg;https://services.err.ee/api/v2/series/getSeriesData?type=video
2026-05-27;1609873864;0;Protsendikunst;ETV2 saated;Jupiter > ETV2 saated;https://s.err.ee/photo/crop/2026/01/19/3158365h037et5.jpg;https://services.err.ee/api/v2/series/getSeriesData?type=video
2026-05-27;1609873888;0;Eesti arhitektide põlvkonnad;Saated;Jupiter > Video > Saated;https://s.err.ee/photo/crop/2025/12/18/3129547hf086t5.jpg;https://services.err.ee/api/v2/series/getSeriesData?type=video
2026-05-27;1609873906;1775044500;Kaie Kõrb;Kultuur;Jupiter > Video > Teemad > Kultuur;https://s.err.ee/photo/crop/2026/03/30/3283881h322ft5.jpg;https://services.err.ee/api/v2/series/getSeriesData?type=video
2026-05-27;1609876070;0;Ükskord elus oli nii...;Dokumentaal;Jupiter > Video > Filmid > Dokumentaal;https://s.err.ee/photo/crop/2025/12/20/3131950h3e80t5.jpg;https://services.err.ee/api/v2/series/getSeriesData?type=video
2026-05-27;1609876343;1766101200;Bussiga;ETV2 saated;Jupiter > ETV2 saated;https://s.err.ee/photo/crop/2025/12/18/3129592hfb4bt5.jpg;https://services.err.ee/api/v2/series/getSeriesData?type=video
2026-05-27;1609876346;1766258400;Optimist. Evald Vain 100;ETV2 saated;Jupiter > ETV2 saated;https://s.err.ee/photo/crop/2025/12/19/3131011h2e3ft5.jpg;https://services.err.ee/api/v2/series/getSeriesData?type=video
2026-05-27;1609876706;1766088000;Jumalik ettehoole;ETV2 saated;Jupiter > ETV2 saated;https://s.err.ee/photo/crop/2025/12/16/3125866h4121t5.jpg;https://services.err.ee/api/v2/series/getSeriesData?type=video
2026-05-27;1609876709;1765908000;Pompei. Uued avastused;ETV2 saated;Jupiter > ETV2 saated;https://s.err.ee/photo/crop/2025/12/15/3125002hdc79t5.jpg;https://services.err.ee/api/v2/series/getSeriesData?type=video
2026-05-27;1609876748;0;Psühho;ETV saated;Jupiter > ETV saated;https://s.err.ee/photo/crop/2025/12/15/3124963h7559t5.jpg;https://services.err.ee/api/v2/series/getSeriesData?type=video
2026-05-27;1609876778;1766147100;Ingerimaale;ETV2 saated;Jupiter > ETV2 saated;https://s.err.ee/photo/crop/2025/12/18/3129625hac56t5.jpg;https://services.err.ee/api/v2/series/getSeriesData?type=video
2026-05-27;1609877672;0;Kui kardad, naerata;Krimi;Jupiter > Video > Sarjad > Krimi;https://s.err.ee/photo/crop/2025/12/15/3124954hd2e8t5.jpg;https://services.err.ee/api/v2/series/getSeriesData?type=video
2026-05-27;1609877783;1773521100;Kodu;Euroopa kino;Jupiter > Video > Filmid > Euroopa kino;https://s.err.ee/photo/crop/2026/02/04/3179465h3d57t5.jpg;https://services.err.ee/api/v2/series/getSeriesData?type=video
2026-05-27;1609879435;0;Eesti Laulu teki all;Saated;Jupiter > Video > Saated;https://s.err.ee/photo/crop/2025/12/15/3125440h1961t5.jpg;https://services.err.ee/api/v2/series/getSeriesData?type=video
2026-05-27;1609880513;1773913500;Legend;Lavastused;Jupiter > Video > Saated > Lavastused;https://s.err.ee/photo/crop/2025/12/09/3120100h836ft5.jpg;https://services.err.ee/api/v2/series/getSeriesData?type=video
2026-05-27;1609880573;0;Pilet;Dokumentaal;Jupiter > Video > Filmid > Dokumentaal;https://s.err.ee/photo/crop/2026/02/04/3179450h3475t5.jpg;https://services.err.ee/api/v2/series/getSeriesData?type=video
2026-05-27;1609881542;1766240400;Tehisaru ja töö;Dokumentaal;Jupiter > Video > Filmid > Dokumentaal;https://s.err.ee/photo/crop/2025/12/19/3130984haf59t5.jpg;https://services.err.ee/api/v2/series/getSeriesData?type=video
2026-05-27;1609881818;1766336700;Maailm linnulennult;Dokumentaal;Jupiter > Video > Filmid > Dokumentaal;https://s.err.ee/photo/crop/2025/12/15/3125092h6689t5.jpg;https://services.err.ee/api/v2/series/getSeriesData?type=video
2026-05-27;1609881821;1775925000;Sandarm New Yorgis;Komöödia;Jupiter > Video > Filmid > Komöödia;https://s.err.ee/photo/crop/2026/04/10/3297448h2855t5.jpg;https://services.err.ee/api/v2/series/getSeriesData?type=video
2026-05-27;1609882415;0;Urmas Sisask Jõuluoratoorium;Kontserdid ja muusika;Jupiter > Video > Saated > Kontserdid ja muusika;https://s.err.ee/photo/crop/2025/12/15/3124732hdf94t5.jpg;https://services.err.ee/api/v2/series/getSeriesData?type=video
2026-05-27;1609882742;0;Igavene tuli. Arne Oidi laululooming;Kontserdid ja muusika;Jupiter > Video > Saated > Kontserdid ja muusika;https://s.err.ee/photo/crop/2025/12/19/3131494h6a15t5.jpg;https://services.err.ee/api/v2/series/getSeriesData?type=video
2026-05-27;1609882778;1769630700;Sal-Saller. See on see, mis paneb elama;ETV saated;Jupiter > ETV saated;https://s.err.ee/photo/crop/2025/12/21/3132784hf172t5.jpg;https://services.err.ee/api/v2/series/getSeriesData?type=video
2026-05-27;1609882799;1766609400;Õhtu rannal. Valter Ojakäär 100;ETV saated;Jupiter > ETV saated;https://s.err.ee/photo/crop/2025/12/22/3133978h873et5.jpg;https://services.err.ee/api/v2/series/getSeriesData?type=video
2026-05-27;1609882802;1766842500;Päikese kuningriigid: poolused;ETV saated;Jupiter > ETV saated;https://s.err.ee/photo/crop/2025/12/22/3134788hf23ct5.jpg;https://services.err.ee/api/v2/series/getSeriesData?type=video
2026-05-27;1609882934;1766523300;Glastonbury 2024;ETV2 saated;Jupiter > ETV2 saated;https://s.err.ee/photo/crop/2025/12/21/3132814h67c4t5.jpg;https://services.err.ee/api/v2/series/getSeriesData?type=video
2026-05-27;1609882937;0;Eesti Televisioon;ETV saated;Jupiter > ETV saated;https://s.err.ee/photo/crop/2026/01/12/3152215h4d52t5.jpg;https://services.err.ee/api/v2/series/getSeriesData?type=video
2026-05-27;1609882949;1766846400;Marju Länik 50 aastat laval. Südame laul;ETV saated;Jupiter > ETV saated;https://s.err.ee/photo/crop/2025/12/21/3132805h747dt5.jpg;https://services.err.ee/api/v2/series/getSeriesData?type=video
2026-05-27;1609882955;1775326200;Head inimesed;ETV saated;Jupiter > ETV saated;https://s.err.ee/photo/crop/2025/12/19/3131434h6868t5.jpg;https://services.err.ee/api/v2/series/getSeriesData?type=video
2026-05-27;1609882967;1770757500;Linnateater. Lõpuks kodus;ETV saated;Jupiter > ETV saated;https://s.err.ee/photo/crop/2025/12/22/3133750he80dt5.jpg;https://services.err.ee/api/v2/series/getSeriesData?type=video
2026-05-27;1609883012;1766584800;Jõuluõhtu jumalateenistus Jõelähtme kirikus;ETV saated;Jupiter > ETV saated;https://s.err.ee/photo/crop/2025/12/22/3133726h646ft5.jpg;https://services.err.ee/api/v2/series/getSeriesData?type=video
2026-05-27;1609883015;1766597400;Jõulud ETVga;ETV2 saated;Jupiter > ETV2 saated;https://s.err.ee/photo/crop/2025/12/22/3133756h67edt5.jpg;https://services.err.ee/api/v2/series/getSeriesData?type=video
2026-05-27;1609883018;0;Spordiaasta tähed 2025;ETV saated;Jupiter > ETV saated;https://s.err.ee/photo/crop/2025/12/22/3134485h7073t5.jpg;https://services.err.ee/api/v2/series/getSeriesData?type=video
2026-05-27;1609883027;1766660400;Esimese jõulupüha jumalateenistus Rakvere Karmeli kirikust;ETV saated;Jupiter > ETV saated;https://s.err.ee/photo/crop/2025/12/22/3134857hd7e2t5.jpg;https://services.err.ee/api/v2/series/getSeriesData?type=video
2026-05-27;1609883033;1766511000;Arvo Pärdi sünnipäev New Yorgis;ETV saated;Jupiter > ETV saated;https://s.err.ee/photo/crop/2025/12/21/3132700h0e48t5.jpg;https://services.err.ee/api/v2/series/getSeriesData?type=video
2026-05-27;1609883036;1776024000;Oasis Wembleyl;ETV2 saated;Jupiter > ETV2 saated;https://s.err.ee/photo/crop/2025/12/22/3134668hfbf4t5.jpg;https://services.err.ee/api/v2/series/getSeriesData?type=video
2026-05-27;1609883057;1766514600;Muhu mustrid ja värvid;ETV saated;Jupiter > ETV saated;https://s.err.ee/photo/crop/2025/12/21/3132769h3672t5.jpg;https://services.err.ee/api/v2/series/getSeriesData?type=video
2026-05-27;1609883078;1771266600;Sõja varjust lavasärasse. Klassikatäht Havryil;ETV saated;Jupiter > ETV saated;https://s.err.ee/photo/crop/2025/12/19/3131452h342ft5.jpg;https://services.err.ee/api/v2/series/getSeriesData?type=video
2026-05-27;1609883084;1766940300;2025 Aktuaalses kaameras;ETV saated;Jupiter > ETV saated;https://s.err.ee/photo/crop/2025/12/22/3134488h13b0t5.jpg;https://services.err.ee/api/v2/series/getSeriesData?type=video
2026-05-27;1609883105;0;Spordiaasta tähed 2025 (eesti viipekeeles);ETV2 saated;Jupiter > ETV2 saated;https://s.err.ee/photo/crop/2025/12/22/3134482h4c32t5.jpg;https://services.err.ee/api/v2/series/getSeriesData?type=video
2026-05-27;1609883117;0;Eesti Laul 2026. Kuulamine;ETV saated;Jupiter > ETV saated;https://s.err.ee/photo/crop/2025/12/22/3134791hac3dt5.jpg;https://services.err.ee/api/v2/series/getSeriesData?type=video
2026-05-27;1609883915;0;Rohelised niidud;ETV saated;Jupiter > ETV saated;https://s.err.ee/photo/crop/2026/03/30/3283890h5cb1t5.jpg;https://services.err.ee/api/v2/series/getSeriesData?type=video
2026-05-27;1609884476;0;Sülita näkku;Dokumentaal;Jupiter > Video > Filmid > Dokumentaal;https://s.err.ee/photo/crop/2025/12/23/3135445h8546t5.jpg;https://services.err.ee/api/v2/series/getSeriesData?type=video
2026-05-27;1609884479;1774779300;Elu õpetaja;Dokumentaal;Jupiter > Video > Filmid > Dokumentaal;https://s.err.ee/photo/crop/2025/12/23/3135385ha0aat5.jpg;https://services.err.ee/api/v2/series/getSeriesData?type=video
2026-05-27;1609884482;1768680900;Luulur;Dokumentaal;Jupiter > Video > Filmid > Dokumentaal;https://s.err.ee/photo/crop/2025/12/23/3135316ha42ct5.jpg;https://services.err.ee/api/v2/series/getSeriesData?type=video
2026-05-27;1609884704;0;Pedajase ruum;Saated;Jupiter > Video > Saated;https://s.err.ee/photo/crop/2026/01/19/3157798h5e2bt5.jpg;https://services.err.ee/api/v2/series/getSeriesData?type=video
2026-05-27;1609886731;0;Jõulutunnel 2025;Saated;Jupiter > Video > Saated;https://s.err.ee/photo/crop/2025/12/22/3134848h2186t5.jpg;https://services.err.ee/api/v2/series/getSeriesData?type=video
2026-05-27;1609887734;1766429100;Pühademuinasjutt;Saated;Jupiter > Video > Saated;https://s.err.ee/photo/crop/2025/12/18/3129688h41d0t5.jpg;https://services.err.ee/api/v2/series/getSeriesData?type=video
2026-05-27;1609887737;1773407700;Oravaemand;Dokumentaal;Jupiter > Video > Filmid > Dokumentaal;https://s.err.ee/photo/crop/2025/12/22/3133714h0bfat5.jpg;https://services.err.ee/api/v2/series/getSeriesData?type=video
2026-05-27;1609887740;1772784600;Gloria Palace läbi sajandi;Dokumentaal;Jupiter > Video > Filmid > Dokumentaal;https://s.err.ee/photo/crop/2025/12/20/3132409h935dt5.jpg;https://services.err.ee/api/v2/series/getSeriesData?type=video
2026-05-27;1609887746;1766599800;Sarah peidik;Dokumentaal;Jupiter > Video > Filmid > Dokumentaal;https://s.err.ee/photo/crop/2025/12/22/3133771h7b84t5.jpg;https://services.err.ee/api/v2/series/getSeriesData?type=video
2026-05-27;1609887788;1776529800;Sandarm võtab naise;Komöödia;Jupiter > Video > Filmid > Komöödia;https://s.err.ee/photo/crop/2026/04/10/3297442h26c0t5.jpg;https://services.err.ee/api/v2/series/getSeriesData?type=video
2026-05-27;1609888925;1767103200;Ainult üks kord aastas;ETV2 saated;Jupiter > ETV2 saated;https://s.err.ee/photo/crop/2025/12/23/3135556h8e6ct5.jpg;https://services.err.ee/api/v2/series/getSeriesData?type=video
2026-05-27;1609888937;1767262500;Viini Filharmoonikute uusaastakontsert 2026;ETV saated;Jupiter > ETV saated;https://s.err.ee/photo/crop/2025/12/24/3136693habb5t5.jpg;https://services.err.ee/api/v2/series/getSeriesData?type=video
2026-05-27;1609888991;1767216300;Telemuna 2025;ETV saated;Jupiter > ETV saated;https://s.err.ee/photo/crop/2025/12/23/3135763h5635t5.jpg;https://services.err.ee/api/v2/series/getSeriesData?type=video
2026-05-27;1609889030;1767224100;Ans. Andur XX – LIVE Sveta Baaris;ETV2 saated;Jupiter > ETV2 saated;https://s.err.ee/photo/crop/2025/12/23/3135805h2f29t5.jpg;https://services.err.ee/api/v2/series/getSeriesData?type=video
2026-05-27;1609889117;1770296400;Kohvipaksult 2026;ETV saated;Jupiter > ETV saated;https://s.err.ee/photo/crop/2025/12/24/3136714h96c2t5.jpg;https://services.err.ee/api/v2/series/getSeriesData?type=video
2026-05-27;1609889132;1767301500;Sven Lõhmus. 30 aastat hitte;ETV saated;Jupiter > ETV saated;https://s.err.ee/photo/crop/2025/12/23/3135784h9ea4t5.jpg;https://services.err.ee/api/v2/series/getSeriesData?type=video
2026-05-27;1609889159;1767443700;10 aastat kunstiresidentuuri Narvas;ETV2 saated;Jupiter > ETV2 saated;https://s.err.ee/photo/crop/2025/12/24/3136831h4386t5.jpg;https://services.err.ee/api/v2/series/getSeriesData?type=video
2026-05-27;1609889180;1767202200;Suur aastalõpuviktoriin 2025;ETV2 saated;Jupiter > ETV2 saated;https://s.err.ee/photo/crop/2025/12/23/3135703h543dt5.jpg;https://services.err.ee/api/v2/series/getSeriesData?type=video
2026-05-27;1609889192;1767123000;Intervjuu president Alar Karisega;ETV saated;Jupiter > ETV saated;https://s.err.ee/photo/crop/2025/12/23/3135568h0463t5.jpg;https://services.err.ee/api/v2/series/getSeriesData?type=video
2026-05-27;1609889201;1767283200;Eesti Kontserdi ja Rémy Martin'i uusaastakontsert;ETV saated;Jupiter > ETV saated;https://s.err.ee/photo/crop/2025/12/24/3136696he3f0t5.jpg;https://services.err.ee/api/v2/series/getSeriesData?type=video
2026-05-27;1609889210;1767204900;R2 Aastahitt 2025;ETV2 saated;Jupiter > ETV2 saated;https://s.err.ee/photo/crop/2025/12/23/3135733hbc73t5.jpg;https://services.err.ee/api/v2/series/getSeriesData?type=video
2026-05-27;1609889213;1767123000;Intervjuu president Alar Karisega (eesti viipekeeles);ETV2 saated;Jupiter > ETV2 saated;https://s.err.ee/photo/crop/2025/12/23/3135571h0d5ft5.jpg;https://services.err.ee/api/v2/series/getSeriesData?type=video
2026-05-27;1609889219;1772306700;Huumoriklubi esitleb: Jan Uuspõllu röst;ETV saated;Jupiter > ETV saated;https://s.err.ee/photo/crop/2025/12/19/3131602h3ee7t5.jpg;https://services.err.ee/api/v2/series/getSeriesData?type=video
2026-05-27;1609889225;1767217800;Eesti Vabariigi presidendi uusaastatervitus;ETV saated;Jupiter > ETV saated;https://s.err.ee/photo/crop/2025/12/23/3135766h84e5t5.jpg;https://services.err.ee/api/v2/series/getSeriesData?type=video
2026-05-27;1609889231;1767202200;Ann Vaida stand-up. Aasta kokkuvõte;ETV2 saated;Jupiter > ETV2 saated;https://s.err.ee/photo/crop/2025/12/23/3135727hd3eet5.jpg;https://services.err.ee/api/v2/series/getSeriesData?type=video
2026-05-27;1609889234;1767217800;Eesti Vabariigi presidendi uusaastatervitus (eesti viipekeeles);ETV2 saated;Jupiter > ETV2 saated;https://s.err.ee/photo/crop/2025/12/23/3135769hca3ct5.jpg;https://services.err.ee/api/v2/series/getSeriesData?type=video
2026-05-27;1609889237;1767294600;Riigikogu esimehe uusaastatervitus;ETV saated;Jupiter > ETV saated;https://s.err.ee/photo/crop/2025/12/24/3136708h5feft5.jpg;https://services.err.ee/api/v2/series/getSeriesData?type=video
2026-05-27;1609889243;1767288600;Riigikogu esimehe uusaastatervitus (eesti viipekeeles);ETV2 saated;Jupiter > ETV2 saated;https://s.err.ee/photo/crop/2025/12/24/3136702hc862t5.jpg;https://services.err.ee/api/v2/series/getSeriesData?type=video
2026-05-27;1609889252;1767218700;Sven Lõhmus. 30 aastat hitte. Lava taga;ETV saated;Jupiter > ETV saated;https://s.err.ee/photo/crop/2025/12/23/3135583h7773t5.jpg;https://services.err.ee/api/v2/series/getSeriesData?type=video
2026-05-27;1609889255;1770198300;Variparadiis;ETV saated;Jupiter > ETV saated;https://s.err.ee/photo/crop/2025/12/23/3135502hb287t5.jpg;https://services.err.ee/api/v2/series/getSeriesData?type=video
2026-05-27;1609889285;0;Kõik patud;Krimi;Jupiter > Video > Sarjad > Krimi;https://s.err.ee/photo/crop/2026/03/16/3261059hb6a0t5.jpg;https://services.err.ee/api/v2/series/getSeriesData?type=video
2026-05-27;1609889306;0;Harald ja Sonja;Draama;Jupiter > Video > Sarjad > Draama;https://s.err.ee/photo/crop/2026/02/26/3230702haadet5.jpg;https://services.err.ee/api/v2/series/getSeriesData?type=video
2026-05-27;1609889336;0;Kadumiste kolmnurk;Krimi;Jupiter > Video > Sarjad > Krimi;https://s.err.ee/photo/crop/2026/03/25/3275427h0b7ft5.jpg;https://services.err.ee/api/v2/series/getSeriesData?type=video
2026-05-27;1609889357;0;Kokkutulek;Krimi;Jupiter > Video > Sarjad > Krimi;https://s.err.ee/photo/crop/2026/02/09/3192542h55b8t5.jpg;https://services.err.ee/api/v2/series/getSeriesData?type=video
2026-05-27;1609890218;1767961500;August Gailit;ETV2 saated;Jupiter > ETV2 saated;https://s.err.ee/photo/crop/2026/01/06/3146371h5e74t5.png;https://services.err.ee/api/v2/series/getSeriesData?type=video
2026-05-27;1609890221;1768159500;Vaarao sõjavägi;ETV2 saated;Jupiter > ETV2 saated;https://s.err.ee/photo/crop/2026/01/07/3146998hc4d6t5.png;https://services.err.ee/api/v2/series/getSeriesData?type=video
2026-05-27;1609890314;1768076400;Kuni päikesetõusuni;ETV saated;Jupiter > ETV saated;https://s.err.ee/photo/crop/2026/01/06/3146485hf5c9t5.png;https://services.err.ee/api/v2/series/getSeriesData?type=video
2026-05-27;1609890566;1773515700;Oliüks Henno;ETV saated;Jupiter > ETV saated;https://s.err.ee/photo/crop/2026/01/06/3146356h22cbt5.png;https://services.err.ee/api/v2/series/getSeriesData?type=video
2026-05-27;1609890881;0;Issi on näärivana;Draama;Jupiter > Video > Sarjad > Draama;https://s.err.ee/photo/crop/2025/12/24/3136819h7147t5.jpg;https://services.err.ee/api/v2/series/getSeriesData?type=video
2026-05-27;1609890896;0;Pagana pann;Komöödia;Jupiter > Video > Sarjad > Komöödia;https://s.err.ee/photo/crop/2025/12/24/3136810heba3t5.jpg;https://services.err.ee/api/v2/series/getSeriesData?type=video
2026-05-27;1609890914;1769889300;Madonna teekond;Dokumentaal;Jupiter > Video > Filmid > Dokumentaal;https://s.err.ee/photo/crop/2025/12/23/3135511hc9cbt5.jpg;https://services.err.ee/api/v2/series/getSeriesData?type=video
2026-05-27;1609890923;1770575400;Kuldne poiss Franz Klammer;Euroopa kino;Jupiter > Video > Filmid > Euroopa kino;https://s.err.ee/photo/crop/2025/12/24/3136723hcfcct5.jpg;https://services.err.ee/api/v2/series/getSeriesData?type=video
2026-05-27;1609890956;1777739400;Sandarm jääb pensionile;Komöödia;Jupiter > Video > Filmid > Komöödia;https://s.err.ee/photo/crop/2026/04/10/3297457h6d3et5.jpg;https://services.err.ee/api/v2/series/getSeriesData?type=video
2026-05-27;1609891577;1768565400;Aedniku talv;ETV2 saated;Jupiter > ETV2 saated;https://s.err.ee/photo/crop/2026/01/12/3152188hf7e0t5.jpg;https://services.err.ee/api/v2/series/getSeriesData?type=video
2026-05-27;1609891580;0;Jätku leiba!;ETV2 saated;Jupiter > ETV2 saated;https://s.err.ee/photo/crop/2026/01/12/3151465h6dd3t5.jpg;https://services.err.ee/api/v2/series/getSeriesData?type=video
2026-05-27;1609891604;0;Legendide maad;ETV2 saated;Jupiter > ETV2 saated;https://s.err.ee/photo/crop/2026/01/12/3151495ha986t5.jpg;https://services.err.ee/api/v2/series/getSeriesData?type=video
2026-05-27;1609891640;1768334400;Ameerika pastoraal;ETV2 saated;Jupiter > ETV2 saated;https://s.err.ee/photo/crop/2026/01/26/3165491h041dt5.jpg;https://services.err.ee/api/v2/series/getSeriesData?type=video
2026-05-27;1609893650;0;Nukuvalitsus;ETV saated;Jupiter > ETV saated;https://s.err.ee/photo/crop/2025/12/29/3139802h8592t5.jpg;https://services.err.ee/api/v2/series/getSeriesData?type=video
2026-05-27;1609893938;0;Laulame neid laule jälle. Eesti Laul eri;ETV saated;Jupiter > ETV saated;https://s.err.ee/photo/crop/2025/12/30/3141689hf7f9t5.jpg;https://services.err.ee/api/v2/series/getSeriesData?type=video
2026-05-27;1609894372;0;ETV jõulukaardid 2025;Saated;Jupiter > Video > Saated;https://s.err.ee/photo/crop/2025/12/26/3137983ha765t5.jpg;https://services.err.ee/api/v2/series/getSeriesData?type=video
2026-05-27;1609896353;1771705800;Kati – vabadus, mis jääb;Draama;Jupiter > Video > Filmid > Draama;https://s.err.ee/photo/crop/2026/01/06/3146395hd322t5.png;https://services.err.ee/api/v2/series/getSeriesData?type=video
2026-05-27;1609896356;0;Sulle tehti tüng!;Dokumentaal;Jupiter > Video > Filmid > Dokumentaal;https://s.err.ee/photo/crop/2026/01/06/3146419hf3aet5.png;https://services.err.ee/api/v2/series/getSeriesData?type=video
2026-05-27;1609896377;1778344200;Sandarm ja tulnukad;Euroopa kino;Jupiter > Video > Filmid > Euroopa kino;https://s.err.ee/photo/crop/2026/04/10/3297445h0f4et5.jpg;https://services.err.ee/api/v2/series/getSeriesData?type=video
2026-05-27;1609896455;0;Simon Reeve'iga Skandinaavias;Dokumentaal;Jupiter > Video > Filmid > Dokumentaal;https://s.err.ee/photo/crop/2026/01/08/3148273hbdfft5.png;https://services.err.ee/api/v2/series/getSeriesData?type=video
2026-05-27;1609902302;1778949000;Sandarm ja sandarmipreilid;Euroopa kino;Jupiter > Video > Filmid > Euroopa kino;https://s.err.ee/photo/crop/2026/04/10/3297454h7904t5.jpg;https://services.err.ee/api/v2/series/getSeriesData?type=video
2026-05-27;1609904729;1769198400;Häbematu tüdruk;ETV2 saated;Jupiter > ETV2 saated;https://s.err.ee/photo/crop/2026/01/19/3158449hfa90t5.jpg;https://services.err.ee/api/v2/series/getSeriesData?type=video
2026-05-27;1609905074;1768939200;Kaks võõrast vaenujalal;ETV2 saated;Jupiter > ETV2 saated;https://s.err.ee/photo/crop/2026/01/26/3165488he58ft5.jpg;https://services.err.ee/api/v2/series/getSeriesData?type=video
2026-05-27;1609905122;1769951700;Otepää Talveöölaulupidu;ETV saated;Jupiter > ETV saated;https://s.err.ee/photo/crop/2026/01/19/3159238hd62et5.jpg;https://services.err.ee/api/v2/series/getSeriesData?type=video
2026-05-27;1609906223;0;Aafrika suurliigid;Dokumentaal;Jupiter > Video > Filmid > Dokumentaal;https://s.err.ee/photo/crop/2026/01/19/3159148hb384t5.jpg;https://services.err.ee/api/v2/series/getSeriesData?type=video
2026-05-27;1609910248;0;Väärtustades elutööd 2025;Saated;Jupiter > Video > Saated;;https://services.err.ee/api/v2/series/getSeriesData?type=video
2026-05-27;1609911836;1769544000;Aeglaselt põleva maa laulud;ETV2 saated;Jupiter > ETV2 saated;https://s.err.ee/photo/crop/2026/01/26/3165509h5a53t5.jpg;https://services.err.ee/api/v2/series/getSeriesData?type=video
2026-05-27;1609912265;1771331400;Ukuaru muusikamaja avamine;ETV saated;Jupiter > ETV saated;https://s.err.ee/photo/crop/2026/01/26/3165728he661t5.jpg;https://services.err.ee/api/v2/series/getSeriesData?type=video
2026-05-27;1609914692;0;Peakoka auroog;Dokumentaal;Jupiter > Video > Filmid > Dokumentaal;https://s.err.ee/photo/crop/2026/01/26/3165608h1662t5.jpg;https://services.err.ee/api/v2/series/getSeriesData?type=video
2026-05-27;1609914782;1769961900;Ryan Gosling. Täies hiilguses;Dokumentaal;Jupiter > Video > Filmid > Dokumentaal;https://s.err.ee/photo/crop/2026/01/26/3165722h39cft5.jpg;https://services.err.ee/api/v2/series/getSeriesData?type=video
2026-05-27;1609916431;0;Räpane neljas võim;Krimi;Jupiter > Video > Sarjad > Krimi;https://s.err.ee/photo/crop/2026/03/09/3247895h9be3t5.jpg;https://services.err.ee/api/v2/series/getSeriesData?type=video
2026-05-27;1609917406;0;Banksy. Lindprii kunsti tõus;Dokumentaal;Jupiter > Video > Filmid > Dokumentaal;https://s.err.ee/photo/crop/2026/02/10/3196343h9e0ct5.jpg;https://services.err.ee/api/v2/series/getSeriesData?type=video
2026-05-27;1609918831;1770141600;Eesriide taga. Vermeeri saladus;ETV2 saated;Jupiter > ETV2 saated;https://s.err.ee/photo/crop/2026/02/02/3175799h185ft5.jpg;https://services.err.ee/api/v2/series/getSeriesData?type=video
2026-05-27;1609919086;0;OM 2026;ETV2 saated;Jupiter > ETV2 saated;https://s.err.ee/photo/crop/2026/02/03/3177551h204dt5.jpg;https://services.err.ee/api/v2/series/getSeriesData?type=video
2026-05-27;1609919203;1770494400;Taylor;ETV2 saated;Jupiter > ETV2 saated;https://s.err.ee/photo/crop/2026/02/02/3177266h7ed7t5.jpg;https://services.err.ee/api/v2/series/getSeriesData?type=video
2026-05-27;1609922179;1770220800;Kultuurkapitali aastapreemiate gala;ETV2 saated;Jupiter > ETV2 saated;https://s.err.ee/photo/crop/2024/02/09/2251221hee51t5.jpg;https://services.err.ee/api/v2/series/getSeriesData?type=video
2026-05-27;1609922377;1775156400;Uljas hing;Euroopa kino;Jupiter > Video > Filmid > Euroopa kino;https://s.err.ee/photo/crop/2026/03/30/3283521h158bt5.jpg;https://services.err.ee/api/v2/series/getSeriesData?type=video
2026-05-27;1609922392;1776970800;Nõusolek;Draama;Jupiter > Video > Filmid > Draama;https://s.err.ee/photo/crop/2026/03/30/3283428h6e5at5.jpg;https://services.err.ee/api/v2/series/getSeriesData?type=video
2026-05-27;1609922395;1775761200;Noored ja ilusad;Draama;Jupiter > Video > Filmid > Draama;https://s.err.ee/photo/crop/2026/03/30/3283491h3180t5.jpg;https://services.err.ee/api/v2/series/getSeriesData?type=video
2026-05-27;1609923151;1777144800;Uma Thurman, Hollywoodi vaikne sõdalane;Dokumentaal;Jupiter > Video > Filmid > Dokumentaal;https://s.err.ee/photo/crop/2026/02/03/3177428h8b79t5.jpg;https://services.err.ee/api/v2/series/getSeriesData?type=video
2026-05-27;1609925602;0;Taskus hoitud liblikad. Karl Ristikivi;Dokumentaal;Jupiter > Video > Filmid > Dokumentaal;https://s.err.ee/photo/crop/2026/02/02/3175577hee89t5.jpg;https://services.err.ee/api/v2/series/getSeriesData?type=video
2026-05-27;1609925698;0;Lepo Sumera 50;Kontserdid ja muusika;Jupiter > Video > Saated > Kontserdid ja muusika;https://s.err.ee/photo/crop/2026/03/06/3241850h4967t5.jpg;https://services.err.ee/api/v2/series/getSeriesData?type=video
2026-05-27;1609925704;0;Ooperijazz;Kontserdid ja muusika;Jupiter > Video > Saated > Kontserdid ja muusika;https://s.err.ee/photo/crop/2026/02/02/3177233h8bd2t5.jpg;https://services.err.ee/api/v2/series/getSeriesData?type=video
2026-05-27;1609926193;1771155600;Kaalukeelte laulud;ETV2 saated;Jupiter > ETV2 saated;https://s.err.ee/photo/crop/2026/02/09/3193244h25c2t5.jpg;https://services.err.ee/api/v2/series/getSeriesData?type=video
2026-05-27;1609926196;1770803100;Laulud lumes;ETV2 saated;Jupiter > ETV2 saated;https://s.err.ee/photo/crop/2025/01/28/2704292h2a86t5.jpg;https://services.err.ee/api/v2/series/getSeriesData?type=video
2026-05-27;1609926718;1771005600;Eesti Laul 2026. Finaali eel;ETV saated;Jupiter > ETV saated;https://s.err.ee/photo/crop/2026/02/09/3194345hbe0bt5.jpg;https://services.err.ee/api/v2/series/getSeriesData?type=video
2026-05-27;1609926721;0;Eesti laul 2026 (eesti viipekeeles);Kontserdid ja muusika;Jupiter > Video > Saated > Kontserdid ja muusika;https://s.err.ee/photo/crop/2026/02/13/3201670h6c4dt5.jpg;https://services.err.ee/api/v2/series/getSeriesData?type=video
2026-05-27;1609926739;1771008300;Kantaat Linnateatrile;ETV saated;Jupiter > ETV saated;https://s.err.ee/photo/crop/2026/02/09/3194354hf789t5.jpg;https://services.err.ee/api/v2/series/getSeriesData?type=video
2026-05-27;1609931344;0;Olümpiavõitja Ants Antson;Saated;Jupiter > Video > Saated;https://s.err.ee/photo/crop/2026/02/05/3183371hfa33t5.jpg;https://services.err.ee/api/v2/series/getSeriesData?type=video
2026-05-27;1609932409;0;Ilon Wikland;Saated;Jupiter > Video > Saated;https://s.err.ee/photo/crop/2026/02/05/3183614hfe07t5.jpg;https://services.err.ee/api/v2/series/getSeriesData?type=video
2026-05-27;1609932412;0;Ellis;Krimi;Jupiter > Video > Sarjad > Krimi;https://s.err.ee/photo/crop/2026/03/03/3236576h9430t5.jpg;https://services.err.ee/api/v2/series/getSeriesData?type=video
2026-05-27;1609932967;1771272000;Naine, kes võtab vähe ruumi;ETV2 saated;Jupiter > ETV2 saated;https://s.err.ee/photo/crop/2026/02/10/3196244h9365t5.jpg;https://services.err.ee/api/v2/series/getSeriesData?type=video
2026-05-27;1609933117;1771273800;Sõda Ukraina kultuuripärandiga;ETV saated;Jupiter > ETV saated;https://s.err.ee/photo/crop/2026/02/10/3196253h2e8at5.jpg;https://services.err.ee/api/v2/series/getSeriesData?type=video
2026-05-27;1609933462;1771524000;Kultuurkapitali aastapreemiad 2025;ETV saated;Jupiter > ETV saated;https://s.err.ee/photo/crop/2026/02/10/3196313h1194t5.jpg;https://services.err.ee/api/v2/series/getSeriesData?type=video
2026-05-27;1609933471;1771610400;Aasta täht - SADU;ETV saated;Jupiter > ETV saated;https://s.err.ee/photo/crop/2025/12/23/3135754h991et5.jpg;https://services.err.ee/api/v2/series/getSeriesData?type=video
2026-05-27;1609934059;0;Räpane sport - laskesuusatamise skandaal;Dokumentaal;Jupiter > Video > Filmid > Dokumentaal;https://s.err.ee/photo/crop/2026/03/09/3248606he358t5.jpg;https://services.err.ee/api/v2/series/getSeriesData?type=video
2026-05-27;1609935994;1771587000;Intiimne linn;Dokumentaal;Jupiter > Video > Filmid > Dokumentaal;https://s.err.ee/photo/crop/2026/02/10/3196322he2c7t5.jpg;https://services.err.ee/api/v2/series/getSeriesData?type=video
2026-05-27;1609936063;0;Sinu värv;Maailmakino;Jupiter > Video > Filmid > Maailmakino;https://s.err.ee/photo/crop/2026/04/20/3308425h7f5ct5.jpg;https://services.err.ee/api/v2/series/getSeriesData?type=video
2026-05-27;1609938022;0;Bettany Hughesi suur reisituur: Pariisist Rooma;Dokumentaal;Jupiter > Video > Filmid > Dokumentaal;https://s.err.ee/photo/crop/2026/02/19/3215156h5b1bt5.jpg;https://services.err.ee/api/v2/series/getSeriesData?type=video
2026-05-27;1609939048;0;Sisemine lõõm: Reekviem Katia ja Maurice Krafftile;Dokumentaal;Jupiter > Video > Filmid > Dokumentaal;https://s.err.ee/photo/crop/2026/04/20/3308512h2b91t5.jpg;https://services.err.ee/api/v2/series/getSeriesData?type=video
2026-05-27;1609939186;0;Reykjavíki fusioon;Krimi;Jupiter > Video > Sarjad > Krimi;https://s.err.ee/photo/crop/2026/04/20/3311968h8b5at5.jpg;https://services.err.ee/api/v2/series/getSeriesData?type=video
2026-05-27;1609939540;1772196000;Teid aeda viia tõotan ma...;ETV2 saated;Jupiter > ETV2 saated;https://s.err.ee/photo/crop/2026/02/25/3229694h1f38t5.jpg;https://services.err.ee/api/v2/series/getSeriesData?type=video
2026-05-27;1609939543;1772403600;Anne Veski tuledemeres;ETV2 saated;Jupiter > ETV2 saated;https://s.err.ee/photo/crop/2026/02/26/3231401h99b3t5.jpg;https://services.err.ee/api/v2/series/getSeriesData?type=video
2026-05-27;1609939585;0;Surm paradiisis;ETV saated;Jupiter > ETV saated;https://s.err.ee/photo/crop/2026/02/26/3231353haf24t5.jpg;https://services.err.ee/api/v2/series/getSeriesData?type=video
2026-05-27;1609939855;0;Kord olid niidud - Kiidjärve laulud;ETV saated;Jupiter > ETV saated;https://s.err.ee/photo/crop/2026/02/23/3222938hb2e2t5.jpg;https://services.err.ee/api/v2/series/getSeriesData?type=video
2026-05-27;1609939951;1771938000;Eesti tänab 2026. Riiklike teenetemärkide üleandmine;ETV saated;Jupiter > ETV saated;https://s.err.ee/photo/crop/2026/02/23/3222728hfc8at5.jpg;https://services.err.ee/api/v2/series/getSeriesData?type=video
2026-05-27;1609939999;1772392500;Ainus Anne Veski;ETV saated;Jupiter > ETV saated;https://s.err.ee/photo/crop/2026/02/24/3224420h060at5.jpg;https://services.err.ee/api/v2/series/getSeriesData?type=video
2026-05-27;1609940017;1771944000;Aaviku aasta;ETV saated;Jupiter > ETV saated;https://s.err.ee/photo/crop/2026/02/23/3222818h6c7ft5.jpg;https://services.err.ee/api/v2/series/getSeriesData?type=video
2026-05-27;1609940029;1771945800;Eestlased nullist sajani;ETV saated;Jupiter > ETV saated;https://s.err.ee/photo/crop/2026/02/23/3222890h251bt5.jpg;https://services.err.ee/api/v2/series/getSeriesData?type=video
2026-05-27;1609940650;0;Ole mu palve. Siiri Sisask;Kontserdid ja muusika;Jupiter > Video > Saated > Kontserdid ja muusika;https://s.err.ee/photo/crop/2026/02/23/3222668hba9at5.jpg;https://services.err.ee/api/v2/series/getSeriesData?type=video
2026-05-27;1609942765;1772482200;Pimeduse poolt valgustatud;Dokumentaal;Jupiter > Video > Filmid > Dokumentaal;https://s.err.ee/photo/crop/2026/02/23/3222920hd99bt5.jpg;https://services.err.ee/api/v2/series/getSeriesData?type=video
2026-05-27;1609942807;1772217000;Apaatia;Draama;Jupiter > Video > Filmid > Draama;https://s.err.ee/photo/crop/2026/02/25/3230303hd094t5.jpg;https://services.err.ee/api/v2/series/getSeriesData?type=video
2026-05-27;1609942813;1772373300;Mees Riost;Põnevus/seiklus;Jupiter > Video > Filmid > Põnevus/seiklus;https://s.err.ee/photo/crop/2026/02/26/3231236he0d7t5.jpg;https://services.err.ee/api/v2/series/getSeriesData?type=video
2026-05-27;1609942816;1772382000;Natalie Portman, luik, mässaja, ikoon;Dokumentaal;Jupiter > Video > Filmid > Dokumentaal;https://s.err.ee/photo/crop/2026/02/26/3231260hd175t5.jpg;https://services.err.ee/api/v2/series/getSeriesData?type=video
2026-05-27;1609942819;1772303700;Imehea;Euroopa kino;Jupiter > Video > Filmid > Euroopa kino;https://s.err.ee/photo/crop/2026/02/26/3230747h355at5.jpg;https://services.err.ee/api/v2/series/getSeriesData?type=video
2026-05-27;1609944232;1771871400;EV108. Peaministri aastapäevakõne Tartus;ETV saated;Jupiter > ETV saated;https://s.err.ee/photo/crop/2026/02/22/3221822hc497t5.png;https://services.err.ee/api/v2/series/getSeriesData?type=video
2026-05-27;1609944235;1771867800;EV108. Peaministri aastapäevakõne Tartus (eesti viipekeeles);ETV2 saated;Jupiter > ETV2 saated;https://s.err.ee/photo/crop/2026/02/22/3221825hd38dt5.png;https://services.err.ee/api/v2/series/getSeriesData?type=video
2026-05-27;1609944916;0;Ideest oopuseni;Kontserdid ja muusika;Jupiter > Video > Saated > Kontserdid ja muusika;https://s.err.ee/photo/crop/2026/03/06/3241835h6ee1t5.jpg;https://services.err.ee/api/v2/series/getSeriesData?type=video
2026-05-27;1609944937;0;Kolm kaunitari. Nunnatorn, Saunatorn, Kuldjala torn;Saated;Jupiter > Video > Saated;https://s.err.ee/photo/crop/2026/03/16/3261215h585ft5.jpg;https://services.err.ee/api/v2/series/getSeriesData?type=video
2026-05-27;1609946062;1772453700;Oma päikese poole;ETV2 saated;Jupiter > ETV2 saated;https://s.err.ee/photo/crop/2026/03/03/3236246h8bfdt5.jpg;https://services.err.ee/api/v2/series/getSeriesData?type=video
2026-05-27;1609946422;0;MEIE BINGO!;ETV2 saated;Jupiter > ETV2 saated;https://s.err.ee/photo/crop/2026/03/04/3238247hbec4t5.jpg;https://services.err.ee/api/v2/series/getSeriesData?type=video
2026-05-27;1609946506;0;Tee oma tee;ETV saated;Jupiter > ETV saated;https://s.err.ee/photo/crop/2026/03/03/3236636h4c99t5.jpg;https://services.err.ee/api/v2/series/getSeriesData?type=video
2026-05-27;1609946515;0;Terve vaim;ETV saated;Jupiter > ETV saated;https://s.err.ee/photo/crop/2026/03/02/3235418h1eeft5.png;https://services.err.ee/api/v2/series/getSeriesData?type=video
2026-05-27;1609949453;0;EV108;Saated;Jupiter > Video > Saated;https://s.err.ee/photo/crop/2026/02/23/3222671h2a8at5.jpg;https://services.err.ee/api/v2/series/getSeriesData?type=video
2026-05-27;1609950911;0;EV108 (viipekeelse tõlkega);Saated;Jupiter > Video > Saated;https://s.err.ee/photo/crop/2026/02/23/3222677hf0f1t5.jpg;https://services.err.ee/api/v2/series/getSeriesData?type=video
2026-05-27;1609952137;0;Naiste jutud;Saated;Jupiter > Video > Saated;https://s.err.ee/photo/crop/2026/03/03/3236129ha538t5.jpg;https://services.err.ee/api/v2/series/getSeriesData?type=video
2026-05-27;1609952167;0;Naine;Lavastused;Jupiter > Video > Saated > Lavastused;https://s.err.ee/photo/crop/2026/03/03/3236099h7013t5.jpg;https://services.err.ee/api/v2/series/getSeriesData?type=video
2026-05-27;1609952350;1773601200;Võlausaldajad;ETV2 saated;Jupiter > ETV2 saated;https://s.err.ee/photo/crop/2026/03/10/3249491hdca7t5.jpg;https://services.err.ee/api/v2/series/getSeriesData?type=video
2026-05-27;1609952368;1776539700;Tilda Swinton. Soopiiride nihutaja;ETV2 saated;Jupiter > ETV2 saated;https://s.err.ee/photo/crop/2026/04/13/3301039ha91et5.jpg;https://services.err.ee/api/v2/series/getSeriesData?type=video
2026-05-27;1609952404;1773432000;Räägi temaga;ETV2 saated;Jupiter > ETV2 saated;https://s.err.ee/photo/crop/2026/03/09/3248597hea1et5.jpg;https://services.err.ee/api/v2/series/getSeriesData?type=video
2026-05-27;1609952617;1773174600;Päev, mil Island seiskus;ETV2 saated;Jupiter > ETV2 saated;https://s.err.ee/photo/crop/2026/03/09/3247913hcd60t5.jpg;https://services.err.ee/api/v2/series/getSeriesData?type=video
2026-05-27;1609952809;1777653000;AK 70. Maailm Eesti silme läbi;ETV saated;Jupiter > ETV saated;https://s.err.ee/photo/crop/2026/03/10/3249467h9cc2t5.jpg;https://services.err.ee/api/v2/series/getSeriesData?type=video
2026-05-27;1609955536;1779390000;Ingeborg Bachmann – teekond kõrbe;Draama;Jupiter > Video > Filmid > Draama;https://s.err.ee/photo/crop/2026/04/20/3308497h55d0t5.jpg;https://services.err.ee/api/v2/series/getSeriesData?type=video
2026-05-27;1609955539;0;Siin. Praegu. Pärast;Hollywood;Jupiter > Video > Filmid > Hollywood;https://s.err.ee/photo/crop/2026/04/20/3308503h08fet5.jpg;https://services.err.ee/api/v2/series/getSeriesData?type=video
2026-05-27;1609957507;0;Vanaaja seitse maailmaimet;Dokumentaal;Jupiter > Video > Filmid > Dokumentaal;https://s.err.ee/photo/crop/2026/03/09/3248174he4f2t5.jpg;https://services.err.ee/api/v2/series/getSeriesData?type=video
2026-05-27;1609957534;1773583800;Suvi Provence'is;Komöödia;Jupiter > Video > Filmid > Komöödia;https://s.err.ee/photo/crop/2026/03/09/3248141he5edt5.jpg;https://services.err.ee/api/v2/series/getSeriesData?type=video
2026-05-27;1609957897;1777108200;Õmblusmasin;Dokumentaal;Jupiter > Video > Filmid > Dokumentaal;https://s.err.ee/photo/crop/2026/03/31/3284142h7419t5.jpg;https://services.err.ee/api/v2/series/getSeriesData?type=video
2026-05-27;1609959256;1773779400;Kim Novak. Vertiigo;ETV2 saated;Jupiter > ETV2 saated;https://s.err.ee/photo/crop/2026/03/16/3260105h932bt5.jpg;https://services.err.ee/api/v2/series/getSeriesData?type=video
2026-05-27;1609959436;1775251500;Muinsuskaitseameti aastaauhinnad 2025;ETV saated;Jupiter > ETV saated;https://s.err.ee/photo/crop/2026/03/16/3260729h3ccdt5.jpg;https://services.err.ee/api/v2/series/getSeriesData?type=video
2026-05-27;1609959442;1773087000;Iraan Iisraeli vastu: vägikaikavedu;ETV saated;Jupiter > ETV saated;https://s.err.ee/photo/crop/2026/03/09/3247868h797ct5.jpg;https://services.err.ee/api/v2/series/getSeriesData?type=video
2026-05-27;1609962094;0;Major Skovoroda;Komöödia;Jupiter > Video > Sarjad > Komöödia;https://s.err.ee/photo/crop/2026/03/16/3260714h4cd4t5.jpg;https://services.err.ee/api/v2/series/getSeriesData?type=video
2026-05-27;1609962238;1774033200;Saint-Exupéry;Põnevus/seiklus;Jupiter > Video > Filmid > Põnevus/seiklus;https://s.err.ee/photo/crop/2026/03/16/3260225hff2at5.jpg;https://services.err.ee/api/v2/series/getSeriesData?type=video
2026-05-27;1609962262;1774797300;Bruce Willis. Muserdatud kangelane;Dokumentaal;Jupiter > Video > Filmid > Dokumentaal;https://s.err.ee/photo/crop/2026/03/23/3273792h0addt5.jpg;https://services.err.ee/api/v2/series/getSeriesData?type=video
2026-05-27;1609965202;0;See ei ole mõrvamüsteerium;Krimi;Jupiter > Video > Sarjad > Krimi;https://s.err.ee/photo/crop/2026/04/08/3294510h2712t5.jpg;https://services.err.ee/api/v2/series/getSeriesData?type=video
2026-05-27;1609965550;0;Peeter Simm Ameerika mägedel;Saated;Jupiter > Video > Saated;;https://services.err.ee/api/v2/series/getSeriesData?type=video
2026-05-27;1609965613;1774731300;Daniel Brühl;ETV2 saated;Jupiter > ETV2 saated;https://s.err.ee/photo/crop/2026/03/23/3273909h8bd7t5.jpg;https://services.err.ee/api/v2/series/getSeriesData?type=video
2026-05-27;1609966027;0;Eesti teatri auhinnad 2026;ETV saated;Jupiter > ETV saated;https://s.err.ee/photo/crop/2026/03/24/3274866h9b6ct5.jpg;https://services.err.ee/api/v2/series/getSeriesData?type=video
2026-05-27;1609969282;0;Vaikimiskoodeks;Krimi;Jupiter > Video > Sarjad > Krimi;https://s.err.ee/photo/crop/2026/05/11/3574645h9a39t5.jpg;https://services.err.ee/api/v2/series/getSeriesData?type=video
2026-05-27;1609972387;0;Pilvede värvid;ETV2 saated;Jupiter > ETV2 saated;https://s.err.ee/photo/crop/2026/03/24/3274647he0e1t5.jpg;https://services.err.ee/api/v2/series/getSeriesData?type=video
2026-05-27;1609972411;1775329500;Ma olen Heath Ledger;ETV2 saated;Jupiter > ETV2 saated;https://s.err.ee/photo/crop/2026/03/30/3283047h5ef1t5.jpg;https://services.err.ee/api/v2/series/getSeriesData?type=video
2026-05-27;1609972639;1775334600;INXS - Live Baby Live;ETV2 saated;Jupiter > ETV2 saated;https://s.err.ee/photo/crop/2026/03/30/3283182h538et5.jpg;https://services.err.ee/api/v2/series/getSeriesData?type=video
2026-05-27;1609972702;1780075800;Maestro Pauls. Vabas vormis;ETV saated;Jupiter > ETV saated;https://s.err.ee/photo/crop/2026/03/30/3283887ha9b7t5.jpg;https://services.err.ee/api/v2/series/getSeriesData?type=video
2026-05-27;1609972762;1775240400;Unistus Ameerika tuurist;ETV2 saated;Jupiter > ETV2 saated;https://s.err.ee/photo/crop/2026/03/30/3283275h61c6t5.jpg;https://services.err.ee/api/v2/series/getSeriesData?type=video
2026-05-27;1609972774;1774897800;Veto: Maailmarahu suurim hädaoht;ETV saated;Jupiter > ETV saated;https://s.err.ee/photo/crop/2026/03/30/3282840h464dt5.jpg;https://services.err.ee/api/v2/series/getSeriesData?type=video
2026-05-27;1609972783;1775199600;Suur reede. Ristitee Vastseliinas;ETV saated;Jupiter > ETV saated;https://s.err.ee/photo/crop/2026/04/03/3289044hb20at5.jpg;https://services.err.ee/api/v2/series/getSeriesData?type=video
2026-05-27;1609972786;1775380500;Ülestõusmispühade jumalateenistus EKNK Toompea Koguduses;ETV saated;Jupiter > ETV saated;https://s.err.ee/photo/crop/2026/04/02/3288222h5a31t5.jpg;https://services.err.ee/api/v2/series/getSeriesData?type=video
2026-05-27;1609975327;0;Savisaar;Lavastused;Jupiter > Video > Saated > Lavastused;https://s.err.ee/photo/crop/2026/03/27/3278550h2561t5.jpg;https://services.err.ee/api/v2/series/getSeriesData?type=video
2026-05-27;1609976068;1775324100;Gloria!;Euroopa kino;Jupiter > Video > Filmid > Euroopa kino;https://s.err.ee/photo/crop/2026/03/30/3282966hb025t5.jpg;https://services.err.ee/api/v2/series/getSeriesData?type=video
2026-05-27;1609976071;1775200200;Ühe järve lugu;Dokumentaal;Jupiter > Video > Filmid > Dokumentaal;https://s.err.ee/photo/crop/2026/03/30/3283326h03cdt5.jpg;https://services.err.ee/api/v2/series/getSeriesData?type=video
2026-05-27;1609977067;0;Maarja Magdaleena;Lavastused;Jupiter > Video > Saated > Lavastused;https://s.err.ee/photo/crop/2026/03/25/3276048hf241t5.jpg;https://services.err.ee/api/v2/series/getSeriesData?type=video
2026-05-27;1609977070;0;Medeia;Lavastused;Jupiter > Video > Saated > Lavastused;https://s.err.ee/photo/crop/2026/03/25/3275904h2f1ct5.jpg;https://services.err.ee/api/v2/series/getSeriesData?type=video
2026-05-27;1609977088;0;Kratt. Eduard Tubina ballett;Lavastused;Jupiter > Video > Saated > Lavastused;https://s.err.ee/photo/crop/2026/03/25/3276081h455ft5.jpg;https://services.err.ee/api/v2/series/getSeriesData?type=video
2026-05-27;1609977100;0;Kadunud poeg;Lavastused;Jupiter > Video > Saated > Lavastused;https://s.err.ee/photo/crop/2026/03/25/3276114h677et5.jpg;https://services.err.ee/api/v2/series/getSeriesData?type=video
2026-05-27;1609978105;1778009400;Rahvalood;Dokumentaal;Jupiter > Video > Filmid > Dokumentaal;https://s.err.ee/photo/crop/2026/05/04/3482737h9d7et5.jpg;https://services.err.ee/api/v2/series/getSeriesData?type=video
2026-05-27;1609978108;1779219300;Vastutav. Laastatud planeedil äri ajada ei saa;Dokumentaal;Jupiter > Video > Filmid > Dokumentaal;https://s.err.ee/photo/crop/2026/05/04/3482743ha5c9t5.jpg;https://services.err.ee/api/v2/series/getSeriesData?type=video
2026-05-27;1609978414;0;Atentaat;ETV2 saated;Jupiter > ETV2 saated;https://s.err.ee/photo/crop/2026/04/08/3294636h5a15t5.jpg;https://services.err.ee/api/v2/series/getSeriesData?type=video
2026-05-27;1609978420;1775510100;Telelavastus. Lunastus;ETV2 saated;Jupiter > ETV2 saated;https://s.err.ee/photo/crop/2026/04/03/3289005h780ft5.jpg;https://services.err.ee/api/v2/series/getSeriesData?type=video
2026-05-27;1609978453;1775590200;Maailma kaugeim restoran;ETV2 saated;Jupiter > ETV2 saated;https://s.err.ee/photo/crop/2026/04/03/3289032h52act5.jpg;https://services.err.ee/api/v2/series/getSeriesData?type=video
2026-05-27;1609978456;0;Väinad maa ja mere vahel;ETV2 saated;Jupiter > ETV2 saated;https://s.err.ee/photo/crop/2026/04/03/3288975hf777t5.jpg;https://services.err.ee/api/v2/series/getSeriesData?type=video
2026-05-27;1609978561;1775933700;Joaquin Phoenix, tundekunst;ETV2 saated;Jupiter > ETV2 saated;https://s.err.ee/photo/crop/2026/04/07/3293596ha8a4t5.jpg;https://services.err.ee/api/v2/series/getSeriesData?type=video
2026-05-27;1609978702;1775937000;Blur. Parklive;ETV2 saated;Jupiter > ETV2 saated;https://s.err.ee/photo/crop/2026/04/07/3293611haa18t5.jpg;https://services.err.ee/api/v2/series/getSeriesData?type=video
2026-05-27;1609978714;1775935800;Maria Montessori;ETV saated;Jupiter > ETV saated;https://s.err.ee/photo/crop/2026/04/07/3293602h571at5.jpg;https://services.err.ee/api/v2/series/getSeriesData?type=video
2026-05-27;1609978792;0;Milderid Marokos;ETV saated;Jupiter > ETV saated;https://s.err.ee/photo/crop/2026/04/07/3293593ha8b3t5.jpg;https://services.err.ee/api/v2/series/getSeriesData?type=video
2026-05-27;1609978864;1775502600;Iraan, Iisrael ja tuumapomm;ETV saated;Jupiter > ETV saated;https://s.err.ee/photo/crop/2026/04/03/3288987h6270t5.jpg;https://services.err.ee/api/v2/series/getSeriesData?type=video
2026-05-27;1609979725;0;Vürtside võlumaailm;Dokumentaal;Jupiter > Video > Filmid > Dokumentaal;https://s.err.ee/photo/crop/2026/04/07/3293575h32a3t5.jpg;https://services.err.ee/api/v2/series/getSeriesData?type=video
2026-05-27;1609979770;0;Tšornobõli katastroof;Dokumentaal;Jupiter > Video > Filmid > Dokumentaal;https://s.err.ee/photo/crop/2026/04/08/3294720h65d9t5.jpg;https://services.err.ee/api/v2/series/getSeriesData?type=video
2026-05-27;1609984849;0;Filmikunst 100. Viimasest seansist esimeseni;Saated;Jupiter > Video > Saated;https://s.err.ee/photo/crop/2026/04/13/3300904h8788t5.jpg;https://services.err.ee/api/v2/series/getSeriesData?type=video
2026-05-27;1609985044;0;Meie Mats;ETV2 saated;Jupiter > ETV2 saated;https://s.err.ee/photo/crop/2026/04/13/3301237h3407t5.jpg;https://services.err.ee/api/v2/series/getSeriesData?type=video
2026-05-27;1609985362;1776107400;Kanada Trumpi vastu;ETV saated;Jupiter > ETV saated;https://s.err.ee/photo/crop/2026/04/13/3300760hf9d4t5.jpg;https://services.err.ee/api/v2/series/getSeriesData?type=video
2026-05-27;1609988167;1777921200;Kodu on koht, kus ma kunagi olnud ei ole;Dokumentaal;Jupiter > Video > Filmid > Dokumentaal;https://s.err.ee/photo/crop/2026/04/13/3301093h8e0at5.jpg;https://services.err.ee/api/v2/series/getSeriesData?type=video
2026-05-27;1609990977;0;Prisma ja Coopi pressikonverents;Saated;Jupiter > Video > Saated;;https://services.err.ee/api/v2/series/getSeriesData?type=video
2026-05-27;1609991065;1777030200;Film filmist: Kinnunen;ETV2 saated;Jupiter > ETV2 saated;https://s.err.ee/photo/crop/2026/04/20/3345331h78d4t5.jpg;https://services.err.ee/api/v2/series/getSeriesData?type=video
2026-05-27;1609991068;1777228200;Alo elu;ETV2 saated;Jupiter > ETV2 saated;https://s.err.ee/photo/crop/2026/04/20/3345223he404t5.jpg;https://services.err.ee/api/v2/series/getSeriesData?type=video
2026-05-27;1609991083;1776763800;Jack Garfein: vastuvoolu;ETV2 saated;Jupiter > ETV2 saated;https://s.err.ee/photo/crop/2026/04/20/3311962hd29at5.jpg;https://services.err.ee/api/v2/series/getSeriesData?type=video
2026-05-27;1609991434;0;Putini salarelvad;ETV saated;Jupiter > ETV saated;https://s.err.ee/photo/crop/2026/04/20/3308890h79b9t5.jpg;https://services.err.ee/api/v2/series/getSeriesData?type=video
2026-05-27;1609991455;1776971100;Veteranirock 2026;ETV saated;Jupiter > ETV saated;https://s.err.ee/photo/crop/2026/04/20/3345208h8cf5t5.jpg;https://services.err.ee/api/v2/series/getSeriesData?type=video
2026-05-27;1609992210;0;Adam Richman sööb nagu jalkafänn;Dokumentaal;Jupiter > Video > Filmid > Dokumentaal;https://s.err.ee/photo/crop/2026/04/20/3345292habf3t5.jpg;https://services.err.ee/api/v2/series/getSeriesData?type=video
2026-05-27;1609992282;1778610600;Hernehirmutised;Dokumentaal;Jupiter > Video > Filmid > Dokumentaal;https://s.err.ee/photo/crop/2026/05/04/3482746hc82dt5.jpg;https://services.err.ee/api/v2/series/getSeriesData?type=video
2026-05-27;1609997895;1777728900;Ettevaatust, habras! Brenne'i järved;ETV saated;Jupiter > ETV saated;https://s.err.ee/photo/crop/2026/04/27/3399640hb740t5.jpg;https://services.err.ee/api/v2/series/getSeriesData?type=video
2026-05-27;1609998045;1777750200;Hitleri toidumaitsjad;ETV saated;Jupiter > ETV saated;https://s.err.ee/photo/crop/2026/04/27/3399637h1243t5.jpg;https://services.err.ee/api/v2/series/getSeriesData?type=video
2026-05-27;1609998279;0;Kuninglik skandaal;ETV saated;Jupiter > ETV saated;https://s.err.ee/photo/crop/2026/04/27/3399616hdc29t5.jpg;https://services.err.ee/api/v2/series/getSeriesData?type=video
2026-05-27;1609998303;1777320300;Tšornobõl 22;ETV saated;Jupiter > ETV saated;https://s.err.ee/photo/crop/2026/04/27/3399535h2a93t5.jpg;https://services.err.ee/api/v2/series/getSeriesData?type=video
2026-05-27;1609999173;1777617900;Liblikad: looduse superkangelased;Dokumentaal;Jupiter > Video > Filmid > Dokumentaal;https://s.err.ee/photo/crop/2026/04/28/3423832h3333t5.jpg;https://services.err.ee/api/v2/series/getSeriesData?type=video
2026-05-27;1609999176;1777642200;Lenda minuga - lennunduse kuldajastu;Dokumentaal;Jupiter > Video > Filmid > Dokumentaal;https://s.err.ee/photo/crop/2026/04/28/3421567h5eabt5.jpg;https://services.err.ee/api/v2/series/getSeriesData?type=video
2026-05-27;1610001097;0;"Filmisaade ""Jupiter"" – Ahto Vesmes";Saated;Jupiter > Video > Saated;https://s.err.ee/photo/crop/2026/04/20/3308770h30f4t5.jpg;https://services.err.ee/api/v2/series/getSeriesData?type=video
2026-05-27;1610001879;1778335500;Londoni linnaloodus;Dokumentaal;Jupiter > Video > Filmid > Dokumentaal;https://s.err.ee/photo/crop/2026/05/04/3488341hc72at5.jpg;https://services.err.ee/api/v2/series/getSeriesData?type=video
2026-05-27;1610003271;0;Truu naine;ETV2 saated;Jupiter > ETV2 saated;https://s.err.ee/photo/crop/2026/05/04/3498718h8554t5.jpg;https://services.err.ee/api/v2/series/getSeriesData?type=video
2026-05-27;1610003277;1778354100;Kroonu onu;ETV2 saated;Jupiter > ETV2 saated;https://s.err.ee/photo/crop/2026/05/04/3498733h58a6t5.jpg;https://services.err.ee/api/v2/series/getSeriesData?type=video
2026-05-27;1610003280;1777979700;Lendutõus. Ants Laikmaa;ETV2 saated;Jupiter > ETV2 saated;https://s.err.ee/photo/crop/2026/05/04/3483064hab71t5.jpg;https://services.err.ee/api/v2/series/getSeriesData?type=video
2026-05-27;1610003307;1778351700;Emalõvi;ETV saated;Jupiter > ETV saated;https://s.err.ee/photo/crop/2026/05/04/3484651h0d89t5.jpg;https://services.err.ee/api/v2/series/getSeriesData?type=video
2026-05-27;1610003718;1778341500;Euroopa päeva kontsert;ETV saated;Jupiter > ETV saated;https://s.err.ee/photo/crop/2024/05/07/2383320h0b4bt5.jpg;https://services.err.ee/api/v2/series/getSeriesData?type=video
2026-05-27;1610003724;1778955000;Vanilla Ninja. Suhkrust ja terasest;ETV saated;Jupiter > ETV saated;https://s.err.ee/photo/crop/2026/05/04/3484243h2c2et5.jpg;https://services.err.ee/api/v2/series/getSeriesData?type=video
2026-05-27;1610003727;1778400900;Emadepäeva kontsert;ETV saated;Jupiter > ETV saated;https://s.err.ee/photo/crop/2024/05/09/2386356h4579t5.jpg;https://services.err.ee/api/v2/series/getSeriesData?type=video
2026-05-27;1610003730;1777921800;Härra Eikeegi Putini vastu;ETV saated;Jupiter > ETV saated;https://s.err.ee/photo/crop/2026/05/04/3482677h53bbt5.jpg;https://services.err.ee/api/v2/series/getSeriesData?type=video
2026-05-27;1610003736;1778261400;Elisabet Reinsalu. Sõnateatri näitleja elulaval;ETV saated;Jupiter > ETV saated;https://s.err.ee/photo/crop/2026/05/04/3483937hf5a0t5.jpg;https://services.err.ee/api/v2/series/getSeriesData?type=video
2026-05-27;1610004534;1778426700;Mariah Carey. Südikus ja sära;Dokumentaal;Jupiter > Video > Filmid > Dokumentaal;https://s.err.ee/photo/crop/2026/05/04/3498700hfdcat5.jpg;https://services.err.ee/api/v2/series/getSeriesData?type=video
2026-05-27;1610004537;0;Martin Clunesiga Atlandi ookeani saartel;Dokumentaal;Jupiter > Video > Filmid > Dokumentaal;https://s.err.ee/photo/crop/2026/05/04/3498706h5b38t5.jpg;https://services.err.ee/api/v2/series/getSeriesData?type=video
2026-05-27;1610004564;0;Muutuv planeet;Dokumentaal;Jupiter > Video > Filmid > Dokumentaal;https://s.err.ee/photo/crop/2026/05/04/3497584h6190t5.jpg;https://services.err.ee/api/v2/series/getSeriesData?type=video
2026-05-27;1610004570;0;David Attenborough' värvide maailm;Dokumentaal;Jupiter > Video > Filmid > Dokumentaal;https://s.err.ee/photo/crop/2026/05/04/3498133hbf2ct5.jpg;https://services.err.ee/api/v2/series/getSeriesData?type=video
2026-05-27;1610004576;1778263200;Pianist;Draama;Jupiter > Video > Filmid > Draama;https://s.err.ee/photo/crop/2026/05/04/3483583ha23dt5.jpg;https://services.err.ee/api/v2/series/getSeriesData?type=video
2026-05-27;1610010618;1779041100;Everybody! Nädal pärast võitu;ETV saated;Jupiter > ETV saated;https://s.err.ee/photo/crop/2026/05/11/3574060h009at5.jpg;https://services.err.ee/api/v2/series/getSeriesData?type=video
2026-05-27;1610010624;1779047700;Eurovisioonid;ETV2 saated;Jupiter > ETV2 saated;https://s.err.ee/photo/crop/2026/05/11/3574168h325at5.jpg;https://services.err.ee/api/v2/series/getSeriesData?type=video
2026-05-27;1610010630;0;Argentina, äärmuste maa;ETV saated;Jupiter > ETV saated;https://s.err.ee/photo/crop/2026/05/12/3576049hef5bt5.jpg;https://services.err.ee/api/v2/series/getSeriesData?type=video
2026-05-27;1610010636;1778524200;Ja kuningas ütles, kui imeline masin;ETV2 saated;Jupiter > ETV2 saated;https://s.err.ee/photo/crop/2026/05/11/3574123h121ft5.jpg;https://services.err.ee/api/v2/series/getSeriesData?type=video
2026-05-27;1610010639;0;Raudne eesriie. Elu Nõukogude okupatsiooni tingimustes;ETV2 saated;Jupiter > ETV2 saated;https://s.err.ee/photo/crop/2026/05/11/3574219hf7aft5.jpg;https://services.err.ee/api/v2/series/getSeriesData?type=video
2026-05-27;1610010894;1778956500;Kuidas valmistutakse Eurovisiooniks Viinis;ETV saated;Jupiter > ETV saated;https://s.err.ee/photo/crop/2026/05/12/3575929h1ff8t5.jpg;https://services.err.ee/api/v2/series/getSeriesData?type=video
2026-05-27;1610010897;1778958000;Eurovisiooni lauluvõistlus 2026. Finaal (eesti viipekeeles);ETV2 saated;Jupiter > ETV2 saated;https://s.err.ee/photo/crop/2026/05/11/3574402h2e8dt5.jpg;https://services.err.ee/api/v2/series/getSeriesData?type=video
2026-05-27;1610010900;1778526600;Lõhestatud NATO;ETV saated;Jupiter > ETV saated;https://s.err.ee/photo/crop/2026/05/11/3574153h5d52t5.jpg;https://services.err.ee/api/v2/series/getSeriesData?type=video
2026-05-27;1610010903;1778956800;Eesti eurolaulud viipekeeles;ETV2 saated;Jupiter > ETV2 saated;https://s.err.ee/photo/crop/2026/05/12/3575926h04d4t5.jpg;https://services.err.ee/api/v2/series/getSeriesData?type=video
2026-05-27;1610013887;1779823800;Vetikate lummuses;Dokumentaal;Jupiter > Video > Filmid > Dokumentaal;https://s.err.ee/photo/crop/2026/05/04/3482764ha6b8t5.jpg;https://services.err.ee/api/v2/series/getSeriesData?type=video
2026-05-27;1610016995;1779445200;Karu südame jälgedes;ETV2 saated;Jupiter > ETV2 saated;https://s.err.ee/photo/crop/2026/05/18/3586048h5ccdt5.jpg;https://services.err.ee/api/v2/series/getSeriesData?type=video
2026-05-27;1610017118;1779635400;Cheri lugu;ETV2 saated;Jupiter > ETV2 saated;https://s.err.ee/photo/crop/2026/05/18/3585775h8e90t5.jpg;https://services.err.ee/api/v2/series/getSeriesData?type=video
2026-05-27;1610017382;1779476400;28 päeva hiljem;ETV2 saated;Jupiter > ETV2 saated;https://s.err.ee/photo/crop/2026/05/18/3585938h07fet5.jpg;https://services.err.ee/api/v2/series/getSeriesData?type=video
2026-05-27;1610017385;1779130800;KAMP Arhitektid. Mõtteruum;ETV2 saated;Jupiter > ETV2 saated;https://s.err.ee/photo/crop/2026/05/18/3585703hffe6t5.jpg;https://services.err.ee/api/v2/series/getSeriesData?type=video
2026-05-27;1610017400;1779469200;Eesti sõbrad Chicagos;ETV saated;Jupiter > ETV saated;;https://services.err.ee/api/v2/series/getSeriesData?type=video
2026-05-27;1610017403;1780312800;Mõnuste paemurru lugu;ETV2 saated;Jupiter > ETV2 saated;https://s.err.ee/photo/crop/2026/05/18/3585751hc38et5.jpg;https://services.err.ee/api/v2/series/getSeriesData?type=video
2026-05-27;1610017412;1779131400;Põhjaekspress;ETV saated;Jupiter > ETV saated;https://s.err.ee/photo/crop/2026/05/18/3585733h5a82t5.jpg;https://services.err.ee/api/v2/series/getSeriesData?type=video
2026-05-27;1610017421;1779557400;Südamepere;ETV saated;Jupiter > ETV saated;https://s.err.ee/photo/crop/2026/05/18/3585887hc64dt5.jpg;https://services.err.ee/api/v2/series/getSeriesData?type=video
2026-05-27;1610019995;0;Kuidas tehti Eurovisiooni;Saated;Jupiter > Video > Saated;https://s.err.ee/photo/crop/2026/05/11/3574192hbb25t5.jpg;https://services.err.ee/api/v2/series/getSeriesData?type=video
2026-05-27;1610020169;1779563700;Jaanuari kaks palet;Euroopa kino;Jupiter > Video > Filmid > Euroopa kino;https://s.err.ee/photo/crop/2026/05/18/3585832h2866t5.jpg;https://services.err.ee/api/v2/series/getSeriesData?type=video
2026-05-27;1610020172;1779472800;Ämblikmees: Kodust kaugel;Hollywood;Jupiter > Video > Filmid > Hollywood;https://s.err.ee/photo/crop/2026/05/18/3585982h3b1ct5.jpg;https://services.err.ee/api/v2/series/getSeriesData?type=video
2026-05-27;1610021879;0;Eurovisiooni laulud 2026 (eesti viipekeeles);Kontserdid ja muusika;Jupiter > Video > Saated > Kontserdid ja muusika;https://s.err.ee/photo/crop/2026/05/13/3577393hdd16t5.jpg;https://services.err.ee/api/v2/series/getSeriesData?type=video
2026-05-27;1610024015;1779820200;Ekraaniproovid Köler Prize'ile 2026;ETV2 saated;Jupiter > ETV2 saated;https://s.err.ee/photo/crop/2026/05/25/3596143hfe2at5.jpg;https://services.err.ee/api/v2/series/getSeriesData?type=video
2026-05-27;1610024021;1779736200;Kaitsmas Euroopat;ETV saated;Jupiter > ETV saated;https://s.err.ee/photo/crop/2026/05/25/3595489h10f8t5.jpg;https://services.err.ee/api/v2/series/getSeriesData?type=video
2026-05-27;1610024519;0;Eurovisioon 2001 Kopenhaagenis: Lava taga;Saated;Jupiter > Video > Saated;https://s.err.ee/photo/crop/2026/05/16/3582607h0062t5.jpg;https://services.err.ee/api/v2/series/getSeriesData?type=video
2026-05-27;1610024579;0;Con amore;Saated;Jupiter > Video > Saated;https://s.err.ee/photo/crop/2026/05/25/3595534h4907t5.jpg;https://services.err.ee/api/v2/series/getSeriesData?type=video
2026-05-27;1610036588;0;Lydia Auster 70;Saated;Jupiter > Video > Saated;https://s.err.ee/photo/crop/2026/05/25/3596110h1c37t5.jpg;https://services.err.ee/api/v2/series/getSeriesData?type=video
2026-05-27;893808;0;Lutsepa lugu;Saated;Jupiter > Video > Saated;;https://services.err.ee/api/v2/series/getSeriesData?type=video
2026-05-27;895751;1640342100;Jõulutunnel. Kontsert Nigulistes;Pühad ETV-ga;ETV > Pühad ETV-ga;;https://services.err.ee/api/v2/series/getSeriesData?type=video
2026-05-27;896789;0;Meri on, meri jääb. Kihnu Virve;Saated;Jupiter > Video > Saated;;https://services.err.ee/api/v2/series/getSeriesData?type=video
2026-05-27;903403;1548609600;Erakordne tenor. Placido Domingo;Kultuurisaated;ETV > Saated > Kultuur > Kultuurisaated;;https://services.err.ee/api/v2/series/getSeriesData?type=video
2026-05-27;911573;1661151300;Kirjad Islandilt;Dokumentaal;Jupiter > Video > Filmid > Dokumentaal;https://s.err.ee/photo/crop/2021/01/12/887320hbb1bt5.jpg;https://services.err.ee/api/v2/series/getSeriesData?type=video
2026-05-27;924456;1712998800;Tõnu Kõrvits. Lageda laulud;Dokumentaalid;ETV > Dokumentaalid;https://s.err.ee/photo/crop/2024/04/11/2348412hb04at5.jpg;https://services.err.ee/api/v2/series/getSeriesData?type=video
2026-05-27;947234;1749670800;Ivo Linna. Sajandi saarlane;Saated;Jupiter > Video > Saated;https://s.err.ee/photo/crop/2024/06/10/2432372h649ft5.jpg;https://services.err.ee/api/v2/series/getSeriesData?type=video
2026-05-27;949666;1561325400;FIX 50;Kontserdid ja muusika;Jupiter > Video > Saated > Kontserdid ja muusika;;https://services.err.ee/api/v2/series/getSeriesData?type=video
2026-05-27;954150;0;Sündinud tantsule. Kai Leete;Saated;Jupiter > Video > Saated;;https://services.err.ee/api/v2/series/getSeriesData?type=video
2026-05-27;954457;0;Telelavastus. Kala neljale;Lavastused;Jupiter > Video > Saated > Lavastused;https://s.err.ee/photo/crop/2020/06/16/789037hf451t5.jpg;https://services.err.ee/api/v2/series/getSeriesData?type=video
2026-05-27;956281;0;Vanaisa jälgedes. Hendrik Toompere seenior;Saated;Jupiter > Video > Saated;https://s.err.ee/photo/crop/2023/11/06/2138638h347bt5.jpg;https://services.err.ee/api/v2/series/getSeriesData?type=video
2026-05-27;960456;0;Nähtus nimega Evelin;Saated;Jupiter > Video > Saated;;https://services.err.ee/api/v2/series/getSeriesData?type=video
2026-05-27;966814;1740390900;Ma elasin Eesti Vabariigis;Saated;ETV2 > Saated;https://s.err.ee/photo/crop/2025/02/23/2752205h56b8t5.jpg;https://services.err.ee/api/v2/series/getSeriesData?type=video
2026-05-27;970832;1745265900;Jagatud valgus. Dolores Hoffman;Dokumentaal;Jupiter > Video > Filmid > Dokumentaal;https://s.err.ee/photo/crop/2025/04/16/2825615h4878t5.jpg;https://services.err.ee/api/v2/series/getSeriesData?type=video
2026-05-27;979656;1569685500;Eesti Muusika- ja Teatriakadeemia 100. Sajandi saali avapidu;Kultuurisaated;ETV > Saated > Kultuur > Kultuurisaated;;https://services.err.ee/api/v2/series/getSeriesData?type=video
2026-05-27;982063;0;Kohtumine. Siiri Sisask;Saated;Jupiter > Video > Saated;;https://services.err.ee/api/v2/series/getSeriesData?type=video
2026-05-27;997930;0;Rahumeelne revolutsioon. Berliini müüri langemine;Saated;Jupiter > Video > Saated;https://s.err.ee/photo/crop/2020/09/30/823635h0070t5.jpg;https://services.err.ee/api/v2/series/getSeriesData?type=video
